release_path,size_bytes
datasets/data-final/datasets/ch-simsv2s/meta.csv,440396
datasets/data-final/datasets/ch-simsv2s/前2500/a1.xlsx,371336
datasets/data-final/datasets/ch-simsv2s/前2500/a2.xlsx,369380
datasets/data-final/datasets/ch-simsv2s/前2500/a3.xlsx,369525
datasets/data-final/datasets/ch-simsv2s/前2500/analysis_outputs/basic7/analysis_summary.json,2796
datasets/data-final/datasets/ch-simsv2s/前2500/analysis_outputs/basic7/annotated_with_ds.xlsx,193001
datasets/data-final/datasets/ch-simsv2s/前2500/analysis_outputs/basic7/confusion_a1.csv,229
datasets/data-final/datasets/ch-simsv2s/前2500/analysis_outputs/basic7/confusion_a2.csv,229
datasets/data-final/datasets/ch-simsv2s/前2500/analysis_outputs/basic7/confusion_a3.csv,229
datasets/data-final/datasets/ch-simsv2s/前2500/analysis_outputs/goemotion/goemotion_combined.xlsx,170290
datasets/data-final/datasets/ch-simsv2s/前2500/analysis_outputs/goemotion/goemotion_summary.json,4715
datasets/data-final/datasets/ch-simsv2s/前2500/combined_first2499.xlsx,153325
datasets/data-final/datasets/ch-simsv2s/前2500/combined_first2500.xlsx,197008
datasets/data-final/datasets/ch-simsv2s/前2500/confusion_a1.xlsx,5284
datasets/data-final/datasets/ch-simsv2s/前2500/confusion_a2.xlsx,5281
datasets/data-final/datasets/ch-simsv2s/前2500/confusion_a3.xlsx,5281
datasets/data-final/datasets/ch-simsv2s/前2500/回访/video_0002_0035.mp4,2057402
datasets/data-final/datasets/ch-simsv2s/前2500/回访/video_0007_0002.mp4,1062408
datasets/data-final/datasets/ch-simsv2s/前2500/回访/video_0008_0012.mp4,2304412
datasets/data-final/datasets/ch-simsv2s/前2500/回访/video_0009_0023.mp4,1485104
datasets/data-final/datasets/ch-simsv2s/前2500/回访/video_0010_0002.mp4,4034949
datasets/data-final/datasets/ch-simsv2s/前2500/回访/video_0011_0035.mp4,3920846
datasets/data-final/datasets/ch-simsv2s/前2500/回访/video_0013_0016.mp4,1370500
datasets/data-final/datasets/ch-simsv2s/前2500/回访/video_0013_0029.mp4,2963506
datasets/data-final/datasets/ch-simsv2s/前2500/回访/video_0017_0012.mp4,5706344
datasets/data-final/datasets/ch-simsv2s/前2500/回访/video_0024_0010.mp4,5663641
datasets/data-final/datasets/ch-simsv2s/前2500/回访/video_0024_0054.mp4,5891046
datasets/data-final/datasets/ch-simsv2s/前2500/回访/video_0024_0058.mp4,1832325
datasets/data-final/datasets/ch-simsv2s/前2500/回访/video_0025_0036.mp4,1866788
datasets/data-final/datasets/ch-simsv2s/前2500/回访/video_0026_0017.mp4,10746659
datasets/data-final/datasets/ch-simsv2s/前2500/回访/video_0027_0013.mp4,6022467
datasets/data-final/datasets/ch-simsv2s/前2500/回访/video_0031_0018.mp4,2359567
datasets/data-final/datasets/ch-simsv2s/前2500/回访/video_0033_0007.mp4,5424536
datasets/data-final/datasets/ch-simsv2s/前2500/回访/video_0035_0027.mp4,6426599
datasets/data-final/datasets/ch-simsv2s/前2500/回访/video_0038_0003.mp4,3207195
datasets/data-final/datasets/ch-simsv2s/前2500/回访/video_0038_0019.mp4,1506108
datasets/data-final/datasets/ch-simsv2s/前2500/回访/video_0040_0017.mp4,2002514
datasets/data-final/datasets/ch-simsv2s/前2500/回访/video_0041_0008.mp4,7246211
datasets/data-final/datasets/ch-simsv2s/前2500/回访/video_0045_0095.mp4,4672652
datasets/data-final/datasets/ch-simsv2s/前2500/回访/video_0046_0048.mp4,5356494
datasets/data-final/datasets/ch-simsv2s/前2500/回访/video_0046_0050.mp4,5227305
datasets/data-final/datasets/ch-simsv2s/前2500/回访/video_0046_0065.mp4,4732810
datasets/data-final/datasets/ch-simsv2s/前2500/回访/video_0047_0034.mp4,3815321
datasets/data-final/datasets/ch-simsv2s/前2500/回访/video_0049_0005.mp4,1644583
datasets/data-final/datasets/ch-simsv2s/前2500/回访/video_0049_0017.mp4,884948
datasets/data-final/datasets/ch-simsv2s/前2500/回访/video_0051_0025.mp4,4618402
datasets/data-final/datasets/ch-simsv2s/前2500/回访/video_0051_0026.mp4,3355398
datasets/data-final/datasets/ch-simsv2s/前2500/回访/video_0052_0017.mp4,2911213
datasets/data-final/datasets/ch-simsv2s/前2500/回访/video_0053_0029.mp4,4041193
datasets/data-final/datasets/ch-simsv2s/前2500/回访/video_0054_0006.mp4,2677378
datasets/data-final/datasets/ch-simsv2s/前2500/回访/video_0054_0030.mp4,3319795
datasets/data-final/datasets/ch-simsv2s/前2500/回访/video_0054_0031.mp4,7143881
datasets/data-final/datasets/ch-simsv2s/前2500/回访/video_0054_0068.mp4,2456367
datasets/data-final/datasets/ch-simsv2s/前2500/回访/video_0054_0096.mp4,2524265
datasets/data-final/datasets/ch-simsv2s/前2500/回访/video_0054_0108.mp4,4452146
datasets/data-final/datasets/ch-simsv2s/前2500/回访/video_0054_0162.mp4,1850299
datasets/data-final/datasets/ch-simsv2s/前2500/回访/video_0056_0005.mp4,6790308
datasets/data-final/datasets/ch-simsv2s/前2500/回访/video_0056_0037.mp4,4303328
datasets/data-final/datasets/ch-simsv2s/前2500/回访/video_0056_0052.mp4,6346320
datasets/data-final/datasets/ch-simsv2s/前2500/回访/video_0057_0011.mp4,4565050
datasets/data-final/datasets/ch-simsv2s/前2500/回访/video_0060_0038.mp4,1546311
datasets/data-final/datasets/ch-simsv2s/前2500/回访/回访样本.xlsx,10901
datasets/data-final/datasets/ch-simsv2s/后2500/analysis_outputs_after2500/basic7/analysis_summary.json,2804
datasets/data-final/datasets/ch-simsv2s/后2500/analysis_outputs_after2500/basic7/annotated_with_ds.xlsx,156020
datasets/data-final/datasets/ch-simsv2s/后2500/analysis_outputs_after2500/basic7/confusion_cp.csv,235
datasets/data-final/datasets/ch-simsv2s/后2500/analysis_outputs_after2500/basic7/confusion_ljx.csv,217
datasets/data-final/datasets/ch-simsv2s/后2500/analysis_outputs_after2500/basic7/confusion_wqf.csv,223
datasets/data-final/datasets/ch-simsv2s/后2500/analysis_outputs_after2500/goemotion/goemotion_combined.xlsx,173303
datasets/data-final/datasets/ch-simsv2s/后2500/analysis_outputs_after2500/goemotion/goemotion_summary.json,4660
datasets/data-final/datasets/ch-simsv2s/后2500/analysis_outputs_after2500/summary,1945
datasets/data-final/datasets/ch-simsv2s/后2500/chenpengyu.xlsx,369144
datasets/data-final/datasets/ch-simsv2s/后2500/combined_after2500.xlsx,198459
datasets/data-final/datasets/ch-simsv2s/后2500/liangjingxi.xlsx,392959
datasets/data-final/datasets/ch-simsv2s/后2500/wangqifeng.xlsx,366707
datasets/data-final/datasets/newdataset-MELD/标注-3000/analysis_outputs/basic7/meld3000_basic7_high_confidence_ge0.5.xlsx,248561
datasets/data-final/datasets/newdataset-MELD/标注-3000/analysis_outputs/basic7/meld3000_basic7_low_confidence_lt0.5.xlsx,24265
datasets/data-final/datasets/newdataset-MELD/标注-3000/analysis_outputs/goemotion/goemotion_soft_labels_first3000.xlsx,701468
datasets/data-final/datasets/newdataset-MELD/标注-3000/analysis_outputs/goemotion/goemotion_summary_first3000.json,4796
datasets/data-final/datasets/newdataset-MELD/标注-3000/analysis_outputs/goemotion/meld3000_basic_high_confidence_2797.xlsx,649582
datasets/data-final/datasets/newdataset-MELD/标注-3000/analysis_outputs/goemotion/meld3000_basic_low_confidence_203.xlsx,53628
datasets/data-final/datasets/newdataset-MELD/标注-3000/train_sent_emo刘彦秀.xlsx,569796
datasets/data-final/datasets/newdataset-MELD/标注-3000/任芳菲train_sent_emo.xlsx,569226
datasets/data-final/datasets/newdataset-MELD/标注-3000/陈思琪train_sent_emo.xlsx,564774
datasets/data-final/datasets/newdataset-MELD/标注-last-2000/a10.xlsx,669661
datasets/data-final/datasets/newdataset-MELD/标注-last-2000/a11.xlsx,575604
datasets/data-final/datasets/newdataset-MELD/标注-last-2000/a12.xlsx,588303
datasets/data-final/datasets/newdataset-MELD/标注-last-2000/analysis_outputs/basic7/analysis_summary_last2000.json,566
datasets/data-final/datasets/newdataset-MELD/标注-last-2000/analysis_outputs/basic7/annotated_with_ds_last2000.xlsx,534905
datasets/data-final/datasets/newdataset-MELD/标注-last-2000/analysis_outputs/basic7/meld_last2000_basic7_high_confidence_ge0.5.xlsx,168137
datasets/data-final/datasets/newdataset-MELD/标注-last-2000/analysis_outputs/basic7/meld_last2000_basic7_low_confidence_lt0.5.xlsx,8665
datasets/data-final/datasets/newdataset-MELD/标注-last-2000/analysis_outputs/goemotion/goemotion_soft_labels_last2000.xlsx,360813
datasets/data-final/datasets/newdataset-MELD/标注-last-2000/analysis_outputs/goemotion/goemotion_summary_last2000.json,566
datasets/data-final/datasets/newdataset-MELD/标注-last-2000/analysis_outputs/goemotion/meld_last2000_basic_high_confidence_1964.xlsx,524156
datasets/data-final/datasets/newdataset-MELD/标注-last-2000/analysis_outputs/goemotion/meld_last2000_basic_low_confidence_36.xlsx,15636
datasets/data-final/中文/Raw/aqgy3_0001/00000.mp4,1820674
datasets/data-final/中文/Raw/aqgy3_0001/00001.mp4,1685875
datasets/data-final/中文/Raw/aqgy3_0001/00002.mp4,1196605
datasets/data-final/中文/Raw/aqgy3_0001/00003.mp4,1201813
datasets/data-final/中文/Raw/aqgy3_0001/00004.mp4,1264578
datasets/data-final/中文/Raw/aqgy3_0001/00005.mp4,1659627
datasets/data-final/中文/Raw/aqgy3_0001/00006.mp4,338813
datasets/data-final/中文/Raw/aqgy3_0001/00007.mp4,1235079
datasets/data-final/中文/Raw/aqgy3_0001/00009.mp4,1726444
datasets/data-final/中文/Raw/aqgy3_0001/00010.mp4,687284
datasets/data-final/中文/Raw/aqgy3_0001/00011.mp4,822510
datasets/data-final/中文/Raw/aqgy3_0001/00012.mp4,1830606
datasets/data-final/中文/Raw/aqgy3_0001/00013.mp4,3018872
datasets/data-final/中文/Raw/aqgy3_0001/00014.mp4,3115457
datasets/data-final/中文/Raw/aqgy3_0001/00015.mp4,1651465
datasets/data-final/中文/Raw/aqgy3_0001/00016.mp4,1539862
datasets/data-final/中文/Raw/aqgy3_0001/00017.mp4,1128722
datasets/data-final/中文/Raw/aqgy3_0001/00018.mp4,2551736
datasets/data-final/中文/Raw/aqgy3_0001/00019.mp4,775247
datasets/data-final/中文/Raw/aqgy3_0001/00020.mp4,853308
datasets/data-final/中文/Raw/aqgy3_0001/00021.mp4,2021258
datasets/data-final/中文/Raw/aqgy3_0002/00000.mp4,1520341
datasets/data-final/中文/Raw/aqgy3_0002/00001.mp4,1332275
datasets/data-final/中文/Raw/aqgy3_0002/00002.mp4,1416478
datasets/data-final/中文/Raw/aqgy3_0002/00003.mp4,1505888
datasets/data-final/中文/Raw/aqgy3_0002/00004.mp4,1599628
datasets/data-final/中文/Raw/aqgy3_0002/00005.mp4,1056246
datasets/data-final/中文/Raw/aqgy3_0002/00006.mp4,3392073
datasets/data-final/中文/Raw/aqgy3_0002/00007.mp4,2113286
datasets/data-final/中文/Raw/aqgy3_0002/00008.mp4,812192
datasets/data-final/中文/Raw/aqgy3_0002/00009.mp4,589368
datasets/data-final/中文/Raw/aqgy3_0002/00010.mp4,1268131
datasets/data-final/中文/Raw/aqgy3_0002/00011.mp4,1474501
datasets/data-final/中文/Raw/aqgy3_0002/00012.mp4,1352471
datasets/data-final/中文/Raw/aqgy3_0002/00013.mp4,1910491
datasets/data-final/中文/Raw/aqgy3_0002/00014.mp4,2668153
datasets/data-final/中文/Raw/aqgy3_0002/00015.mp4,2548263
datasets/data-final/中文/Raw/aqgy3_0002/00016.mp4,1055039
datasets/data-final/中文/Raw/aqgy3_0002/00017.mp4,1083697
datasets/data-final/中文/Raw/aqgy3_0002/00018.mp4,1015731
datasets/data-final/中文/Raw/aqgy3_0002/00019.mp4,736741
datasets/data-final/中文/Raw/aqgy3_0002/00020.mp4,1186929
datasets/data-final/中文/Raw/aqgy3_0002/00021.mp4,1427836
datasets/data-final/中文/Raw/aqgy3_0002/00022.mp4,2120395
datasets/data-final/中文/Raw/aqgy3_0002/00023.mp4,861268
datasets/data-final/中文/Raw/aqgy3_0002/00024.mp4,1248817
datasets/data-final/中文/Raw/aqgy3_0003/00000.mp4,1068879
datasets/data-final/中文/Raw/aqgy3_0003/00001.mp4,535938
datasets/data-final/中文/Raw/aqgy3_0003/00002.mp4,656237
datasets/data-final/中文/Raw/aqgy3_0003/00003.mp4,906253
datasets/data-final/中文/Raw/aqgy3_0003/00004.mp4,2145139
datasets/data-final/中文/Raw/aqgy3_0003/00005.mp4,1424438
datasets/data-final/中文/Raw/aqgy3_0003/00006.mp4,1520267
datasets/data-final/中文/Raw/aqgy3_0003/00007.mp4,1123890
datasets/data-final/中文/Raw/aqgy3_0003/00008.mp4,1694310
datasets/data-final/中文/Raw/aqgy3_0003/00009.mp4,2466693
datasets/data-final/中文/Raw/aqgy3_0003/00010.mp4,2595254
datasets/data-final/中文/Raw/aqgy3_0003/00011.mp4,4090152
datasets/data-final/中文/Raw/aqgy3_0003/00012.mp4,759238
datasets/data-final/中文/Raw/aqgy3_0003/00013.mp4,2321051
datasets/data-final/中文/Raw/aqgy3_0003/00014.mp4,2120604
datasets/data-final/中文/Raw/aqgy3_0003/00015.mp4,1746683
datasets/data-final/中文/Raw/aqgy3_0003/00016.mp4,1096731
datasets/data-final/中文/Raw/aqgy3_0003/00017.mp4,2036050
datasets/data-final/中文/Raw/aqgy3_0003/00018.mp4,1049887
datasets/data-final/中文/Raw/aqgy3_0003/00019.mp4,902752
datasets/data-final/中文/Raw/aqgy3_0004/00000.mp4,1119787
datasets/data-final/中文/Raw/aqgy3_0004/00001.mp4,410225
datasets/data-final/中文/Raw/aqgy3_0004/00002.mp4,2127631
datasets/data-final/中文/Raw/aqgy3_0004/00003.mp4,1150413
datasets/data-final/中文/Raw/aqgy3_0004/00004.mp4,980040
datasets/data-final/中文/Raw/aqgy3_0004/00005.mp4,437308
datasets/data-final/中文/Raw/aqgy3_0004/00006.mp4,1453761
datasets/data-final/中文/Raw/aqgy3_0004/00007.mp4,649828
datasets/data-final/中文/Raw/aqgy3_0004/00008.mp4,1680905
datasets/data-final/中文/Raw/aqgy3_0004/00009.mp4,1020220
datasets/data-final/中文/Raw/aqgy3_0004/00011.mp4,457926
datasets/data-final/中文/Raw/aqgy3_0004/00012.mp4,2382151
datasets/data-final/中文/Raw/aqgy3_0004/00014.mp4,1048200
datasets/data-final/中文/Raw/aqgy3_0004/00015.mp4,1471886
datasets/data-final/中文/Raw/aqgy3_0004/00016.mp4,1409577
datasets/data-final/中文/Raw/aqgy3_0004/00017.mp4,1260454
datasets/data-final/中文/Raw/aqgy3_0004/00018.mp4,1821345
datasets/data-final/中文/Raw/aqgy3_0004/00019.mp4,1130143
datasets/data-final/中文/Raw/aqgy3_0004/00020.mp4,232763
datasets/data-final/中文/Raw/aqgy3_0004/00021.mp4,919841
datasets/data-final/中文/Raw/aqgy3_0004/00022.mp4,2054471
datasets/data-final/中文/Raw/aqgy3_0004/00023.mp4,1005520
datasets/data-final/中文/Raw/aqgy3_0004/00024.mp4,901215
datasets/data-final/中文/Raw/aqgy3_0004/00025.mp4,1665025
datasets/data-final/中文/Raw/aqgy3_0004/00026.mp4,2236644
datasets/data-final/中文/Raw/aqgy3_0004/00027.mp4,1549502
datasets/data-final/中文/Raw/aqgy3_0004/00028.mp4,1062920
datasets/data-final/中文/Raw/aqgy3_0004/00029.mp4,623090
datasets/data-final/中文/Raw/aqgy3_0004/00030.mp4,204298
datasets/data-final/中文/Raw/aqgy3_0004/00031.mp4,1519399
datasets/data-final/中文/Raw/aqgy3_0005/00000.mp4,764318
datasets/data-final/中文/Raw/aqgy3_0005/00001.mp4,684878
datasets/data-final/中文/Raw/aqgy3_0005/00002.mp4,782563
datasets/data-final/中文/Raw/aqgy3_0005/00003.mp4,429937
datasets/data-final/中文/Raw/aqgy3_0005/00004.mp4,4181970
datasets/data-final/中文/Raw/aqgy3_0005/00005.mp4,485086
datasets/data-final/中文/Raw/aqgy3_0005/00006.mp4,774595
datasets/data-final/中文/Raw/aqgy3_0005/00007.mp4,1441630
datasets/data-final/中文/Raw/aqgy3_0005/00008.mp4,2452407
datasets/data-final/中文/Raw/aqgy3_0005/00009.mp4,2076188
datasets/data-final/中文/Raw/aqgy3_0005/00010.mp4,729564
datasets/data-final/中文/Raw/aqgy3_0005/00011.mp4,730932
datasets/data-final/中文/Raw/aqgy3_0005/00012.mp4,749737
datasets/data-final/中文/Raw/aqgy3_0005/00013.mp4,1595067
datasets/data-final/中文/Raw/aqgy3_0005/00014.mp4,483191
datasets/data-final/中文/Raw/aqgy3_0005/00015.mp4,867764
datasets/data-final/中文/Raw/aqgy3_0005/00016.mp4,1332167
datasets/data-final/中文/Raw/aqgy3_0005/00017.mp4,576573
datasets/data-final/中文/Raw/aqgy3_0005/00018.mp4,3166134
datasets/data-final/中文/Raw/aqgy3_0005/00019.mp4,1333307
datasets/data-final/中文/Raw/aqgy3_0005/00020.mp4,1547559
datasets/data-final/中文/Raw/aqgy3_0005/00021.mp4,803582
datasets/data-final/中文/Raw/aqgy3_0005/00022.mp4,457487
datasets/data-final/中文/Raw/aqgy3_0005/00023.mp4,1032230
datasets/data-final/中文/Raw/aqgy3_0005/00024.mp4,1507396
datasets/data-final/中文/Raw/aqgy3_0005/00025.mp4,3466487
datasets/data-final/中文/Raw/aqgy3_0005/00026.mp4,1484175
datasets/data-final/中文/Raw/aqgy3_0005/00027.mp4,826815
datasets/data-final/中文/Raw/aqgy3_0005/00028.mp4,906289
datasets/data-final/中文/Raw/aqgy3_0005/00029.mp4,888709
datasets/data-final/中文/Raw/aqgy3_0005/00030.mp4,1312133
datasets/data-final/中文/Raw/aqgy3_0005/00031.mp4,788418
datasets/data-final/中文/Raw/aqgy3_0005/00032.mp4,2092771
datasets/data-final/中文/Raw/aqgy3_0005/00033.mp4,2391162
datasets/data-final/中文/Raw/aqgy3_0005/00034.mp4,1995420
datasets/data-final/中文/Raw/aqgy3_0005/00035.mp4,1344578
datasets/data-final/中文/Raw/aqgy3_0005/00036.mp4,251481
datasets/data-final/中文/Raw/aqgy3_0005/00037.mp4,2359267
datasets/data-final/中文/Raw/aqgy3_0005/00038.mp4,1283527
datasets/data-final/中文/Raw/aqgy3_0005/00039.mp4,1182454
datasets/data-final/中文/Raw/aqgy3_0005/00040.mp4,2018899
datasets/data-final/中文/Raw/aqgy3_0005/00041.mp4,422087
datasets/data-final/中文/Raw/aqgy3_0005/00042.mp4,1460518
datasets/data-final/中文/Raw/aqgy3_0005/00043.mp4,910911
datasets/data-final/中文/Raw/aqgy3_0005/00044.mp4,1320015
datasets/data-final/中文/Raw/aqgy3_0005/00045.mp4,963359
datasets/data-final/中文/Raw/aqgy3_0005/00046.mp4,759224
datasets/data-final/中文/Raw/aqgy3_0006/00000.mp4,964708
datasets/data-final/中文/Raw/aqgy3_0006/00001.mp4,747220
datasets/data-final/中文/Raw/aqgy3_0006/00002.mp4,1956503
datasets/data-final/中文/Raw/aqgy3_0006/00003.mp4,1414273
datasets/data-final/中文/Raw/aqgy3_0006/00004.mp4,1649316
datasets/data-final/中文/Raw/aqgy3_0006/00005.mp4,1645813
datasets/data-final/中文/Raw/aqgy3_0006/00006.mp4,785488
datasets/data-final/中文/Raw/aqgy3_0006/00007.mp4,2054057
datasets/data-final/中文/Raw/aqgy3_0006/00008.mp4,2884374
datasets/data-final/中文/Raw/aqgy3_0007/00000.mp4,1021350
datasets/data-final/中文/Raw/aqgy3_0007/00001.mp4,596367
datasets/data-final/中文/Raw/aqgy3_0007/00002.mp4,1752679
datasets/data-final/中文/Raw/aqgy3_0007/00003.mp4,944125
datasets/data-final/中文/Raw/aqgy3_0007/00004.mp4,1763931
datasets/data-final/中文/Raw/aqgy3_0007/00005.mp4,1289751
datasets/data-final/中文/Raw/aqgy3_0007/00006.mp4,1060679
datasets/data-final/中文/Raw/aqgy3_0007/00007.mp4,741994
datasets/data-final/中文/Raw/aqgy3_0007/00008.mp4,344689
datasets/data-final/中文/Raw/aqgy3_0007/00009.mp4,1109594
datasets/data-final/中文/Raw/aqgy3_0007/00010.mp4,604938
datasets/data-final/中文/Raw/aqgy3_0007/00011.mp4,490798
datasets/data-final/中文/Raw/aqgy3_0007/00012.mp4,1514840
datasets/data-final/中文/Raw/aqgy3_0007/00013.mp4,722733
datasets/data-final/中文/Raw/aqgy3_0007/00014.mp4,758532
datasets/data-final/中文/Raw/aqgy3_0007/00015.mp4,1459422
datasets/data-final/中文/Raw/aqgy3_0007/00016.mp4,742084
datasets/data-final/中文/Raw/aqgy3_0008/00000.mp4,1462706
datasets/data-final/中文/Raw/aqgy3_0008/00001.mp4,510986
datasets/data-final/中文/Raw/aqgy3_0008/00002.mp4,1331340
datasets/data-final/中文/Raw/aqgy3_0008/00003.mp4,475838
datasets/data-final/中文/Raw/aqgy3_0008/00004.mp4,1180977
datasets/data-final/中文/Raw/aqgy3_0008/00005.mp4,594461
datasets/data-final/中文/Raw/aqgy3_0008/00006.mp4,306214
datasets/data-final/中文/Raw/aqgy3_0008/00007.mp4,1025752
datasets/data-final/中文/Raw/aqgy3_0008/00008.mp4,699229
datasets/data-final/中文/Raw/aqgy3_0008/00009.mp4,427989
datasets/data-final/中文/Raw/aqgy3_0008/00010.mp4,1173215
datasets/data-final/中文/Raw/aqgy3_0008/00011.mp4,2592361
datasets/data-final/中文/Raw/aqgy3_0008/00012.mp4,1410855
datasets/data-final/中文/Raw/aqgy3_0008/00013.mp4,980943
datasets/data-final/中文/Raw/aqgy3_0008/00014.mp4,566175
datasets/data-final/中文/Raw/aqgy3_0008/00015.mp4,1180587
datasets/data-final/中文/Raw/aqgy4_0001/00000.mp4,3672467
datasets/data-final/中文/Raw/aqgy4_0001/00001.mp4,2802329
datasets/data-final/中文/Raw/aqgy4_0001/00002.mp4,3117699
datasets/data-final/中文/Raw/aqgy4_0001/00003.mp4,1255356
datasets/data-final/中文/Raw/aqgy4_0001/00004.mp4,1989556
datasets/data-final/中文/Raw/aqgy4_0001/00005.mp4,2952998
datasets/data-final/中文/Raw/aqgy4_0001/00006.mp4,1188409
datasets/data-final/中文/Raw/aqgy4_0001/00007.mp4,2357761
datasets/data-final/中文/Raw/aqgy4_0001/00008.mp4,2171506
datasets/data-final/中文/Raw/aqgy4_0001/00009.mp4,2723376
datasets/data-final/中文/Raw/aqgy4_0001/00010.mp4,1953897
datasets/data-final/中文/Raw/aqgy4_0001/00011.mp4,2951173
datasets/data-final/中文/Raw/aqgy4_0001/00012.mp4,3934097
datasets/data-final/中文/Raw/aqgy4_0001/00013.mp4,2525273
datasets/data-final/中文/Raw/aqgy4_0001/00014.mp4,1405357
datasets/data-final/中文/Raw/aqgy4_0001/00015.mp4,2016150
datasets/data-final/中文/Raw/aqgy4_0001/00016.mp4,2152289
datasets/data-final/中文/Raw/aqgy4_0001/00017.mp4,1644348
datasets/data-final/中文/Raw/aqgy4_0001/00018.mp4,2005737
datasets/data-final/中文/Raw/aqgy4_0001/00019.mp4,1836843
datasets/data-final/中文/Raw/aqgy4_0001/00020.mp4,966262
datasets/data-final/中文/Raw/aqgy4_0001/00021.mp4,1253385
datasets/data-final/中文/Raw/aqgy4_0001/00022.mp4,2322717
datasets/data-final/中文/Raw/aqgy4_0001/00023.mp4,2413307
datasets/data-final/中文/Raw/aqgy4_0001/00024.mp4,1989857
datasets/data-final/中文/Raw/aqgy4_0001/00025.mp4,3286421
datasets/data-final/中文/Raw/aqgy4_0001/00026.mp4,2970823
datasets/data-final/中文/Raw/aqgy4_0001/00027.mp4,2100002
datasets/data-final/中文/Raw/aqgy4_0001/00028.mp4,354608
datasets/data-final/中文/Raw/aqgy4_0001/00029.mp4,1357602
datasets/data-final/中文/Raw/aqgy4_0001/00030.mp4,2224749
datasets/data-final/中文/Raw/aqgy4_0001/00031.mp4,820210
datasets/data-final/中文/Raw/aqgy4_0001/00032.mp4,648771
datasets/data-final/中文/Raw/aqgy4_0001/00033.mp4,1045431
datasets/data-final/中文/Raw/aqgy4_0001/00034.mp4,2687114
datasets/data-final/中文/Raw/aqgy4_0001/00035.mp4,1820419
datasets/data-final/中文/Raw/aqgy4_0001/00036.mp4,2000172
datasets/data-final/中文/Raw/aqgy4_0001/00037.mp4,1201454
datasets/data-final/中文/Raw/aqgy4_0001/00038.mp4,1323191
datasets/data-final/中文/Raw/aqgy4_0001/00039.mp4,2006337
datasets/data-final/中文/Raw/aqgy4_0001/00040.mp4,1399971
datasets/data-final/中文/Raw/aqgy4_0001/00041.mp4,1104888
datasets/data-final/中文/Raw/aqgy4_0001/00042.mp4,868562
datasets/data-final/中文/Raw/aqgy4_0001/00043.mp4,845276
datasets/data-final/中文/Raw/aqgy4_0001/00044.mp4,773976
datasets/data-final/中文/Raw/aqgy4_0001/00045.mp4,2637248
datasets/data-final/中文/Raw/aqgy4_0001/00046.mp4,1564905
datasets/data-final/中文/Raw/aqgy4_0001/00047.mp4,2672173
datasets/data-final/中文/Raw/aqgy4_0001/00048.mp4,1965218
datasets/data-final/中文/Raw/aqgy4_0001/00049.mp4,1598727
datasets/data-final/中文/Raw/aqgy4_0001/00050.mp4,1244706
datasets/data-final/中文/Raw/aqgy4_0001/00051.mp4,1481640
datasets/data-final/中文/Raw/aqgy4_0001/00052.mp4,1787925
datasets/data-final/中文/Raw/aqgy4_0001/00053.mp4,1241820
datasets/data-final/中文/Raw/aqgy4_0001/00054.mp4,2680236
datasets/data-final/中文/Raw/aqgy4_0001/00055.mp4,1322174
datasets/data-final/中文/Raw/aqgy4_0001/00056.mp4,806639
datasets/data-final/中文/Raw/aqgy4_0001/00057.mp4,2330390
datasets/data-final/中文/Raw/aqgy4_0001/00058.mp4,689786
datasets/data-final/中文/Raw/aqgy4_0001/00059.mp4,1935582
datasets/data-final/中文/Raw/aqgy4_0001/00060.mp4,1824873
datasets/data-final/中文/Raw/aqgy4_0001/00061.mp4,1810712
datasets/data-final/中文/Raw/aqgy4_0001/00062.mp4,1117609
datasets/data-final/中文/Raw/aqgy4_0001/00063.mp4,1542467
datasets/data-final/中文/Raw/aqgy4_0001/00064.mp4,1084009
datasets/data-final/中文/Raw/aqgy4_0001/00065.mp4,1294853
datasets/data-final/中文/Raw/aqgy4_0001/00066.mp4,457101
datasets/data-final/中文/Raw/aqgy4_0001/00067.mp4,899175
datasets/data-final/中文/Raw/aqgy4_0001/00068.mp4,899878
datasets/data-final/中文/Raw/aqgy4_0001/00069.mp4,1119517
datasets/data-final/中文/Raw/aqgy4_0001/00070.mp4,1045403
datasets/data-final/中文/Raw/aqgy4_0001/00071.mp4,1443295
datasets/data-final/中文/Raw/aqgy4_0001/00072.mp4,320373
datasets/data-final/中文/Raw/aqgy4_0001/00073.mp4,1247966
datasets/data-final/中文/Raw/aqgy4_0002/00000.mp4,778974
datasets/data-final/中文/Raw/aqgy4_0002/00001.mp4,568587
datasets/data-final/中文/Raw/aqgy4_0002/00002.mp4,1156684
datasets/data-final/中文/Raw/aqgy4_0002/00003.mp4,2233715
datasets/data-final/中文/Raw/aqgy4_0002/00004.mp4,2423693
datasets/data-final/中文/Raw/aqgy4_0002/00005.mp4,776076
datasets/data-final/中文/Raw/aqgy4_0002/00006.mp4,2528100
datasets/data-final/中文/Raw/aqgy4_0002/00007.mp4,2509732
datasets/data-final/中文/Raw/aqgy4_0002/00008.mp4,1539573
datasets/data-final/中文/Raw/aqgy4_0002/00009.mp4,2969462
datasets/data-final/中文/Raw/aqgy4_0002/00010.mp4,1814730
datasets/data-final/中文/Raw/aqgy4_0002/00011.mp4,4074674
datasets/data-final/中文/Raw/aqgy4_0002/00012.mp4,1532668
datasets/data-final/中文/Raw/aqgy4_0002/00013.mp4,1109350
datasets/data-final/中文/Raw/aqgy4_0003/00000.mp4,1094964
datasets/data-final/中文/Raw/aqgy4_0003/00001.mp4,353080
datasets/data-final/中文/Raw/aqgy4_0003/00002.mp4,2008679
datasets/data-final/中文/Raw/aqgy4_0003/00003.mp4,2565113
datasets/data-final/中文/Raw/aqgy4_0003/00004.mp4,878743
datasets/data-final/中文/Raw/aqgy4_0003/00005.mp4,1283560
datasets/data-final/中文/Raw/aqgy4_0003/00006.mp4,781094
datasets/data-final/中文/Raw/aqgy4_0003/00007.mp4,1978140
datasets/data-final/中文/Raw/aqgy4_0003/00008.mp4,919811
datasets/data-final/中文/Raw/aqgy4_0003/00009.mp4,1520772
datasets/data-final/中文/Raw/aqgy4_0003/00010.mp4,1188515
datasets/data-final/中文/Raw/aqgy4_0004/00000.mp4,1125474
datasets/data-final/中文/Raw/aqgy4_0004/00001.mp4,1693271
datasets/data-final/中文/Raw/aqgy4_0004/00002.mp4,1569819
datasets/data-final/中文/Raw/aqgy4_0004/00003.mp4,883255
datasets/data-final/中文/Raw/aqgy4_0004/00004.mp4,1125554
datasets/data-final/中文/Raw/aqgy4_0004/00005.mp4,1270422
datasets/data-final/中文/Raw/aqgy4_0004/00006.mp4,1739406
datasets/data-final/中文/Raw/aqgy4_0004/00007.mp4,1087537
datasets/data-final/中文/Raw/aqgy4_0004/00008.mp4,1947463
datasets/data-final/中文/Raw/aqgy4_0004/00009.mp4,2620160
datasets/data-final/中文/Raw/aqgy4_0004/00010.mp4,1885136
datasets/data-final/中文/Raw/aqgy4_0004/00011.mp4,3344340
datasets/data-final/中文/Raw/aqgy4_0004/00012.mp4,1301244
datasets/data-final/中文/Raw/aqgy4_0004/00013.mp4,2021922
datasets/data-final/中文/Raw/aqgy4_0004/00014.mp4,2546057
datasets/data-final/中文/Raw/aqgy4_0004/00015.mp4,2561156
datasets/data-final/中文/Raw/aqgy4_0004/00016.mp4,1202116
datasets/data-final/中文/Raw/aqgy4_0004/00017.mp4,700254
datasets/data-final/中文/Raw/aqgy4_0004/00018.mp4,1820836
datasets/data-final/中文/Raw/aqgy4_0004/00019.mp4,1149563
datasets/data-final/中文/Raw/aqgy4_0004/00020.mp4,4063428
datasets/data-final/中文/Raw/aqgy4_0004/00021.mp4,2371168
datasets/data-final/中文/Raw/aqgy4_0004/00022.mp4,1445886
datasets/data-final/中文/Raw/aqgy4_0004/00023.mp4,2131224
datasets/data-final/中文/Raw/aqgy4_0005/00000.mp4,1500073
datasets/data-final/中文/Raw/aqgy4_0005/00001.mp4,920032
datasets/data-final/中文/Raw/aqgy4_0005/00002.mp4,782409
datasets/data-final/中文/Raw/aqgy4_0005/00003.mp4,810882
datasets/data-final/中文/Raw/aqgy4_0005/00004.mp4,1233718
datasets/data-final/中文/Raw/aqgy4_0005/00005.mp4,2126032
datasets/data-final/中文/Raw/aqgy4_0005/00006.mp4,1686156
datasets/data-final/中文/Raw/aqgy4_0005/00007.mp4,1508498
datasets/data-final/中文/Raw/aqgy4_0005/00008_0.mp4,1220558
datasets/data-final/中文/Raw/aqgy4_0005/00010.mp4,601639
datasets/data-final/中文/Raw/aqgy4_0005/00011_0.mp4,576632
datasets/data-final/中文/Raw/aqgy4_0005/00011_1.mp4,848200
datasets/data-final/中文/Raw/aqgy4_0005/00012_0.mp4,1631399
datasets/data-final/中文/Raw/aqgy4_0005/00015.mp4,1803450
datasets/data-final/中文/Raw/aqgy4_0005/00017.mp4,541958
datasets/data-final/中文/Raw/aqgy4_0005/00019.mp4,895102
datasets/data-final/中文/Raw/aqgy4_0005/00020_1.mp4,624274
datasets/data-final/中文/Raw/aqgy4_0005/00021.mp4,1399169
datasets/data-final/中文/Raw/aqgy4_0005/00024.mp4,1819795
datasets/data-final/中文/Raw/aqgy4_0005/00025.mp4,641338
datasets/data-final/中文/Raw/aqgy4_0005/00026.mp4,443737
datasets/data-final/中文/Raw/aqgy4_0005/00027.mp4,1012000
datasets/data-final/中文/Raw/aqgy4_0005/00028.mp4,604120
datasets/data-final/中文/Raw/aqgy4_0005/00029.mp4,2873286
datasets/data-final/中文/Raw/aqgy4_0005/00030.mp4,1019377
datasets/data-final/中文/Raw/aqgy4_0005/00032.mp4,1507153
datasets/data-final/中文/Raw/aqgy4_0005/00033.mp4,547018
datasets/data-final/中文/Raw/aqgy4_0005/00034.mp4,632340
datasets/data-final/中文/Raw/aqgy4_0005/00036.mp4,625566
datasets/data-final/中文/Raw/aqgy4_0005/00037.mp4,701015
datasets/data-final/中文/Raw/aqgy4_0005/00040.mp4,563382
datasets/data-final/中文/Raw/aqgy4_0005/00042.mp4,2281891
datasets/data-final/中文/Raw/aqgy4_0005/00043.mp4,1800888
datasets/data-final/中文/Raw/aqgy4_0005/00045.mp4,1913994
datasets/data-final/中文/Raw/aqgy4_0005/00046.mp4,681787
datasets/data-final/中文/Raw/aqgy4_0005/00047.mp4,1502185
datasets/data-final/中文/Raw/aqgy4_0005/00048.mp4,1684008
datasets/data-final/中文/Raw/aqgy4_0005/00049.mp4,2395463
datasets/data-final/中文/Raw/aqgy4_0005/00051.mp4,1254112
datasets/data-final/中文/Raw/aqgy4_0005/00052.mp4,1897772
datasets/data-final/中文/Raw/aqgy4_0006/00000.mp4,980708
datasets/data-final/中文/Raw/aqgy4_0006/00001.mp4,1205950
datasets/data-final/中文/Raw/aqgy4_0006/00002.mp4,1240999
datasets/data-final/中文/Raw/aqgy4_0006/00003.mp4,731585
datasets/data-final/中文/Raw/aqgy4_0006/00004.mp4,1155411
datasets/data-final/中文/Raw/aqgy4_0006/00005.mp4,1290671
datasets/data-final/中文/Raw/aqgy4_0006/00006.mp4,1509258
datasets/data-final/中文/Raw/aqgy4_0006/00007.mp4,1291191
datasets/data-final/中文/Raw/aqgy4_0006/00008.mp4,1363162
datasets/data-final/中文/Raw/aqgy4_0006/00009.mp4,2577312
datasets/data-final/中文/Raw/aqgy4_0006/00010.mp4,412651
datasets/data-final/中文/Raw/aqgy4_0006/00011.mp4,1277220
datasets/data-final/中文/Raw/aqgy4_0006/00012.mp4,1665122
datasets/data-final/中文/Raw/aqgy4_0006/00013.mp4,1994965
datasets/data-final/中文/Raw/aqgy4_0006/00014.mp4,2440964
datasets/data-final/中文/Raw/aqgy4_0006/00015.mp4,3777377
datasets/data-final/中文/Raw/aqgy4_0006/00016.mp4,1289340
datasets/data-final/中文/Raw/aqgy4_0006/00017.mp4,2732521
datasets/data-final/中文/Raw/aqgy4_0006/00018.mp4,2521268
datasets/data-final/中文/Raw/aqgy4_0006/00019.mp4,940977
datasets/data-final/中文/Raw/aqgy4_0006/00020.mp4,757051
datasets/data-final/中文/Raw/aqgy4_0006/00021.mp4,789435
datasets/data-final/中文/Raw/aqgy4_0006/00022.mp4,1823834
datasets/data-final/中文/Raw/aqgy4_0007/00000.mp4,928167
datasets/data-final/中文/Raw/aqgy4_0007/00001.mp4,1253412
datasets/data-final/中文/Raw/aqgy4_0007/00002.mp4,1173520
datasets/data-final/中文/Raw/aqgy4_0007/00003.mp4,766583
datasets/data-final/中文/Raw/aqgy4_0007/00004.mp4,1328424
datasets/data-final/中文/Raw/aqgy4_0007/00006.mp4,2492347
datasets/data-final/中文/Raw/aqgy4_0007/00007.mp4,1068177
datasets/data-final/中文/Raw/aqgy4_0007/00008.mp4,867626
datasets/data-final/中文/Raw/aqgy4_0007/00009.mp4,1634906
datasets/data-final/中文/Raw/aqgy4_0007/00010.mp4,1077276
datasets/data-final/中文/Raw/aqgy4_0007/00011.mp4,1013781
datasets/data-final/中文/Raw/aqgy4_0007/00012.mp4,997495
datasets/data-final/中文/Raw/aqgy4_0007/00013.mp4,1311276
datasets/data-final/中文/Raw/aqgy4_0007/00014.mp4,578581
datasets/data-final/中文/Raw/aqgy4_0007/00015.mp4,957926
datasets/data-final/中文/Raw/aqgy4_0007/00016.mp4,1897213
datasets/data-final/中文/Raw/aqgy4_0007/00017.mp4,1118195
datasets/data-final/中文/Raw/aqgy4_0007/00018.mp4,1270407
datasets/data-final/中文/Raw/aqgy4_0007/00020.mp4,2012355
datasets/data-final/中文/Raw/aqgy4_0007/00021.mp4,1781114
datasets/data-final/中文/Raw/aqgy4_0007/00022.mp4,1224731
datasets/data-final/中文/Raw/aqgy4_0007/00023.mp4,790867
datasets/data-final/中文/Raw/aqgy4_0007/00024.mp4,617567
datasets/data-final/中文/Raw/aqgy4_0007/00025.mp4,2167046
datasets/data-final/中文/Raw/aqgy4_0008/00000.mp4,186173
datasets/data-final/中文/Raw/aqgy4_0008/00001.mp4,1272500
datasets/data-final/中文/Raw/aqgy4_0008/00002.mp4,721378
datasets/data-final/中文/Raw/aqgy4_0008/00003.mp4,582120
datasets/data-final/中文/Raw/aqgy4_0008/00004.mp4,2440677
datasets/data-final/中文/Raw/aqgy4_0008/00005.mp4,337949
datasets/data-final/中文/Raw/aqgy4_0008/00006.mp4,730428
datasets/data-final/中文/Raw/aqgy4_0008/00007.mp4,915142
datasets/data-final/中文/Raw/aqgy4_0008/00008.mp4,1356000
datasets/data-final/中文/Raw/aqgy4_0008/00009.mp4,803089
datasets/data-final/中文/Raw/aqgy4_0008/00010.mp4,1431222
datasets/data-final/中文/Raw/aqgy4_0008/00011.mp4,2401272
datasets/data-final/中文/Raw/aqgy4_0008/00012.mp4,1472547
datasets/data-final/中文/Raw/aqgy4_0008/00013.mp4,1167943
datasets/data-final/中文/Raw/aqgy4_0008/00014.mp4,913089
datasets/data-final/中文/Raw/aqgy4_0008/00015.mp4,623994
datasets/data-final/中文/Raw/aqgy4_0008/00016.mp4,604968
datasets/data-final/中文/Raw/aqgy4_0008/00017.mp4,1880441
datasets/data-final/中文/Raw/aqgy4_0008/00018.mp4,809493
datasets/data-final/中文/Raw/aqgy4_0008/00019.mp4,1217216
datasets/data-final/中文/Raw/aqgy4_0008/00020.mp4,1604694
datasets/data-final/中文/Raw/aqgy4_0008/00021.mp4,1082817
datasets/data-final/中文/Raw/aqgy4_0008/00022.mp4,1718208
datasets/data-final/中文/Raw/aqgy4_0008/00023.mp4,1974447
datasets/data-final/中文/Raw/aqgy4_0008/00024.mp4,1567105
datasets/data-final/中文/Raw/aqgy4_0008/00025.mp4,1698749
datasets/data-final/中文/Raw/aqgy4_0008/00026.mp4,2226993
datasets/data-final/中文/Raw/aqgy4_0008/00027.mp4,1145771
datasets/data-final/中文/Raw/aqgy4_0008/00028.mp4,2251739
datasets/data-final/中文/Raw/aqgy4_0008/00029.mp4,740344
datasets/data-final/中文/Raw/aqgy4_0008/00030.mp4,1858545
datasets/data-final/中文/Raw/aqgy4_0008/00031.mp4,735818
datasets/data-final/中文/Raw/aqgy4_0008/00032.mp4,2470925
datasets/data-final/中文/Raw/aqgy4_0008/00033.mp4,283648
datasets/data-final/中文/Raw/aqgy4_0008/00034.mp4,602980
datasets/data-final/中文/Raw/aqgy4_0008/00035.mp4,1920845
datasets/data-final/中文/Raw/aqgy4_0008/00036.mp4,1903015
datasets/data-final/中文/Raw/aqgy4_0008/00037.mp4,659779
datasets/data-final/中文/Raw/aqgy4_0008/00038.mp4,1166664
datasets/data-final/中文/Raw/aqgy4_0008/00039.mp4,616252
datasets/data-final/中文/Raw/aqgy4_0008/00040.mp4,1260121
datasets/data-final/中文/Raw/aqgy4_0008/00041.mp4,1842936
datasets/data-final/中文/Raw/aqgy4_0008/00042.mp4,941927
datasets/data-final/中文/Raw/aqgy4_0008/00043.mp4,1658235
datasets/data-final/中文/Raw/aqgy4_0009/00000.mp4,1455525
datasets/data-final/中文/Raw/aqgy4_0009/00001_0.mp4,980193
datasets/data-final/中文/Raw/aqgy4_0009/00002_0.mp4,986647
datasets/data-final/中文/Raw/aqgy4_0009/00005.mp4,1798648
datasets/data-final/中文/Raw/aqgy4_0009/00006.mp4,1085992
datasets/data-final/中文/Raw/aqgy4_0009/00009.mp4,832256
datasets/data-final/中文/Raw/aqgy4_0009/00010.mp4,780891
datasets/data-final/中文/Raw/aqgy4_0009/00011.mp4,1796598
datasets/data-final/中文/Raw/aqgy4_0009/00012.mp4,1636138
datasets/data-final/中文/Raw/aqgy4_0009/00013.mp4,1619843
datasets/data-final/中文/Raw/aqgy4_0009/00014.mp4,1367156
datasets/data-final/中文/Raw/aqgy4_0009/00015.mp4,589434
datasets/data-final/中文/Raw/aqgy4_0009/00017.mp4,1458191
datasets/data-final/中文/Raw/aqgy4_0009/00019.mp4,921102
datasets/data-final/中文/Raw/aqgy4_0009/00024.mp4,1296893
datasets/data-final/中文/Raw/aqgy4_0009/00025.mp4,996850
datasets/data-final/中文/Raw/aqgy4_0009/000260.mp4,1234467
datasets/data-final/中文/Raw/aqgy4_0009/00029.mp4,643846
datasets/data-final/中文/Raw/aqgy4_0009/00033.mp4,1735336
datasets/data-final/中文/Raw/aqgy4_0009/00034.mp4,462145
datasets/data-final/中文/Raw/aqgy4_0009/00035.mp4,1067503
datasets/data-final/中文/Raw/aqgy4_0009/00036.mp4,1706910
datasets/data-final/中文/Raw/aqgy4_0009/00037.mp4,1169733
datasets/data-final/中文/Raw/aqgy4_0010/00000.mp4,1206668
datasets/data-final/中文/Raw/aqgy4_0010/00001.mp4,799030
datasets/data-final/中文/Raw/aqgy4_0010/00002.mp4,1352240
datasets/data-final/中文/Raw/aqgy4_0010/00003.mp4,599359
datasets/data-final/中文/Raw/aqgy4_0010/00004.mp4,1339990
datasets/data-final/中文/Raw/aqgy4_0010/00005.mp4,2776590
datasets/data-final/中文/Raw/aqgy4_0010/00006.mp4,1330018
datasets/data-final/中文/Raw/aqgy4_0010/00007.mp4,2381113
datasets/data-final/中文/Raw/aqgy4_0010/00008.mp4,1135852
datasets/data-final/中文/Raw/aqgy4_0010/00009.mp4,810376
datasets/data-final/中文/Raw/aqgy4_0010/00010.mp4,1133087
datasets/data-final/中文/Raw/aqgy4_0010/00011.mp4,1873112
datasets/data-final/中文/Raw/aqgy4_0010/00012.mp4,1622851
datasets/data-final/中文/Raw/aqgy4_0010/00013.mp4,558672
datasets/data-final/中文/Raw/aqgy4_0010/00014.mp4,2813056
datasets/data-final/中文/Raw/aqgy4_0010/00015.mp4,1682178
datasets/data-final/中文/Raw/aqgy4_0010/00016.mp4,1258409
datasets/data-final/中文/Raw/aqgy4_0010/00017.mp4,1220045
datasets/data-final/中文/Raw/aqgy4_0010/00018.mp4,3249399
datasets/data-final/中文/Raw/aqgy4_0010/00019.mp4,2261274
datasets/data-final/中文/Raw/aqgy4_0010/00020.mp4,753363
datasets/data-final/中文/Raw/aqgy4_0010/00021.mp4,322519
datasets/data-final/中文/Raw/aqgy4_0010/00022.mp4,1766245
datasets/data-final/中文/Raw/aqgy4_0010/00023.mp4,708381
datasets/data-final/中文/Raw/aqgy4_0010/00024.mp4,1165906
datasets/data-final/中文/Raw/aqgy4_0010/00025.mp4,760127
datasets/data-final/中文/Raw/aqgy4_0010/00026.mp4,1914818
datasets/data-final/中文/Raw/aqgy4_0010/00028.mp4,1504382
datasets/data-final/中文/Raw/aqgy4_0010/00029.mp4,1545248
datasets/data-final/中文/Raw/aqgy4_0010/00030.mp4,801083
datasets/data-final/中文/Raw/aqgy4_0010/00031.mp4,1708099
datasets/data-final/中文/Raw/aqgy4_0010/00032.mp4,725797
datasets/data-final/中文/Raw/aqgy4_0010/00033.mp4,2294657
datasets/data-final/中文/Raw/aqgy4_0010/00034.mp4,1507862
datasets/data-final/中文/Raw/aqgy4_0011/00000.mp4,1422608
datasets/data-final/中文/Raw/aqgy4_0011/00001.mp4,1227376
datasets/data-final/中文/Raw/aqgy4_0011/00002.mp4,1025734
datasets/data-final/中文/Raw/aqgy4_0011/00003.mp4,1685378
datasets/data-final/中文/Raw/aqgy4_0011/00004.mp4,1467774
datasets/data-final/中文/Raw/aqgy4_0011/00005.mp4,580924
datasets/data-final/中文/Raw/aqgy4_0011/00006.mp4,1867806
datasets/data-final/中文/Raw/aqgy4_0011/00007.mp4,1466696
datasets/data-final/中文/Raw/aqgy4_0011/00008.mp4,1433170
datasets/data-final/中文/Raw/aqgy4_0011/00009.mp4,1246050
datasets/data-final/中文/Raw/aqgy4_0011/00010.mp4,2178031
datasets/data-final/中文/Raw/aqgy4_0011/00011.mp4,1230518
datasets/data-final/中文/Raw/aqgy4_0011/00012.mp4,813971
datasets/data-final/中文/Raw/aqgy4_0011/00013.mp4,936093
datasets/data-final/中文/Raw/aqgy4_0011/00014.mp4,729796
datasets/data-final/中文/Raw/aqgy4_0011/00015.mp4,727270
datasets/data-final/中文/Raw/aqgy4_0011/00016.mp4,1144691
datasets/data-final/中文/Raw/aqgy4_0011/00017.mp4,1092998
datasets/data-final/中文/Raw/aqgy4_0011/00018.mp4,2162045
datasets/data-final/中文/Raw/aqgy4_0011/00019.mp4,1035820
datasets/data-final/中文/Raw/aqgy4_0011/00020.mp4,1468942
datasets/data-final/中文/Raw/aqgy4_0011/00021.mp4,962776
datasets/data-final/中文/Raw/aqgy4_0011/00022.mp4,1340882
datasets/data-final/中文/Raw/aqgy4_0011/00023.mp4,1714080
datasets/data-final/中文/Raw/aqgy4_0011/00024.mp4,1973394
datasets/data-final/中文/Raw/aqgy4_0011/00025.mp4,1867511
datasets/data-final/中文/Raw/aqgy4_0011/00026.mp4,886411
datasets/data-final/中文/Raw/aqgy4_0011/00027.mp4,1332585
datasets/data-final/中文/Raw/aqgy4_0012/00000.mp4,2378169
datasets/data-final/中文/Raw/aqgy4_0012/00001.mp4,1742676
datasets/data-final/中文/Raw/aqgy4_0012/00002.mp4,3266945
datasets/data-final/中文/Raw/aqgy4_0012/00003.mp4,2730041
datasets/data-final/中文/Raw/aqgy4_0012/00004.mp4,2224895
datasets/data-final/中文/Raw/aqgy4_0012/00005.mp4,1280605
datasets/data-final/中文/Raw/aqgy4_0012/00006.mp4,4283421
datasets/data-final/中文/Raw/aqgy4_0012/00007.mp4,864053
datasets/data-final/中文/Raw/aqgy4_0012/00008.mp4,2193757
datasets/data-final/中文/Raw/aqgy4_0012/00009.mp4,1003988
datasets/data-final/中文/Raw/aqgy4_0012/00010.mp4,2267763
datasets/data-final/中文/Raw/aqgy4_0012/00011.mp4,4716196
datasets/data-final/中文/Raw/aqgy4_0012/00012.mp4,1651117
datasets/data-final/中文/Raw/aqgy4_0012/00013.mp4,1198716
datasets/data-final/中文/Raw/aqgy4_0012/00014.mp4,1934990
datasets/data-final/中文/Raw/aqgy4_0012/00015.mp4,1833255
datasets/data-final/中文/Raw/aqgy4_0012/00016.mp4,2159624
datasets/data-final/中文/Raw/aqgy4_0012/00017.mp4,1303689
datasets/data-final/中文/Raw/aqgy4_0012/00018.mp4,1331156
datasets/data-final/中文/Raw/aqgy4_0012/00019.mp4,1967503
datasets/data-final/中文/Raw/aqgy4_0012/00020.mp4,1530070
datasets/data-final/中文/Raw/aqgy4_0012/00021.mp4,1091479
datasets/data-final/中文/Raw/aqgy4_0012/00022.mp4,2148170
datasets/data-final/中文/Raw/aqgy4_0012/00023.mp4,1446679
datasets/data-final/中文/Raw/aqgy4_0012/00024.mp4,1077204
datasets/data-final/中文/Raw/aqgy4_0012/00025.mp4,1254396
datasets/data-final/中文/Raw/aqgy4_0012/00026.mp4,1425391
datasets/data-final/中文/Raw/aqgy4_0012/00027.mp4,1540676
datasets/data-final/中文/Raw/aqgy4_0012/00028.mp4,974475
datasets/data-final/中文/Raw/aqgy4_0012/00029.mp4,1854338
datasets/data-final/中文/Raw/aqgy4_0012/00030.mp4,1042919
datasets/data-final/中文/Raw/aqgy4_0012/00031.mp4,2148172
datasets/data-final/中文/Raw/aqgy4_0012/00032.mp4,1508721
datasets/data-final/中文/Raw/aqgy4_0012/00033.mp4,1413471
datasets/data-final/中文/Raw/aqgy4_0012/00034.mp4,1944674
datasets/data-final/中文/Raw/aqgy4_0012/00035.mp4,643017
datasets/data-final/中文/Raw/aqgy4_0012/00036.mp4,744190
datasets/data-final/中文/Raw/aqgy4_0012/00037.mp4,1273397
datasets/data-final/中文/Raw/aqgy4_0012/00038.mp4,535668
datasets/data-final/中文/Raw/aqgy4_0012/00039.mp4,636978
datasets/data-final/中文/Raw/aqgy4_0012/00040.mp4,1335768
datasets/data-final/中文/Raw/aqgy4_0012/00041.mp4,1970070
datasets/data-final/中文/Raw/aqgy4_0012/00042.mp4,1261125
datasets/data-final/中文/Raw/aqgy4_0012/00043.mp4,1515291
datasets/data-final/中文/Raw/aqgy4_0012/00044.mp4,2027852
datasets/data-final/中文/Raw/aqgy4_0012/00045.mp4,3109417
datasets/data-final/中文/Raw/aqgy4_0012/00046.mp4,1535137
datasets/data-final/中文/Raw/aqgy4_0012/00047.mp4,913802
datasets/data-final/中文/Raw/aqgy4_0012/00048.mp4,2464537
datasets/data-final/中文/Raw/aqgy4_0012/00049.mp4,631808
datasets/data-final/中文/Raw/aqgy4_0012/00050.mp4,1474720
datasets/data-final/中文/Raw/aqgy4_0012/00051.mp4,1138290
datasets/data-final/中文/Raw/aqgy4_0012/00052.mp4,1060513
datasets/data-final/中文/Raw/aqgy4_0012/00053.mp4,1053279
datasets/data-final/中文/Raw/aqgy4_0012/00054.mp4,1860448
datasets/data-final/中文/Raw/aqgy4_0012/00055.mp4,1214975
datasets/data-final/中文/Raw/aqgy4_0012/00056.mp4,1557380
datasets/data-final/中文/Raw/aqgy4_0012/00057.mp4,903572
datasets/data-final/中文/Raw/aqgy4_0012/00058.mp4,2127725
datasets/data-final/中文/Raw/aqgy4_0012/00059.mp4,1720068
datasets/data-final/中文/Raw/aqgy4_0012/00060.mp4,498738
datasets/data-final/中文/Raw/aqgy4_0012/00061.mp4,1849634
datasets/data-final/中文/Raw/aqgy4_0012/00062.mp4,2322137
datasets/data-final/中文/Raw/aqgy4_0012/00063.mp4,1735537
datasets/data-final/中文/Raw/aqgy4_0014/00000.mp4,2485730
datasets/data-final/中文/Raw/aqgy4_0014/00001.mp4,1160718
datasets/data-final/中文/Raw/aqgy4_0014/00002.mp4,1067909
datasets/data-final/中文/Raw/aqgy4_0014/00003.mp4,407020
datasets/data-final/中文/Raw/aqgy4_0014/00004.mp4,1204660
datasets/data-final/中文/Raw/aqgy4_0014/00005.mp4,1202983
datasets/data-final/中文/Raw/aqgy4_0014/00006.mp4,1492119
datasets/data-final/中文/Raw/aqgy4_0014/00007.mp4,2176399
datasets/data-final/中文/Raw/aqgy4_0014/00008.mp4,1208618
datasets/data-final/中文/Raw/aqgy4_0014/00009.mp4,1564042
datasets/data-final/中文/Raw/aqgy4_0014/00010.mp4,787959
datasets/data-final/中文/Raw/aqgy4_0014/00011.mp4,2774312
datasets/data-final/中文/Raw/aqgy4_0014/00012.mp4,1470288
datasets/data-final/中文/Raw/aqgy4_0014/00013.mp4,2750217
datasets/data-final/中文/Raw/aqgy4_0014/00014.mp4,1331500
datasets/data-final/中文/Raw/aqgy4_0014/00015.mp4,836183
datasets/data-final/中文/Raw/aqgy4_0014/00016.mp4,1359248
datasets/data-final/中文/Raw/aqgy4_0014/00017.mp4,1995821
datasets/data-final/中文/Raw/aqgy4_0014/00018.mp4,754067
datasets/data-final/中文/Raw/aqgy4_0014/00019.mp4,986679
datasets/data-final/中文/Raw/aqgy4_0014/00020.mp4,1735179
datasets/data-final/中文/Raw/aqgy4_0014/00021.mp4,1409871
datasets/data-final/中文/Raw/aqgy4_0015/00000.mp4,768282
datasets/data-final/中文/Raw/aqgy4_0015/00001.mp4,2124508
datasets/data-final/中文/Raw/aqgy4_0015/00002.mp4,5025249
datasets/data-final/中文/Raw/aqgy4_0015/00003.mp4,1807791
datasets/data-final/中文/Raw/aqgy4_0015/00004.mp4,1967253
datasets/data-final/中文/Raw/aqgy4_0015/00005.mp4,1883333
datasets/data-final/中文/Raw/aqgy4_0015/00006.mp4,2032733
datasets/data-final/中文/Raw/aqgy4_0016/00000.mp4,1642058
datasets/data-final/中文/Raw/aqgy4_0016/00001.mp4,1646268
datasets/data-final/中文/Raw/aqgy4_0016/00002.mp4,745543
datasets/data-final/中文/Raw/aqgy4_0016/00004.mp4,1218686
datasets/data-final/中文/Raw/aqgy4_0016/00005.mp4,1989754
datasets/data-final/中文/Raw/aqgy4_0016/00006.mp4,7069785
datasets/data-final/中文/Raw/aqgy4_0016/00007.mp4,6859349
datasets/data-final/中文/Raw/aqgy4_0016/00008.mp4,2465956
datasets/data-final/中文/Raw/aqgy4_0016/00009.mp4,2375931
datasets/data-final/中文/Raw/aqgy4_0016/00010.mp4,1428531
datasets/data-final/中文/Raw/aqgy4_0016/00011.mp4,1369908
datasets/data-final/中文/Raw/aqgy4_0016/00012.mp4,2142809
datasets/data-final/中文/Raw/aqgy4_0016/00013.mp4,1354018
datasets/data-final/中文/Raw/aqgy4_0016/00014.mp4,654106
datasets/data-final/中文/Raw/aqgy4_0016/00015.mp4,1848722
datasets/data-final/中文/Raw/aqgy4_0016/00016.mp4,605471
datasets/data-final/中文/Raw/aqgy4_0016/00017.mp4,3479108
datasets/data-final/中文/Raw/aqgy4_0016/00018.mp4,644107
datasets/data-final/中文/Raw/aqgy4_0016/00019.mp4,1372698
datasets/data-final/中文/Raw/aqgy4_0016/00020.mp4,3397675
datasets/data-final/中文/Raw/aqgy4_0016/00021.mp4,321364
datasets/data-final/中文/Raw/aqgy4_0016/00022.mp4,1447785
datasets/data-final/中文/Raw/aqgy4_0016/00023.mp4,4570803
datasets/data-final/中文/Raw/aqgy4_0016/00024.mp4,3005362
datasets/data-final/中文/Raw/aqgy4_0016/00025.mp4,1613284
datasets/data-final/中文/Raw/aqgy4_0016/00026.mp4,2108397
datasets/data-final/中文/Raw/aqgy4_0016/00027.mp4,1063293
datasets/data-final/中文/Raw/aqgy4_0016/00028.mp4,785460
datasets/data-final/中文/Raw/aqgy4_0016/00029.mp4,1537347
datasets/data-final/中文/Raw/aqgy4_0016/00030.mp4,2104493
datasets/data-final/中文/Raw/aqgy4_0016/00031.mp4,4556101
datasets/data-final/中文/Raw/aqgy4_0017/00000.mp4,2061955
datasets/data-final/中文/Raw/aqgy4_0017/00001.mp4,1289953
datasets/data-final/中文/Raw/aqgy4_0017/00002.mp4,2554448
datasets/data-final/中文/Raw/aqgy4_0017/00003.mp4,4850647
datasets/data-final/中文/Raw/aqgy4_0017/00005.mp4,1312677
datasets/data-final/中文/Raw/aqgy4_0017/00006.mp4,3608208
datasets/data-final/中文/Raw/aqgy4_0017/00007.mp4,1850449
datasets/data-final/中文/Raw/aqgy4_0017/00008.mp4,2606967
datasets/data-final/中文/Raw/aqgy4_0017/00009.mp4,1028910
datasets/data-final/中文/Raw/aqgy4_0017/00010.mp4,1743258
datasets/data-final/中文/Raw/aqgy4_0017/00011.mp4,1834741
datasets/data-final/中文/Raw/aqgy4_0017/00012.mp4,2750219
datasets/data-final/中文/Raw/aqgy4_0017/00013.mp4,4076962
datasets/data-final/中文/Raw/aqgy4_0017/00014.mp4,1344577
datasets/data-final/中文/Raw/aqgy4_0017/00015.mp4,3513883
datasets/data-final/中文/Raw/aqgy4_0017/00016.mp4,2365552
datasets/data-final/中文/Raw/aqgy4_0017/00017.mp4,2043468
datasets/data-final/中文/Raw/aqgy4_0017/00018.mp4,3255500
datasets/data-final/中文/Raw/aqgy4_0017/00019.mp4,1454568
datasets/data-final/中文/Raw/aqgy4_0018/00000.mp4,1459072
datasets/data-final/中文/Raw/aqgy4_0018/00001.mp4,1035023
datasets/data-final/中文/Raw/aqgy4_0018/00002.mp4,1750629
datasets/data-final/中文/Raw/aqgy4_0018/00003.mp4,1447179
datasets/data-final/中文/Raw/aqgy4_0018/00004.mp4,3064807
datasets/data-final/中文/Raw/aqgy4_0018/00005.mp4,1015732
datasets/data-final/中文/Raw/aqgy4_0018/00006.mp4,1055398
datasets/data-final/中文/Raw/aqgy4_0018/00007.mp4,1107988
datasets/data-final/中文/Raw/aqgy4_0018/00008.mp4,3514069
datasets/data-final/中文/Raw/aqgy4_0018/00009.mp4,2193940
datasets/data-final/中文/Raw/aqgy4_0018/00010.mp4,4969919
datasets/data-final/中文/Raw/aqgy4_0018/00011.mp4,1541049
datasets/data-final/中文/Raw/aqgy4_0018/00012.mp4,1546757
datasets/data-final/中文/Raw/aqgy4_0018/00013.mp4,3346244
datasets/data-final/中文/Raw/aqgy4_0018/00014.mp4,4234251
datasets/data-final/中文/Raw/aqgy4_0018/00015.mp4,1096898
datasets/data-final/中文/Raw/aqgy4_0018/00016.mp4,2531293
datasets/data-final/中文/Raw/aqgy4_0018/00017.mp4,922019
datasets/data-final/中文/Raw/aqgy4_0018/00018.mp4,4344359
datasets/data-final/中文/Raw/aqgy4_0018/00019.mp4,1090987
datasets/data-final/中文/Raw/aqgy4_0018/00020.mp4,2333961
datasets/data-final/中文/Raw/aqgy4_0018/00021.mp4,2044715
datasets/data-final/中文/Raw/aqgy4_0018/00022.mp4,1249244
datasets/data-final/中文/Raw/aqgy4_0019/00000.mp4,4330689
datasets/data-final/中文/Raw/aqgy4_0019/00001.mp4,1411089
datasets/data-final/中文/Raw/aqgy4_0019/00002.mp4,4198780
datasets/data-final/中文/Raw/aqgy4_0019/00003.mp4,1074637
datasets/data-final/中文/Raw/aqgy4_0019/00004.mp4,1186924
datasets/data-final/中文/Raw/aqgy4_0019/00005.mp4,2002554
datasets/data-final/中文/Raw/aqgy4_0019/00006.mp4,1650735
datasets/data-final/中文/Raw/aqgy4_0019/00007.mp4,4796498
datasets/data-final/中文/Raw/aqgy4_0019/00008.mp4,6989958
datasets/data-final/中文/Raw/aqgy4_0019/00009.mp4,4948298
datasets/data-final/中文/Raw/aqgy4_0019/00010.mp4,2408826
datasets/data-final/中文/Raw/aqgy4_0019/00011.mp4,2618109
datasets/data-final/中文/Raw/aqgy4_0019/00012.mp4,2981998
datasets/data-final/中文/Raw/aqgy4_0019/00013.mp4,2774438
datasets/data-final/中文/Raw/aqgy4_0019/00014.mp4,2217105
datasets/data-final/中文/Raw/aqgy4_0019/00015.mp4,2330795
datasets/data-final/中文/Raw/aqgy4_0020/00000.mp4,1986072
datasets/data-final/中文/Raw/aqgy4_0020/00001.mp4,2241994
datasets/data-final/中文/Raw/aqgy4_0020/00002.mp4,2850627
datasets/data-final/中文/Raw/aqgy4_0020/00003.mp4,2908247
datasets/data-final/中文/Raw/aqgy4_0020/00004.mp4,3181445
datasets/data-final/中文/Raw/aqgy4_0020/00005.mp4,2268477
datasets/data-final/中文/Raw/aqgy4_0020/00006.mp4,768245
datasets/data-final/中文/Raw/aqgy4_0020/00007.mp4,1805751
datasets/data-final/中文/Raw/aqgy4_0020/00008.mp4,1479104
datasets/data-final/中文/Raw/aqgy4_0020/00009.mp4,751077
datasets/data-final/中文/Raw/aqgy4_0020/00010.mp4,1236427
datasets/data-final/中文/Raw/aqgy4_0020/00011.mp4,834573
datasets/data-final/中文/Raw/aqgy4_0020/00012.mp4,540022
datasets/data-final/中文/Raw/aqgy4_0020/00013.mp4,556213
datasets/data-final/中文/Raw/aqgy4_0021/00000.mp4,2031563
datasets/data-final/中文/Raw/aqgy4_0021/00001.mp4,1602168
datasets/data-final/中文/Raw/aqgy4_0021/00002.mp4,1650610
datasets/data-final/中文/Raw/aqgy4_0021/00003.mp4,1309093
datasets/data-final/中文/Raw/aqgy4_0021/00004.mp4,938877
datasets/data-final/中文/Raw/aqgy4_0021/00005.mp4,2430787
datasets/data-final/中文/Raw/aqgy4_0021/00006.mp4,1449344
datasets/data-final/中文/Raw/aqgy4_0021/00007.mp4,1742830
datasets/data-final/中文/Raw/aqgy4_0021/00008.mp4,1045500
datasets/data-final/中文/Raw/aqgy4_0022/00000.mp4,1486119
datasets/data-final/中文/Raw/aqgy4_0022/00001.mp4,657287
datasets/data-final/中文/Raw/aqgy4_0022/00002.mp4,1664337
datasets/data-final/中文/Raw/aqgy4_0022/00003.mp4,3702970
datasets/data-final/中文/Raw/aqgy4_0022/00004.mp4,1157641
datasets/data-final/中文/Raw/aqgy4_0022/00005.mp4,5693016
datasets/data-final/中文/Raw/aqgy4_0022/00006.mp4,514449
datasets/data-final/中文/Raw/aqgy4_0022/00007.mp4,4689781
datasets/data-final/中文/Raw/aqgy4_0022/00008.mp4,1784918
datasets/data-final/中文/Raw/aqgy4_0022/00009.mp4,1460792
datasets/data-final/中文/Raw/aqgy4_0022/00010.mp4,1920549
datasets/data-final/中文/Raw/aqgy4_0022/00011.mp4,939948
datasets/data-final/中文/Raw/aqgy4_0023/00000.mp4,1537164
datasets/data-final/中文/Raw/aqgy4_0024/00000.mp4,1539006
datasets/data-final/中文/Raw/aqgy4_0024/00001.mp4,655559
datasets/data-final/中文/Raw/aqgy4_0024/00002.mp4,2057013
datasets/data-final/中文/Raw/aqgy4_0024/00003.mp4,1490387
datasets/data-final/中文/Raw/aqgy4_0024/00004.mp4,1787340
datasets/data-final/中文/Raw/aqgy4_0024/00005.mp4,2431266
datasets/data-final/中文/Raw/aqgy4_0024/00006.mp4,1514996
datasets/data-final/中文/Raw/aqgy4_0024/00007.mp4,1991823
datasets/data-final/中文/Raw/aqgy4_0024/00008.mp4,2009521
datasets/data-final/中文/Raw/aqgy4_0024/00009.mp4,1144658
datasets/data-final/中文/Raw/aqgy4_0024/00010.mp4,2438791
datasets/data-final/中文/Raw/aqgy4_0024/00011.mp4,1929701
datasets/data-final/中文/Raw/aqgy4_0024/00012.mp4,915882
datasets/data-final/中文/Raw/aqgy4_0024/00013.mp4,2302474
datasets/data-final/中文/Raw/aqgy4_0024/00014.mp4,971150
datasets/data-final/中文/Raw/aqgy4_0024/00015.mp4,1324559
datasets/data-final/中文/Raw/aqgy4_0024/00016.mp4,1701717
datasets/data-final/中文/Raw/aqgy5_0001/00000.mp4,822885
datasets/data-final/中文/Raw/aqgy5_0001/00001.mp4,686874
datasets/data-final/中文/Raw/aqgy5_0001/00002.mp4,950913
datasets/data-final/中文/Raw/aqgy5_0001/00003.mp4,1022909
datasets/data-final/中文/Raw/aqgy5_0001/00004.mp4,591010
datasets/data-final/中文/Raw/aqgy5_0001/00005.mp4,610946
datasets/data-final/中文/Raw/aqgy5_0001/00006.mp4,663359
datasets/data-final/中文/Raw/aqgy5_0001/00007.mp4,920680
datasets/data-final/中文/Raw/aqgy5_0001/00008.mp4,538823
datasets/data-final/中文/Raw/aqgy5_0001/00009.mp4,481877
datasets/data-final/中文/Raw/aqgy5_0001/00010.mp4,400092
datasets/data-final/中文/Raw/aqgy5_0001/00011.mp4,2384905
datasets/data-final/中文/Raw/aqgy5_0001/00012.mp4,1507912
datasets/data-final/中文/Raw/aqgy5_0001/00013.mp4,957832
datasets/data-final/中文/Raw/aqgy5_0001/00014.mp4,1715064
datasets/data-final/中文/Raw/aqgy5_0001/00015.mp4,637530
datasets/data-final/中文/Raw/aqgy5_0001/00016.mp4,600421
datasets/data-final/中文/Raw/aqgy5_0001/00017.mp4,801822
datasets/data-final/中文/Raw/aqgy5_0001/00018.mp4,340552
datasets/data-final/中文/Raw/aqgy5_0001/00019.mp4,1214945
datasets/data-final/中文/Raw/aqgy5_0002/00000.mp4,695822
datasets/data-final/中文/Raw/aqgy5_0002/00001.mp4,827925
datasets/data-final/中文/Raw/aqgy5_0002/00002.mp4,493633
datasets/data-final/中文/Raw/aqgy5_0002/00003.mp4,575303
datasets/data-final/中文/Raw/aqgy5_0002/00004.mp4,825018
datasets/data-final/中文/Raw/aqgy5_0002/00005.mp4,974365
datasets/data-final/中文/Raw/aqgy5_0002/00006.mp4,843163
datasets/data-final/中文/Raw/aqgy5_0002/00007.mp4,1136422
datasets/data-final/中文/Raw/aqgy5_0002/00008.mp4,1093553
datasets/data-final/中文/Raw/aqgy5_0002/00009.mp4,792064
datasets/data-final/中文/Raw/aqgy5_0002/00010.mp4,1369450
datasets/data-final/中文/Raw/aqgy5_0002/00011.mp4,1111531
datasets/data-final/中文/Raw/aqgy5_0002/00012.mp4,1943764
datasets/data-final/中文/Raw/aqgy5_0002/00013.mp4,1129486
datasets/data-final/中文/Raw/aqgy5_0002/00014.mp4,1110081
datasets/data-final/中文/Raw/aqgy5_0002/00015.mp4,430087
datasets/data-final/中文/Raw/aqgy5_0002/00016.mp4,455658
datasets/data-final/中文/Raw/aqgy5_0003/00000.mp4,770862
datasets/data-final/中文/Raw/aqgy5_0003/00001.mp4,660209
datasets/data-final/中文/Raw/aqgy5_0003/00002.mp4,1079329
datasets/data-final/中文/Raw/aqgy5_0003/00003.mp4,502856
datasets/data-final/中文/Raw/aqgy5_0003/00004.mp4,582560
datasets/data-final/中文/Raw/aqgy5_0003/00005.mp4,284356
datasets/data-final/中文/Raw/aqgy5_0003/00006.mp4,537518
datasets/data-final/中文/Raw/aqgy5_0003/00007.mp4,1202697
datasets/data-final/中文/Raw/aqgy5_0003/00008.mp4,152245
datasets/data-final/中文/Raw/aqgy5_0003/00009.mp4,455586
datasets/data-final/中文/Raw/aqgy5_0003/00010.mp4,651561
datasets/data-final/中文/Raw/aqgy5_0003/00011.mp4,312046
datasets/data-final/中文/Raw/aqgy5_0003/00012.mp4,775898
datasets/data-final/中文/Raw/aqgy5_0003/00013.mp4,947709
datasets/data-final/中文/Raw/aqgy5_0003/00014.mp4,763249
datasets/data-final/中文/Raw/aqgy5_0003/00015.mp4,1475411
datasets/data-final/中文/Raw/aqgy5_0003/00016.mp4,1034043
datasets/data-final/中文/Raw/aqgy5_0003/00017.mp4,469988
datasets/data-final/中文/Raw/aqgy5_0003/00018.mp4,527113
datasets/data-final/中文/Raw/aqgy5_0003/00019.mp4,222526
datasets/data-final/中文/Raw/aqgy5_0003/00020.mp4,1379533
datasets/data-final/中文/Raw/aqgy5_0004/00000.mp4,675839
datasets/data-final/中文/Raw/aqgy5_0004/00001.mp4,631383
datasets/data-final/中文/Raw/aqgy5_0004/00002.mp4,532930
datasets/data-final/中文/Raw/aqgy5_0004/00003.mp4,504794
datasets/data-final/中文/Raw/aqgy5_0004/00004.mp4,764305
datasets/data-final/中文/Raw/aqgy5_0004/00005.mp4,514062
datasets/data-final/中文/Raw/aqgy5_0004/00006.mp4,807910
datasets/data-final/中文/Raw/aqgy5_0004/00007.mp4,518306
datasets/data-final/中文/Raw/aqgy5_0004/00008.mp4,442365
datasets/data-final/中文/Raw/aqgy5_0004/00009.mp4,591948
datasets/data-final/中文/Raw/aqgy5_0004/00010.mp4,535352
datasets/data-final/中文/Raw/aqgy5_0004/00011.mp4,670522
datasets/data-final/中文/Raw/aqgy5_0004/00012.mp4,350232
datasets/data-final/中文/Raw/aqgy5_0004/00013.mp4,330817
datasets/data-final/中文/Raw/aqgy5_0004/00014.mp4,809248
datasets/data-final/中文/Raw/aqgy5_0004/00015.mp4,674424
datasets/data-final/中文/Raw/aqgy5_0004/00016.mp4,600225
datasets/data-final/中文/Raw/aqgy5_0004/00017.mp4,405262
datasets/data-final/中文/Raw/aqgy5_0004/00018.mp4,337676
datasets/data-final/中文/Raw/aqgy5_0004/00019.mp4,1214074
datasets/data-final/中文/Raw/aqgy5_0004/00020.mp4,1111673
datasets/data-final/中文/Raw/aqgy5_0005/00000.mp4,1299247
datasets/data-final/中文/Raw/aqgy5_0005/00001.mp4,864200
datasets/data-final/中文/Raw/aqgy5_0005/00002.mp4,893446
datasets/data-final/中文/Raw/aqgy5_0005/00003.mp4,882754
datasets/data-final/中文/Raw/aqgy5_0005/00004.mp4,504832
datasets/data-final/中文/Raw/aqgy5_0005/00005.mp4,1874239
datasets/data-final/中文/Raw/aqgy5_0005/00006.mp4,3690998
datasets/data-final/中文/Raw/aqgy5_0005/00007.mp4,2656955
datasets/data-final/中文/Raw/aqgy5_0005/00008.mp4,530011
datasets/data-final/中文/Raw/aqgy5_0005/00009.mp4,1541263
datasets/data-final/中文/Raw/aqgy5_0005/00010.mp4,988458
datasets/data-final/中文/Raw/aqgy5_0005/00011.mp4,669451
datasets/data-final/中文/Raw/aqgy5_0005/00012.mp4,814834
datasets/data-final/中文/Raw/aqgy5_0005/00013.mp4,1281952
datasets/data-final/中文/Raw/aqgy5_0005/00014.mp4,1829858
datasets/data-final/中文/Raw/aqgy5_0005/00015.mp4,1491917
datasets/data-final/中文/Raw/aqgy5_0005/00016.mp4,352070
datasets/data-final/中文/Raw/aqgy5_0005/00017.mp4,733302
datasets/data-final/中文/Raw/aqgy5_0005/00018.mp4,204034
datasets/data-final/中文/Raw/aqgy5_0005/00019.mp4,555392
datasets/data-final/中文/Raw/aqgy5_0005/00020.mp4,604082
datasets/data-final/中文/Raw/aqgy5_0005/00021.mp4,650051
datasets/data-final/中文/Raw/aqgy5_0005/00022.mp4,634358
datasets/data-final/中文/Raw/aqgy5_0005/00023.mp4,349615
datasets/data-final/中文/Raw/aqgy5_0005/00024.mp4,564752
datasets/data-final/中文/Raw/aqgy5_0005/00025.mp4,644100
datasets/data-final/中文/Raw/aqgy5_0005/00026.mp4,235108
datasets/data-final/中文/Raw/aqgy5_0005/00027.mp4,528219
datasets/data-final/中文/Raw/aqgy5_0005/00028.mp4,268480
datasets/data-final/中文/Raw/aqgy5_0005/00029.mp4,525736
datasets/data-final/中文/Raw/aqgy5_0005/00030.mp4,461696
datasets/data-final/中文/Raw/aqgy5_0005/00031.mp4,740663
datasets/data-final/中文/Raw/aqgy5_0005/00032.mp4,719026
datasets/data-final/中文/Raw/aqgy5_0005/00033.mp4,2015396
datasets/data-final/中文/Raw/aqgy5_0005/00034.mp4,418133
datasets/data-final/中文/Raw/aqgy5_0005/00035.mp4,1355940
datasets/data-final/中文/Raw/aqgy5_0005/00036.mp4,218061
datasets/data-final/中文/Raw/aqgy5_0005/00037.mp4,674708
datasets/data-final/中文/Raw/aqgy5_0005/00038.mp4,354984
datasets/data-final/中文/Raw/aqgy5_0005/00039.mp4,818925
datasets/data-final/中文/Raw/aqgy5_0005/00040.mp4,369816
datasets/data-final/中文/Raw/aqgy5_0005/00041.mp4,1217783
datasets/data-final/中文/Raw/aqgy5_0005/00042.mp4,722920
datasets/data-final/中文/Raw/aqgy5_0005/00043.mp4,1815968
datasets/data-final/中文/Raw/aqgy5_0005/00044.mp4,831124
datasets/data-final/中文/Raw/aqgy5_0005/00045.mp4,180894
datasets/data-final/中文/Raw/aqgy5_0006/00000.mp4,1096128
datasets/data-final/中文/Raw/aqgy5_0006/00001.mp4,485161
datasets/data-final/中文/Raw/aqgy5_0006/00002.mp4,492412
datasets/data-final/中文/Raw/aqgy5_0006/00003.mp4,803743
datasets/data-final/中文/Raw/aqgy5_0006/00004.mp4,320953
datasets/data-final/中文/Raw/aqgy5_0006/00005.mp4,1282119
datasets/data-final/中文/Raw/aqgy5_0006/00006.mp4,354717
datasets/data-final/中文/Raw/aqgy5_0006/00007.mp4,404216
datasets/data-final/中文/Raw/aqgy5_0006/00008.mp4,1183098
datasets/data-final/中文/Raw/aqgy5_0006/00010.mp4,336505
datasets/data-final/中文/Raw/aqgy5_0006/00011.mp4,267969
datasets/data-final/中文/Raw/aqgy5_0006/00013.mp4,485252
datasets/data-final/中文/Raw/aqgy5_0006/00014.mp4,440815
datasets/data-final/中文/Raw/aqgy5_0006/00015.mp4,220093
datasets/data-final/中文/Raw/aqgy5_0006/00016.mp4,496593
datasets/data-final/中文/Raw/aqgy5_0006/00017.mp4,163014
datasets/data-final/中文/Raw/aqgy5_0006/00018.mp4,359030
datasets/data-final/中文/Raw/aqgy5_0006/00019.mp4,551724
datasets/data-final/中文/Raw/aqgy5_0006/00020.mp4,374956
datasets/data-final/中文/Raw/aqgy5_0006/00021.mp4,501022
datasets/data-final/中文/Raw/aqgy5_0006/00022.mp4,871625
datasets/data-final/中文/Raw/aqgy5_0006/00023.mp4,702403
datasets/data-final/中文/Raw/aqgy5_0006/00024.mp4,1073796
datasets/data-final/中文/Raw/aqgy5_0006/00025.mp4,571683
datasets/data-final/中文/Raw/aqgy5_0006/00026.mp4,1592669
datasets/data-final/中文/Raw/aqgy5_0006/00027.mp4,608588
datasets/data-final/中文/Raw/aqgy5_0006/00028.mp4,264368
datasets/data-final/中文/Raw/aqgy5_0006/00029.mp4,1741013
datasets/data-final/中文/Raw/aqgy5_0006/00030.mp4,289387
datasets/data-final/中文/Raw/aqgy5_0006/00031.mp4,1583777
datasets/data-final/中文/Raw/aqgy5_0006/00032.mp4,366290
datasets/data-final/中文/Raw/aqgy5_0006/00033.mp4,197227
datasets/data-final/中文/Raw/aqgy5_0006/00034.mp4,447072
datasets/data-final/中文/Raw/aqgy5_0006/00035.mp4,455988
datasets/data-final/中文/Raw/aqgy5_0007/00000.mp4,871158
datasets/data-final/中文/Raw/aqgy5_0007/00001.mp4,577978
datasets/data-final/中文/Raw/aqgy5_0007/00002.mp4,416575
datasets/data-final/中文/Raw/aqgy5_0007/00003.mp4,251558
datasets/data-final/中文/Raw/aqgy5_0007/00004.mp4,710931
datasets/data-final/中文/Raw/aqgy5_0007/00005.mp4,726870
datasets/data-final/中文/Raw/aqgy5_0007/00006.mp4,733648
datasets/data-final/中文/Raw/aqgy5_0007/00007.mp4,418912
datasets/data-final/中文/Raw/aqgy5_0007/00008.mp4,267479
datasets/data-final/中文/Raw/aqgy5_0007/00009.mp4,666914
datasets/data-final/中文/Raw/aqgy5_0007/00010.mp4,264153
datasets/data-final/中文/Raw/aqgy5_0007/00011.mp4,613638
datasets/data-final/中文/Raw/aqgy5_0007/00012.mp4,387076
datasets/data-final/中文/Raw/aqgy5_0007/00013.mp4,501510
datasets/data-final/中文/Raw/aqgy5_0007/00014.mp4,447535
datasets/data-final/中文/Raw/aqgy5_0007/00015.mp4,622971
datasets/data-final/中文/Raw/aqgy5_0007/00016.mp4,847178
datasets/data-final/中文/Raw/aqgy5_0007/00017.mp4,161148
datasets/data-final/中文/Raw/aqgy5_0007/00019.mp4,557648
datasets/data-final/中文/Raw/aqgy5_0007/00020.mp4,739143
datasets/data-final/中文/Raw/aqgy5_0007/00021.mp4,541129
datasets/data-final/中文/Raw/aqgy5_0007/00022.mp4,235507
datasets/data-final/中文/Raw/aqgy5_0007/00023.mp4,915074
datasets/data-final/中文/Raw/aqgy5_0007/00024.mp4,592566
datasets/data-final/中文/Raw/aqgy5_0007/00025.mp4,231180
datasets/data-final/中文/Raw/aqgy5_0007/00026.mp4,1306916
datasets/data-final/中文/Raw/aqgy5_0007/00027.mp4,1011014
datasets/data-final/中文/Raw/aqgy5_0007/00028.mp4,1007288
datasets/data-final/中文/Raw/aqgy5_0007/00029.mp4,683497
datasets/data-final/中文/Raw/aqgy5_0007/00030.mp4,378633
datasets/data-final/中文/Raw/aqgy5_0007/00031.mp4,509290
datasets/data-final/中文/Raw/aqgy5_0007/00032.mp4,461783
datasets/data-final/中文/Raw/aqgy5_0007/00033.mp4,592850
datasets/data-final/中文/Raw/aqgy5_0007/00034.mp4,827997
datasets/data-final/中文/Raw/aqgy5_0007/00035.mp4,469375
datasets/data-final/中文/Raw/aqgy5_0007/00036.mp4,685714
datasets/data-final/中文/Raw/aqgy5_0007/00037.mp4,327437
datasets/data-final/中文/Raw/aqgy5_0007/00038.mp4,404658
datasets/data-final/中文/Raw/aqgy5_0007/00039.mp4,241586
datasets/data-final/中文/Raw/aqgy5_0007/00040.mp4,652951
datasets/data-final/中文/Raw/aqgy5_0008/00000.mp4,844985
datasets/data-final/中文/Raw/aqgy5_0008/00001.mp4,421418
datasets/data-final/中文/Raw/aqgy5_0008/00002.mp4,396130
datasets/data-final/中文/Raw/aqgy5_0008/00003.mp4,240839
datasets/data-final/中文/Raw/aqgy5_0008/00004.mp4,287917
datasets/data-final/中文/Raw/aqgy5_0008/00005.mp4,322095
datasets/data-final/中文/Raw/aqgy5_0008/00006.mp4,307746
datasets/data-final/中文/Raw/aqgy5_0008/00007.mp4,624111
datasets/data-final/中文/Raw/aqgy5_0008/00008.mp4,365376
datasets/data-final/中文/Raw/aqgy5_0008/00009.mp4,516386
datasets/data-final/中文/Raw/aqgy5_0008/00010.mp4,798363
datasets/data-final/中文/Raw/aqgy5_0008/00011.mp4,380954
datasets/data-final/中文/Raw/aqgy5_0008/00012.mp4,688907
datasets/data-final/中文/Raw/aqgy5_0008/00013.mp4,830341
datasets/data-final/中文/Raw/aqgy5_0008/00014.mp4,242044
datasets/data-final/中文/Raw/aqgy5_0008/00015.mp4,632583
datasets/data-final/中文/Raw/aqgy5_0008/00016.mp4,452033
datasets/data-final/中文/Raw/aqgy5_0008/00017.mp4,2796620
datasets/data-final/中文/Raw/aqgy5_0008/00018.mp4,450461
datasets/data-final/中文/Raw/aqgy5_0008/00019.mp4,321479
datasets/data-final/中文/Raw/aqgy5_0008/00020.mp4,1231834
datasets/data-final/中文/Raw/aqgy5_0008/00021.mp4,1748468
datasets/data-final/中文/Raw/aqgy5_0008/00022.mp4,629715
datasets/data-final/中文/Raw/aqgy5_0008/00023.mp4,241060
datasets/data-final/中文/Raw/aqgy5_0008/00024.mp4,578437
datasets/data-final/中文/Raw/aqgy5_0008/00025.mp4,416058
datasets/data-final/中文/Raw/aqgy5_0008/00026.mp4,381287
datasets/data-final/中文/Raw/aqgy5_0008/00027.mp4,744616
datasets/data-final/中文/Raw/aqgy5_0008/00028.mp4,80178
datasets/data-final/中文/Raw/aqgy5_0008/00029.mp4,1430809
datasets/data-final/中文/Raw/aqgy5_0008/00030.mp4,1542456
datasets/data-final/中文/Raw/aqgy5_0008/00031.mp4,1049171
datasets/data-final/中文/Raw/aqgy5_0008/00032.mp4,346127
datasets/data-final/中文/Raw/aqgy5_0008/00033.mp4,752854
datasets/data-final/中文/Raw/aqgy5_0008/00034.mp4,1624756
datasets/data-final/中文/Raw/aqgy5_0008/00035.mp4,1014167
datasets/data-final/中文/Raw/aqgy5_0008/00036.mp4,902820
datasets/data-final/中文/Raw/aqgy5_0008/00037.mp4,1222789
datasets/data-final/中文/Raw/aqgy5_0008/00038.mp4,419789
datasets/data-final/中文/Raw/aqgy5_0009/00000.mp4,289476
datasets/data-final/中文/Raw/aqgy5_0009/00001.mp4,592086
datasets/data-final/中文/Raw/aqgy5_0009/00002.mp4,483219
datasets/data-final/中文/Raw/aqgy5_0009/00003.mp4,519385
datasets/data-final/中文/Raw/aqgy5_0009/00004.mp4,623767
datasets/data-final/中文/Raw/aqgy5_0009/00005.mp4,485838
datasets/data-final/中文/Raw/aqgy5_0009/00006.mp4,853646
datasets/data-final/中文/Raw/aqgy5_0009/00007.mp4,617511
datasets/data-final/中文/Raw/aqgy5_0009/00008.mp4,190065
datasets/data-final/中文/Raw/aqgy5_0009/00009.mp4,545863
datasets/data-final/中文/Raw/aqgy5_0009/00010.mp4,696812
datasets/data-final/中文/Raw/aqgy5_0009/00011.mp4,403311
datasets/data-final/中文/Raw/aqgy5_0009/00012.mp4,2624330
datasets/data-final/中文/Raw/aqgy5_0009/00013.mp4,54202
datasets/data-final/中文/Raw/aqgy5_0009/00014.mp4,645196
datasets/data-final/中文/Raw/aqgy5_0009/00015.mp4,514416
datasets/data-final/中文/Raw/aqgy5_0009/00016.mp4,408287
datasets/data-final/中文/Raw/aqgy5_0009/00017.mp4,1504698
datasets/data-final/中文/Raw/aqgy5_0009/00018.mp4,410456
datasets/data-final/中文/Raw/aqgy5_0009/00019.mp4,933621
datasets/data-final/中文/Raw/aqgy5_0009/00020.mp4,398281
datasets/data-final/中文/Raw/aqgy5_0009/00021.mp4,720046
datasets/data-final/中文/Raw/aqgy5_0009/00022.mp4,475825
datasets/data-final/中文/Raw/aqgy5_0009/00023.mp4,928104
datasets/data-final/中文/Raw/aqgy5_0009/00024.mp4,1526911
datasets/data-final/中文/Raw/aqgy5_0009/00025.mp4,187589
datasets/data-final/中文/Raw/aqgy5_0009/00026.mp4,478972
datasets/data-final/中文/Raw/aqgy5_0009/00027.mp4,674789
datasets/data-final/中文/Raw/aqgy5_0009/00028.mp4,564430
datasets/data-final/中文/Raw/aqgy5_0009/00029.mp4,432263
datasets/data-final/中文/Raw/aqgy5_0009/00030.mp4,866415
datasets/data-final/中文/Raw/aqgy5_0009/00031.mp4,871390
datasets/data-final/中文/Raw/aqgy5_0009/00032.mp4,928124
datasets/data-final/中文/Raw/aqgy5_0009/00033.mp4,343054
datasets/data-final/中文/Raw/aqgy5_0009/00034.mp4,183723
datasets/data-final/中文/Raw/aqgy5_0009/00035.mp4,438672
datasets/data-final/中文/Raw/aqgy5_0009/00036.mp4,473720
datasets/data-final/中文/Raw/aqgy5_0009/00037.mp4,434688
datasets/data-final/中文/Raw/aqgy5_0009/00038.mp4,521008
datasets/data-final/中文/Raw/aqgy5_0009/00039.mp4,1040349
datasets/data-final/中文/Raw/aqgy5_0009/00040.mp4,239403
datasets/data-final/中文/Raw/aqgy5_0009/00041.mp4,312120
datasets/data-final/中文/Raw/aqgy5_0009/00042.mp4,342782
datasets/data-final/中文/Raw/aqgy5_0009/00043.mp4,1576764
datasets/data-final/中文/Raw/aqgy5_0009/00044.mp4,579915
datasets/data-final/中文/Raw/aqgy5_0009/00045.mp4,1211682
datasets/data-final/中文/Raw/aqgy5_0009/00046.mp4,404958
datasets/data-final/中文/Raw/aqgy5_0010/00000.mp4,390353
datasets/data-final/中文/Raw/aqgy5_0010/00001.mp4,766205
datasets/data-final/中文/Raw/aqgy5_0010/00002.mp4,440178
datasets/data-final/中文/Raw/aqgy5_0010/00003.mp4,755180
datasets/data-final/中文/Raw/aqgy5_0010/00004.mp4,1280327
datasets/data-final/中文/Raw/aqgy5_0010/00005.mp4,489138
datasets/data-final/中文/Raw/aqgy5_0010/00006.mp4,586900
datasets/data-final/中文/Raw/aqgy5_0010/00007.mp4,682985
datasets/data-final/中文/Raw/aqgy5_0010/00008.mp4,747033
datasets/data-final/中文/Raw/aqgy5_0010/00009.mp4,635307
datasets/data-final/中文/Raw/aqgy5_0010/00010.mp4,657881
datasets/data-final/中文/Raw/aqgy5_0010/00011.mp4,917548
datasets/data-final/中文/Raw/aqgy5_0010/00012.mp4,765468
datasets/data-final/中文/Raw/aqgy5_0010/00013.mp4,474858
datasets/data-final/中文/Raw/aqgy5_0010/00014.mp4,1704264
datasets/data-final/中文/Raw/aqgy5_0010/00015.mp4,918187
datasets/data-final/中文/Raw/aqgy5_0010/00016.mp4,3593441
datasets/data-final/中文/Raw/aqgy5_0010/00017.mp4,852087
datasets/data-final/中文/Raw/aqgy5_0010/00018.mp4,1373747
datasets/data-final/中文/Raw/aqgy5_0010/00019.mp4,475194
datasets/data-final/中文/Raw/aqgy5_0010/00020.mp4,1163623
datasets/data-final/中文/Raw/aqgy5_0010/00021.mp4,521246
datasets/data-final/中文/Raw/aqgy5_0010/00022.mp4,1052199
datasets/data-final/中文/Raw/aqgy5_0010/00023.mp4,718768
datasets/data-final/中文/Raw/aqgy5_0010/00024.mp4,274517
datasets/data-final/中文/Raw/aqgy5_0010/00025.mp4,506352
datasets/data-final/中文/Raw/aqgy5_0010/00026.mp4,506356
datasets/data-final/中文/Raw/aqgy5_0010/00027.mp4,382251
datasets/data-final/中文/Raw/aqgy5_0010/00028.mp4,600847
datasets/data-final/中文/Raw/aqgy5_0010/00029.mp4,442261
datasets/data-final/中文/Raw/aqgy5_0010/00030.mp4,1800092
datasets/data-final/中文/Raw/aqgy5_0011/00000.mp4,946747
datasets/data-final/中文/Raw/aqgy5_0011/00001.mp4,530633
datasets/data-final/中文/Raw/aqgy5_0011/00002.mp4,784699
datasets/data-final/中文/Raw/aqgy5_0011/00003.mp4,223115
datasets/data-final/中文/Raw/aqgy5_0011/00004.mp4,268904
datasets/data-final/中文/Raw/aqgy5_0011/00005.mp4,446337
datasets/data-final/中文/Raw/aqgy5_0011/00006.mp4,412407
datasets/data-final/中文/Raw/aqgy5_0011/00007.mp4,872807
datasets/data-final/中文/Raw/aqgy5_0011/00008.mp4,900910
datasets/data-final/中文/Raw/aqgy5_0011/00009.mp4,1619597
datasets/data-final/中文/Raw/aqgy5_0011/00010.mp4,950193
datasets/data-final/中文/Raw/aqgy5_0011/00011.mp4,756014
datasets/data-final/中文/Raw/aqgy5_0011/00012.mp4,381497
datasets/data-final/中文/Raw/aqgy5_0011/00013.mp4,350081
datasets/data-final/中文/Raw/aqgy5_0011/00014.mp4,333547
datasets/data-final/中文/Raw/aqgy5_0011/00015.mp4,677267
datasets/data-final/中文/Raw/aqgy5_0011/00016.mp4,850706
datasets/data-final/中文/Raw/aqgy5_0011/00017.mp4,1081788
datasets/data-final/中文/Raw/aqgy5_0011/00018.mp4,786972
datasets/data-final/中文/Raw/aqgy5_0011/00019.mp4,383759
datasets/data-final/中文/Raw/aqgy5_0011/00020.mp4,859142
datasets/data-final/中文/Raw/aqgy5_0011/00021.mp4,239680
datasets/data-final/中文/Raw/aqgy5_0011/00022.mp4,240465
datasets/data-final/中文/Raw/aqgy5_0011/00023.mp4,940954
datasets/data-final/中文/Raw/aqgy5_0011/00024.mp4,1231754
datasets/data-final/中文/Raw/aqgy5_0011/00025.mp4,204250
datasets/data-final/中文/Raw/aqgy5_0011/00026.mp4,156966
datasets/data-final/中文/Raw/aqgy5_0011/00027.mp4,288492
datasets/data-final/中文/Raw/aqgy5_0011/00028.mp4,759605
datasets/data-final/中文/Raw/aqgy5_0011/00029.mp4,339327
datasets/data-final/中文/Raw/aqgy5_0011/00030.mp4,629310
datasets/data-final/中文/Raw/aqgy5_0011/00031.mp4,705937
datasets/data-final/中文/Raw/aqgy5_0011/00032.mp4,1877489
datasets/data-final/中文/Raw/aqgy5_0011/00033.mp4,398945
datasets/data-final/中文/Raw/aqgy5_0011/00034.mp4,357726
datasets/data-final/中文/Raw/aqgy5_0011/00035.mp4,703482
datasets/data-final/中文/Raw/aqgy5_0011/00036.mp4,341641
datasets/data-final/中文/Raw/aqgy5_0011/00037.mp4,241083
datasets/data-final/中文/Raw/aqgy5_0011/00038.mp4,2572941
datasets/data-final/中文/Raw/aqgy5_0011/00039.mp4,299204
datasets/data-final/中文/Raw/aqgy5_0011/00040.mp4,967024
datasets/data-final/中文/Raw/aqgy5_0011/00041.mp4,582446
datasets/data-final/中文/Raw/aqgy5_0011/00042.mp4,501829
datasets/data-final/中文/Raw/aqgy5_0011/00043.mp4,434317
datasets/data-final/中文/Raw/aqgy5_0011/00044.mp4,786520
datasets/data-final/中文/Raw/aqgy5_0011/00045.mp4,1038373
datasets/data-final/中文/Raw/aqgy5_0011/00046.mp4,420730
datasets/data-final/中文/Raw/aqgy5_0011/00047.mp4,343173
datasets/data-final/中文/Raw/aqgy5_0012/00000.mp4,2449124
datasets/data-final/中文/Raw/aqgy5_0012/00001.mp4,1874961
datasets/data-final/中文/Raw/aqgy5_0012/00002.mp4,431158
datasets/data-final/中文/Raw/aqgy5_0012/00003.mp4,1140910
datasets/data-final/中文/Raw/aqgy5_0012/00004.mp4,1937160
datasets/data-final/中文/Raw/aqgy5_0012/00005.mp4,728558
datasets/data-final/中文/Raw/aqgy5_0012/00006.mp4,398052
datasets/data-final/中文/Raw/aqgy5_0012/00007.mp4,545408
datasets/data-final/中文/Raw/aqgy5_0012/00008.mp4,343694
datasets/data-final/中文/Raw/aqgy5_0012/00009.mp4,489000
datasets/data-final/中文/Raw/aqgy5_0012/00010.mp4,242778
datasets/data-final/中文/Raw/aqgy5_0012/00011.mp4,364769
datasets/data-final/中文/Raw/aqgy5_0012/00012.mp4,675927
datasets/data-final/中文/Raw/aqgy5_0012/00013.mp4,222539
datasets/data-final/中文/Raw/aqgy5_0012/00014.mp4,660991
datasets/data-final/中文/Raw/aqgy5_0012/00015.mp4,1487325
datasets/data-final/中文/Raw/aqgy5_0012/00016.mp4,394103
datasets/data-final/中文/Raw/aqgy5_0012/00017.mp4,366228
datasets/data-final/中文/Raw/aqgy5_0012/00018.mp4,267897
datasets/data-final/中文/Raw/aqgy5_0012/00019.mp4,1347440
datasets/data-final/中文/Raw/aqgy5_0012/00020.mp4,2326765
datasets/data-final/中文/Raw/aqgy5_0012/00021.mp4,1645425
datasets/data-final/中文/Raw/aqgy5_0012/00022.mp4,776060
datasets/data-final/中文/Raw/aqgy5_0012/00023.mp4,911271
datasets/data-final/中文/Raw/aqgy5_0012/00024.mp4,1034940
datasets/data-final/中文/Raw/aqgy5_0012/00025.mp4,314724
datasets/data-final/中文/Raw/aqgy5_0012/00026.mp4,276695
datasets/data-final/中文/Raw/aqgy5_0012/00027.mp4,556902
datasets/data-final/中文/Raw/aqgy5_0012/00028.mp4,1017926
datasets/data-final/中文/Raw/aqgy5_0013/00000.mp4,567875
datasets/data-final/中文/Raw/aqgy5_0013/00001.mp4,834015
datasets/data-final/中文/Raw/aqgy5_0013/00002.mp4,462921
datasets/data-final/中文/Raw/aqgy5_0013/00003.mp4,653857
datasets/data-final/中文/Raw/aqgy5_0013/00004.mp4,685808
datasets/data-final/中文/Raw/aqgy5_0013/00005.mp4,639968
datasets/data-final/中文/Raw/aqgy5_0013/00006.mp4,892990
datasets/data-final/中文/Raw/aqgy5_0013/00007.mp4,395716
datasets/data-final/中文/Raw/aqgy5_0013/00008.mp4,485852
datasets/data-final/中文/Raw/aqgy5_0013/00009.mp4,313699
datasets/data-final/中文/Raw/aqgy5_0013/00010.mp4,628524
datasets/data-final/中文/Raw/aqgy5_0013/00011.mp4,810543
datasets/data-final/中文/Raw/aqgy5_0013/00012.mp4,722496
datasets/data-final/中文/Raw/aqgy5_0013/00013.mp4,609766
datasets/data-final/中文/Raw/aqgy5_0013/00014.mp4,1136593
datasets/data-final/中文/Raw/aqgy5_0013/00015.mp4,383728
datasets/data-final/中文/Raw/aqgy5_0013/00016.mp4,547433
datasets/data-final/中文/Raw/aqgy5_0013/00017.mp4,1003361
datasets/data-final/中文/Raw/aqgy5_0013/00018.mp4,861084
datasets/data-final/中文/Raw/aqgy5_0013/00019.mp4,783823
datasets/data-final/中文/Raw/aqgy5_0013/00020.mp4,366117
datasets/data-final/中文/Raw/aqgy5_0013/00021.mp4,733093
datasets/data-final/中文/Raw/aqgy5_0013/00022.mp4,340597
datasets/data-final/中文/Raw/aqgy5_0013/00023.mp4,1184509
datasets/data-final/中文/Raw/aqgy5_0013/00024.mp4,1187669
datasets/data-final/中文/Raw/aqgy5_0013/00025.mp4,790346
datasets/data-final/中文/Raw/aqgy5_0013/00026.mp4,650318
datasets/data-final/中文/Raw/aqgy5_0013/00027.mp4,925048
datasets/data-final/中文/Raw/aqgy5_0013/00028.mp4,449619
datasets/data-final/中文/Raw/aqgy5_0013/00029.mp4,930868
datasets/data-final/中文/Raw/aqgy5_0014/00000.mp4,2082225
datasets/data-final/中文/Raw/aqgy5_0014/00001.mp4,372661
datasets/data-final/中文/Raw/aqgy5_0014/00002.mp4,486957
datasets/data-final/中文/Raw/aqgy5_0014/00003.mp4,419299
datasets/data-final/中文/Raw/aqgy5_0014/00004.mp4,902081
datasets/data-final/中文/Raw/aqgy5_0014/00005.mp4,677784
datasets/data-final/中文/Raw/aqgy5_0014/00006.mp4,476004
datasets/data-final/中文/Raw/aqgy5_0014/00007.mp4,875983
datasets/data-final/中文/Raw/aqgy5_0014/00008.mp4,670689
datasets/data-final/中文/Raw/aqgy5_0014/00009.mp4,549684
datasets/data-final/中文/Raw/aqgy5_0014/00010.mp4,536079
datasets/data-final/中文/Raw/aqgy5_0014/00011.mp4,177977
datasets/data-final/中文/Raw/aqgy5_0014/00012.mp4,508099
datasets/data-final/中文/Raw/aqgy5_0014/00013.mp4,892648
datasets/data-final/中文/Raw/aqgy5_0014/00014.mp4,257473
datasets/data-final/中文/Raw/aqgy5_0014/00015.mp4,554121
datasets/data-final/中文/Raw/aqgy5_0014/00016.mp4,682921
datasets/data-final/中文/Raw/aqgy5_0014/00017.mp4,165696
datasets/data-final/中文/Raw/aqgy5_0014/00018.mp4,1579755
datasets/data-final/中文/Raw/aqgy5_0014/00019.mp4,1927131
datasets/data-final/中文/Raw/aqgy5_0014/00020.mp4,437502
datasets/data-final/中文/Raw/aqgy5_0014/00021.mp4,852152
datasets/data-final/中文/Raw/aqgy5_0014/00022.mp4,570986
datasets/data-final/中文/Raw/aqgy5_0014/00023.mp4,347536
datasets/data-final/中文/Raw/aqgy5_0014/00024.mp4,374536
datasets/data-final/中文/Raw/aqgy5_0014/00025.mp4,697601
datasets/data-final/中文/Raw/aqgy5_0014/00026.mp4,671161
datasets/data-final/中文/Raw/aqgy5_0014/00027.mp4,280446
datasets/data-final/中文/Raw/aqgy5_0014/00028.mp4,413941
datasets/data-final/中文/Raw/aqgy5_0014/00029.mp4,545719
datasets/data-final/中文/Raw/aqgy5_0014/00030.mp4,217113
datasets/data-final/中文/Raw/aqgy5_0014/00031.mp4,486166
datasets/data-final/中文/Raw/aqgy5_0014/00032.mp4,672103
datasets/data-final/中文/Raw/aqgy5_0014/00033.mp4,776580
datasets/data-final/中文/Raw/aqgy5_0014/00034.mp4,1324964
datasets/data-final/中文/Raw/aqgy5_0014/00035.mp4,476416
datasets/data-final/中文/Raw/aqgy5_0014/00036.mp4,786083
datasets/data-final/中文/Raw/aqgy5_0014/00037.mp4,414264
datasets/data-final/中文/Raw/aqgy5_0014/00038.mp4,167363
datasets/data-final/中文/Raw/aqgy5_0014/00039.mp4,445421
datasets/data-final/中文/Raw/aqgy5_0014/00040.mp4,610870
datasets/data-final/中文/Raw/aqgy5_0014/00041.mp4,262517
datasets/data-final/中文/Raw/aqgy5_0014/00042.mp4,343790
datasets/data-final/中文/Raw/aqgy5_0014/00043.mp4,324287
datasets/data-final/中文/Raw/aqgy5_0014/00044.mp4,150892
datasets/data-final/中文/Raw/aqgy5_0014/00045.mp4,1698099
datasets/data-final/中文/Raw/aqgy5_0014/00046.mp4,845470
datasets/data-final/中文/Raw/aqgy5_0014/00047.mp4,797861
datasets/data-final/中文/Raw/aqgy5_0014/00048.mp4,692184
datasets/data-final/中文/Raw/aqgy5_0014/00049.mp4,654913
datasets/data-final/中文/Raw/aqgy5_0014/00050.mp4,2496758
datasets/data-final/中文/Raw/aqgy5_0014/00051.mp4,392272
datasets/data-final/中文/Raw/aqgy5_0014/00052.mp4,333622
datasets/data-final/中文/Raw/aqgy5_0014/00053.mp4,1047581
datasets/data-final/中文/Raw/aqgy5_0015/00000.mp4,397707
datasets/data-final/中文/Raw/aqgy5_0015/00001.mp4,1069955
datasets/data-final/中文/Raw/aqgy5_0015/00002.mp4,598957
datasets/data-final/中文/Raw/aqgy5_0015/00003.mp4,857279
datasets/data-final/中文/Raw/aqgy5_0015/00004.mp4,689141
datasets/data-final/中文/Raw/aqgy5_0015/00005.mp4,409510
datasets/data-final/中文/Raw/aqgy5_0015/00006.mp4,541364
datasets/data-final/中文/Raw/aqgy5_0015/00007.mp4,419322
datasets/data-final/中文/Raw/aqgy5_0015/00008.mp4,263955
datasets/data-final/中文/Raw/aqgy5_0015/00009.mp4,561603
datasets/data-final/中文/Raw/aqgy5_0015/00010.mp4,306707
datasets/data-final/中文/Raw/aqgy5_0015/00011.mp4,338134
datasets/data-final/中文/Raw/aqgy5_0015/00012.mp4,1906195
datasets/data-final/中文/Raw/aqgy5_0015/00013.mp4,1884067
datasets/data-final/中文/Raw/aqgy5_0015/00014.mp4,1202734
datasets/data-final/中文/Raw/aqgy5_0015/00015.mp4,1054780
datasets/data-final/中文/Raw/aqgy5_0015/00016.mp4,1178073
datasets/data-final/中文/Raw/aqgy5_0015/00017.mp4,743695
datasets/data-final/中文/Raw/aqgy5_0015/00018.mp4,1380678
datasets/data-final/中文/Raw/aqgy5_0015/00019.mp4,1009236
datasets/data-final/中文/Raw/aqgy5_0015/00020.mp4,540967
datasets/data-final/中文/Raw/aqgy5_0015/00021.mp4,736093
datasets/data-final/中文/Raw/aqgy5_0015/00022.mp4,399928
datasets/data-final/中文/Raw/aqgy5_0015/00023.mp4,581484
datasets/data-final/中文/Raw/aqgy5_0015/00024.mp4,962680
datasets/data-final/中文/Raw/aqgy5_0015/00025.mp4,517081
datasets/data-final/中文/Raw/aqgy5_0015/00026.mp4,1251270
datasets/data-final/中文/Raw/aqgy5_0015/00027.mp4,798189
datasets/data-final/中文/Raw/aqgy5_0016/00000.mp4,670491
datasets/data-final/中文/Raw/aqgy5_0016/00001.mp4,712558
datasets/data-final/中文/Raw/aqgy5_0016/00002.mp4,286916
datasets/data-final/中文/Raw/aqgy5_0016/00003.mp4,438917
datasets/data-final/中文/Raw/aqgy5_0016/00004.mp4,612012
datasets/data-final/中文/Raw/aqgy5_0016/00005.mp4,414968
datasets/data-final/中文/Raw/aqgy5_0016/00006.mp4,161704
datasets/data-final/中文/Raw/aqgy5_0016/00007.mp4,669671
datasets/data-final/中文/Raw/aqgy5_0016/00008.mp4,572344
datasets/data-final/中文/Raw/aqgy5_0016/00009.mp4,545877
datasets/data-final/中文/Raw/aqgy5_0016/00010.mp4,798196
datasets/data-final/中文/Raw/aqgy5_0016/00011.mp4,886027
datasets/data-final/中文/Raw/aqgy5_0016/00012.mp4,575350
datasets/data-final/中文/Raw/aqgy5_0016/00013.mp4,588743
datasets/data-final/中文/Raw/aqgy5_0016/00014.mp4,514091
datasets/data-final/中文/Raw/aqgy5_0016/00015.mp4,265883
datasets/data-final/中文/Raw/aqgy5_0016/00016.mp4,1109953
datasets/data-final/中文/Raw/aqgy5_0016/00017.mp4,923038
datasets/data-final/中文/Raw/aqgy5_0016/00018.mp4,1198596
datasets/data-final/中文/Raw/aqgy5_0016/00019.mp4,398136
datasets/data-final/中文/Raw/aqgy5_0016/00020.mp4,899393
datasets/data-final/中文/Raw/aqgy5_0016/00021.mp4,167915
datasets/data-final/中文/Raw/aqgy5_0016/00022.mp4,576042
datasets/data-final/中文/Raw/aqgy5_0016/00023.mp4,758123
datasets/data-final/中文/Raw/aqgy5_0016/00024.mp4,906904
datasets/data-final/中文/Raw/aqgy5_0016/00025.mp4,747764
datasets/data-final/中文/Raw/aqgy5_0016/00026.mp4,1058763
datasets/data-final/中文/Raw/aqgy5_0016/00027.mp4,1706446
datasets/data-final/中文/Raw/aqgy5_0016/00028.mp4,1036668
datasets/data-final/中文/Raw/aqgy5_0016/00029.mp4,666295
datasets/data-final/中文/Raw/aqgy5_0016/00030.mp4,1883402
datasets/data-final/中文/Raw/aqgy5_0016/00031.mp4,554430
datasets/data-final/中文/Raw/aqgy5_0016/00032.mp4,879147
datasets/data-final/中文/Raw/aqgy5_0016/00033.mp4,1012545
datasets/data-final/中文/Raw/aqgy5_0016/00034.mp4,277625
datasets/data-final/中文/Raw/aqgy5_0016/00035.mp4,722345
datasets/data-final/中文/Raw/aqgy5_0016/00036.mp4,578186
datasets/data-final/中文/Raw/aqgy5_0016/00037.mp4,660247
datasets/data-final/中文/Raw/aqgy5_0016/00038.mp4,1031335
datasets/data-final/中文/Raw/aqgy5_0016/00039.mp4,715838
datasets/data-final/中文/Raw/aqgy5_0016/00040.mp4,3232694
datasets/data-final/中文/Raw/aqgy5_0016/00041.mp4,460682
datasets/data-final/中文/Raw/aqgy5_0016/00042.mp4,910833
datasets/data-final/中文/Raw/aqgy5_0016/00043.mp4,477603
datasets/data-final/中文/Raw/aqgy5_0016/00044.mp4,362064
datasets/data-final/中文/Raw/aqgy5_0016/00045.mp4,199190
datasets/data-final/中文/Raw/aqgy5_0017/00000.mp4,831276
datasets/data-final/中文/Raw/aqgy5_0017/00001.mp4,793772
datasets/data-final/中文/Raw/aqgy5_0017/00002.mp4,495242
datasets/data-final/中文/Raw/aqgy5_0017/00003.mp4,1587660
datasets/data-final/中文/Raw/aqgy5_0017/00004.mp4,284201
datasets/data-final/中文/Raw/aqgy5_0017/00005.mp4,330360
datasets/data-final/中文/Raw/aqgy5_0017/00006.mp4,438653
datasets/data-final/中文/Raw/aqgy5_0017/00007.mp4,2400397
datasets/data-final/中文/Raw/aqgy5_0017/00008.mp4,590499
datasets/data-final/中文/Raw/aqgy5_0017/00009.mp4,181233
datasets/data-final/中文/Raw/aqgy5_0017/00010.mp4,1500717
datasets/data-final/中文/Raw/aqgy5_0017/00011.mp4,673449
datasets/data-final/中文/Raw/aqgy5_0017/00012.mp4,375458
datasets/data-final/中文/Raw/aqgy5_0017/00013.mp4,498219
datasets/data-final/中文/Raw/aqgy5_0017/00014.mp4,352693
datasets/data-final/中文/Raw/aqgy5_0017/00015.mp4,698397
datasets/data-final/中文/Raw/aqgy5_0017/00016.mp4,2141939
datasets/data-final/中文/Raw/aqgy5_0017/00017.mp4,1039643
datasets/data-final/中文/Raw/aqgy5_0017/00018.mp4,4243730
datasets/data-final/中文/Raw/aqgy5_0017/00019.mp4,610772
datasets/data-final/中文/Raw/aqgy5_0017/00020.mp4,384842
datasets/data-final/中文/Raw/aqgy5_0017/00021.mp4,287600
datasets/data-final/中文/Raw/aqgy5_0017/00022.mp4,859350
datasets/data-final/中文/Raw/aqgy5_0017/00023.mp4,705172
datasets/data-final/中文/Raw/aqgy5_0017/00024.mp4,830253
datasets/data-final/中文/Raw/aqgy5_0017/00025.mp4,242916
datasets/data-final/中文/Raw/aqgy5_0017/00026.mp4,2615460
datasets/data-final/中文/Raw/aqgy5_0017/00027.mp4,1722933
datasets/data-final/中文/Raw/aqgy5_0017/00028.mp4,631168
datasets/data-final/中文/Raw/aqgy5_0017/00029.mp4,666984
datasets/data-final/中文/Raw/aqgy5_0017/00030.mp4,465886
datasets/data-final/中文/Raw/aqgy5_0017/00031.mp4,1399913
datasets/data-final/中文/Raw/aqgy5_0017/00032.mp4,2920040
datasets/data-final/中文/Raw/aqgy5_0017/00033.mp4,371674
datasets/data-final/中文/Raw/aqgy5_0017/00034.mp4,262077
datasets/data-final/中文/Raw/aqgy5_0017/00035.mp4,1144464
datasets/data-final/中文/Raw/aqgy5_0017/00036.mp4,99523
datasets/data-final/中文/Raw/aqgy5_0017/00037.mp4,583934
datasets/data-final/中文/Raw/aqgy5_0017/00038.mp4,472546
datasets/data-final/中文/Raw/aqgy5_0017/00039.mp4,666928
datasets/data-final/中文/Raw/aqgy5_0017/00040.mp4,684829
datasets/data-final/中文/Raw/aqgy5_0017/00041.mp4,1577670
datasets/data-final/中文/Raw/aqgy5_0017/00042.mp4,392322
datasets/data-final/中文/Raw/aqgy5_0017/00043.mp4,477794
datasets/data-final/中文/Raw/aqgy5_0017/00044.mp4,524776
datasets/data-final/中文/Raw/aqgy5_0017/00045.mp4,515882
datasets/data-final/中文/Raw/aqgy5_0018/00000.mp4,286195
datasets/data-final/中文/Raw/aqgy5_0018/00001.mp4,480442
datasets/data-final/中文/Raw/aqgy5_0018/00002.mp4,725382
datasets/data-final/中文/Raw/aqgy5_0018/00003.mp4,312338
datasets/data-final/中文/Raw/aqgy5_0018/00004.mp4,829695
datasets/data-final/中文/Raw/aqgy5_0018/00005.mp4,415316
datasets/data-final/中文/Raw/aqgy5_0018/00006.mp4,1003621
datasets/data-final/中文/Raw/aqgy5_0018/00007.mp4,1141357
datasets/data-final/中文/Raw/aqgy5_0018/00008.mp4,409801
datasets/data-final/中文/Raw/aqgy5_0018/00009.mp4,295556
datasets/data-final/中文/Raw/aqgy5_0018/00010.mp4,516145
datasets/data-final/中文/Raw/aqgy5_0018/00011.mp4,517557
datasets/data-final/中文/Raw/aqgy5_0018/00012.mp4,722070
datasets/data-final/中文/Raw/aqgy5_0018/00013.mp4,1049533
datasets/data-final/中文/Raw/aqgy5_0018/00014.mp4,642926
datasets/data-final/中文/Raw/aqgy5_0018/00015.mp4,1177432
datasets/data-final/中文/Raw/aqgy5_0018/00016.mp4,420719
datasets/data-final/中文/Raw/aqgy5_0018/00017.mp4,510094
datasets/data-final/中文/Raw/aqgy5_0018/00018.mp4,426816
datasets/data-final/中文/Raw/aqgy5_0018/00019.mp4,760086
datasets/data-final/中文/Raw/aqgy5_0018/00020.mp4,688742
datasets/data-final/中文/Raw/aqgy5_0018/00021.mp4,389461
datasets/data-final/中文/Raw/aqgy5_0018/00022.mp4,488137
datasets/data-final/中文/Raw/aqgy5_0018/00023.mp4,501460
datasets/data-final/中文/Raw/aqgy5_0019/00000.mp4,1952825
datasets/data-final/中文/Raw/aqgy5_0019/00001.mp4,624426
datasets/data-final/中文/Raw/aqgy5_0019/00002.mp4,517905
datasets/data-final/中文/Raw/aqgy5_0019/00003.mp4,421858
datasets/data-final/中文/Raw/aqgy5_0019/00004.mp4,615280
datasets/data-final/中文/Raw/aqgy5_0019/00005.mp4,653191
datasets/data-final/中文/Raw/aqgy5_0019/00006.mp4,734393
datasets/data-final/中文/Raw/aqgy5_0019/00007.mp4,825293
datasets/data-final/中文/Raw/aqgy5_0019/00008.mp4,421635
datasets/data-final/中文/Raw/aqgy5_0019/00009.mp4,633718
datasets/data-final/中文/Raw/aqgy5_0019/00010.mp4,598953
datasets/data-final/中文/Raw/aqgy5_0019/00011.mp4,1674588
datasets/data-final/中文/Raw/aqgy5_0019/00012.mp4,388213
datasets/data-final/中文/Raw/aqgy5_0019/00013.mp4,428709
datasets/data-final/中文/Raw/aqgy5_0019/00014.mp4,471619
datasets/data-final/中文/Raw/aqgy5_0019/00015.mp4,1033699
datasets/data-final/中文/Raw/aqgy5_0019/00016.mp4,530364
datasets/data-final/中文/Raw/aqgy5_0019/00017.mp4,1007959
datasets/data-final/中文/Raw/aqgy5_0020/00000.mp4,1723715
datasets/data-final/中文/Raw/aqgy5_0020/00001.mp4,749336
datasets/data-final/中文/Raw/aqgy5_0020/00002.mp4,920612
datasets/data-final/中文/Raw/aqgy5_0020/00003.mp4,992043
datasets/data-final/中文/Raw/aqgy5_0020/00004.mp4,1986939
datasets/data-final/中文/Raw/aqgy5_0020/00005.mp4,592244
datasets/data-final/中文/Raw/aqgy5_0020/00006.mp4,782475
datasets/data-final/中文/Raw/aqgy5_0020/00007.mp4,1036089
datasets/data-final/中文/Raw/aqgy5_0020/00008.mp4,668628
datasets/data-final/中文/Raw/aqgy5_0020/00009.mp4,541508
datasets/data-final/中文/Raw/aqgy5_0020/00010.mp4,340818
datasets/data-final/中文/Raw/aqgy5_0020/00011.mp4,1482629
datasets/data-final/中文/Raw/aqgy5_0020/00012.mp4,285732
datasets/data-final/中文/Raw/aqgy5_0020/00013.mp4,1189986
datasets/data-final/中文/Raw/aqgy5_0020/00014.mp4,639806
datasets/data-final/中文/Raw/aqgy5_0020/00015.mp4,2090738
datasets/data-final/中文/Raw/aqgy5_0020/00016.mp4,797670
datasets/data-final/中文/Raw/aqgy5_0020/00017.mp4,415323
datasets/data-final/中文/Raw/aqgy5_0020/00018.mp4,954404
datasets/data-final/中文/Raw/aqgy5_0020/00019.mp4,375412
datasets/data-final/中文/Raw/aqgy5_0020/00020.mp4,1023317
datasets/data-final/中文/Raw/aqgy5_0020/00021.mp4,532039
datasets/data-final/中文/Raw/aqgy5_0020/00022.mp4,795472
datasets/data-final/中文/Raw/aqgy5_0020/00023.mp4,750525
datasets/data-final/中文/Raw/aqgy5_0020/00024.mp4,1028012
datasets/data-final/中文/Raw/aqgy5_0020/00025.mp4,1185958
datasets/data-final/中文/Raw/aqgy5_0020/00026.mp4,338550
datasets/data-final/中文/Raw/aqgy5_0020/00027.mp4,403025
datasets/data-final/中文/Raw/aqgy5_0020/00028.mp4,304689
datasets/data-final/中文/Raw/aqgy5_0020/00029.mp4,734790
datasets/data-final/中文/Raw/aqgy5_0020/00030.mp4,262470
datasets/data-final/中文/Raw/aqgy5_0020/00031.mp4,1191768
datasets/data-final/中文/Raw/aqgy5_0020/00032.mp4,523925
datasets/data-final/中文/Raw/aqgy5_0020/00033.mp4,224999
datasets/data-final/中文/Raw/aqgy5_0020/00034.mp4,894547
datasets/data-final/中文/Raw/aqgy5_0021/00000.mp4,1627938
datasets/data-final/中文/Raw/aqgy5_0021/00001.mp4,252175
datasets/data-final/中文/Raw/aqgy5_0021/00002.mp4,343890
datasets/data-final/中文/Raw/aqgy5_0021/00003.mp4,249758
datasets/data-final/中文/Raw/aqgy5_0021/00004.mp4,986971
datasets/data-final/中文/Raw/aqgy5_0021/00005.mp4,504428
datasets/data-final/中文/Raw/aqgy5_0021/00006.mp4,337282
datasets/data-final/中文/Raw/aqgy5_0021/00007.mp4,331702
datasets/data-final/中文/Raw/aqgy5_0021/00008.mp4,399264
datasets/data-final/中文/Raw/aqgy5_0021/00009.mp4,531035
datasets/data-final/中文/Raw/aqgy5_0021/00010.mp4,199391
datasets/data-final/中文/Raw/aqgy5_0021/00011.mp4,309625
datasets/data-final/中文/Raw/aqgy5_0021/00012.mp4,240509
datasets/data-final/中文/Raw/aqgy5_0021/00013.mp4,1160237
datasets/data-final/中文/Raw/aqgy5_0021/00014.mp4,387024
datasets/data-final/中文/Raw/aqgy5_0021/00015.mp4,374055
datasets/data-final/中文/Raw/aqgy5_0021/00016.mp4,1169048
datasets/data-final/中文/Raw/aqgy5_0021/00017.mp4,263746
datasets/data-final/中文/Raw/aqgy5_0021/00018.mp4,293121
datasets/data-final/中文/Raw/aqgy5_0021/00019.mp4,990624
datasets/data-final/中文/Raw/aqgy5_0021/00020.mp4,210954
datasets/data-final/中文/Raw/aqgy5_0021/00021.mp4,357779
datasets/data-final/中文/Raw/aqgy5_0021/00022.mp4,316163
datasets/data-final/中文/Raw/aqgy5_0021/00023.mp4,273691
datasets/data-final/中文/Raw/aqgy5_0022/00000.mp4,527231
datasets/data-final/中文/Raw/aqgy5_0022/00001.mp4,570121
datasets/data-final/中文/Raw/aqgy5_0022/00002.mp4,639771
datasets/data-final/中文/Raw/aqgy5_0022/00003.mp4,360338
datasets/data-final/中文/Raw/aqgy5_0022/00004.mp4,397298
datasets/data-final/中文/Raw/aqgy5_0022/00005.mp4,377775
datasets/data-final/中文/Raw/aqgy5_0022/00006.mp4,827830
datasets/data-final/中文/Raw/aqgy5_0022/00007.mp4,1049386
datasets/data-final/中文/Raw/aqgy5_0022/00008.mp4,240636
datasets/data-final/中文/Raw/aqgy5_0022/00009.mp4,427363
datasets/data-final/中文/Raw/aqgy5_0022/00010.mp4,298382
datasets/data-final/中文/Raw/aqgy5_0022/00011.mp4,647718
datasets/data-final/中文/Raw/aqgy5_0022/00012.mp4,326279
datasets/data-final/中文/Raw/aqgy5_0022/00013.mp4,484370
datasets/data-final/中文/Raw/aqgy5_0022/00014.mp4,252256
datasets/data-final/中文/Raw/aqgy5_0022/00015.mp4,454273
datasets/data-final/中文/Raw/aqgy5_0022/00016.mp4,432824
datasets/data-final/中文/Raw/aqgy5_0022/00017.mp4,2443451
datasets/data-final/中文/Raw/aqgy5_0022/00018.mp4,2466567
datasets/data-final/中文/Raw/aqgy5_0022/00019.mp4,776539
datasets/data-final/中文/Raw/aqgy5_0022/00020.mp4,1127518
datasets/data-final/中文/Raw/aqgy5_0022/00021.mp4,2988930
datasets/data-final/中文/Raw/aqgy5_0022/00022.mp4,608111
datasets/data-final/中文/Raw/aqgy5_0022/00023.mp4,2640986
datasets/data-final/中文/Raw/aqgy5_0022/00024.mp4,490849
datasets/data-final/中文/Raw/aqgy5_0023/00000.mp4,168263
datasets/data-final/中文/Raw/aqgy5_0023/00001.mp4,725159
datasets/data-final/中文/Raw/aqgy5_0023/00002.mp4,595519
datasets/data-final/中文/Raw/aqgy5_0023/00003.mp4,896604
datasets/data-final/中文/Raw/aqgy5_0023/00004.mp4,931382
datasets/data-final/中文/Raw/aqgy5_0023/00005.mp4,367088
datasets/data-final/中文/Raw/aqgy5_0023/00006.mp4,651695
datasets/data-final/中文/Raw/aqgy5_0023/00007.mp4,504975
datasets/data-final/中文/Raw/aqgy5_0023/00008.mp4,628492
datasets/data-final/中文/Raw/aqgy5_0023/00009.mp4,181345
datasets/data-final/中文/Raw/aqgy5_0023/00010.mp4,587258
datasets/data-final/中文/Raw/aqgy5_0023/00011.mp4,928716
datasets/data-final/中文/Raw/aqgy5_0023/00012.mp4,1139601
datasets/data-final/中文/Raw/aqgy5_0023/00013.mp4,1353283
datasets/data-final/中文/Raw/aqgy5_0024/00000.mp4,625450
datasets/data-final/中文/Raw/aqgy5_0024/00001.mp4,963846
datasets/data-final/中文/Raw/aqgy5_0024/00002.mp4,1082820
datasets/data-final/中文/Raw/aqgy5_0024/00003.mp4,605230
datasets/data-final/中文/Raw/aqgy5_0024/00004.mp4,520283
datasets/data-final/中文/Raw/aqgy5_0024/00005.mp4,454957
datasets/data-final/中文/Raw/aqgy5_0024/00006.mp4,826229
datasets/data-final/中文/Raw/aqgy5_0024/00007.mp4,673322
datasets/data-final/中文/Raw/aqgy5_0024/00008.mp4,607963
datasets/data-final/中文/Raw/aqgy5_0024/00009.mp4,536426
datasets/data-final/中文/Raw/aqgy5_0024/00010.mp4,429786
datasets/data-final/中文/Raw/aqgy5_0024/00011.mp4,138217
datasets/data-final/中文/Raw/aqgy5_0024/00012.mp4,701612
datasets/data-final/中文/Raw/aqgy5_0024/00013.mp4,297426
datasets/data-final/中文/Raw/aqgy5_0024/00014.mp4,642435
datasets/data-final/中文/Raw/aqgy5_0024/00015.mp4,620617
datasets/data-final/中文/Raw/aqgy5_0024/00016.mp4,822196
datasets/data-final/中文/Raw/aqgy5_0025/00000.mp4,347951
datasets/data-final/中文/Raw/aqgy5_0025/00001.mp4,445751
datasets/data-final/中文/Raw/aqgy5_0025/00002.mp4,698163
datasets/data-final/中文/Raw/aqgy5_0025/00003.mp4,1393136
datasets/data-final/中文/Raw/aqgy5_0025/00004.mp4,941544
datasets/data-final/中文/Raw/aqgy5_0025/00005.mp4,864904
datasets/data-final/中文/Raw/aqgy5_0025/00006.mp4,1039514
datasets/data-final/中文/Raw/aqgy5_0025/00007.mp4,475605
datasets/data-final/中文/Raw/aqgy5_0025/00008.mp4,214656
datasets/data-final/中文/Raw/aqgy5_0025/00009.mp4,343270
datasets/data-final/中文/Raw/aqgy5_0025/00010.mp4,859068
datasets/data-final/中文/Raw/aqgy5_0025/00011.mp4,928388
datasets/data-final/中文/Raw/aqgy5_0025/00012.mp4,640813
datasets/data-final/中文/Raw/aqgy5_0025/00013.mp4,279129
datasets/data-final/中文/Raw/aqgy5_0025/00014.mp4,536576
datasets/data-final/中文/Raw/aqgy5_0025/00015.mp4,1789208
datasets/data-final/中文/Raw/aqgy5_0025/00016.mp4,472463
datasets/data-final/中文/Raw/aqgy5_0025/00017.mp4,376573
datasets/data-final/中文/Raw/aqgy5_0025/00018.mp4,663809
datasets/data-final/中文/Raw/aqgy5_0025/00019.mp4,587662
datasets/data-final/中文/Raw/aqgy5_0025/00020.mp4,885605
datasets/data-final/中文/Raw/aqgy5_0025/00021.mp4,526553
datasets/data-final/中文/Raw/aqgy5_0025/00022.mp4,498638
datasets/data-final/中文/Raw/aqgy5_0025/00023.mp4,497239
datasets/data-final/中文/Raw/aqgy5_0025/00024.mp4,334265
datasets/data-final/中文/Raw/aqgy5_0025/00025.mp4,661591
datasets/data-final/中文/Raw/aqgy5_0025/00026.mp4,422613
datasets/data-final/中文/Raw/aqgy5_0025/00027.mp4,675035
datasets/data-final/中文/Raw/aqgy5_0025/00028.mp4,1033740
datasets/data-final/中文/Raw/aqgy5_0026/00000.mp4,770182
datasets/data-final/中文/Raw/aqgy5_0026/00001.mp4,369930
datasets/data-final/中文/Raw/aqgy5_0026/00002.mp4,493981
datasets/data-final/中文/Raw/aqgy5_0026/00003.mp4,1391866
datasets/data-final/中文/Raw/aqgy5_0026/00004.mp4,499605
datasets/data-final/中文/Raw/aqgy5_0026/00005.mp4,590064
datasets/data-final/中文/Raw/aqgy5_0026/00006.mp4,648244
datasets/data-final/中文/Raw/aqgy5_0026/00007.mp4,636685
datasets/data-final/中文/Raw/aqgy5_0026/00008.mp4,393276
datasets/data-final/中文/Raw/aqgy5_0026/00009.mp4,195918
datasets/data-final/中文/Raw/aqgy5_0026/00010.mp4,413424
datasets/data-final/中文/Raw/aqgy5_0026/00011.mp4,1007832
datasets/data-final/中文/Raw/aqgy5_0026/00012.mp4,2731842
datasets/data-final/中文/Raw/aqgy5_0026/00013.mp4,463803
datasets/data-final/中文/Raw/aqgy5_0026/00014.mp4,510708
datasets/data-final/中文/Raw/aqgy5_0026/00015.mp4,1173794
datasets/data-final/中文/Raw/aqgy5_0026/00016.mp4,546154
datasets/data-final/中文/Raw/aqgy5_0026/00017.mp4,568965
datasets/data-final/中文/Raw/aqgy5_0026/00018.mp4,177645
datasets/data-final/中文/Raw/aqgy5_0027/00000.mp4,548173
datasets/data-final/中文/Raw/aqgy5_0027/00001.mp4,391047
datasets/data-final/中文/Raw/aqgy5_0027/00002.mp4,638645
datasets/data-final/中文/Raw/aqgy5_0027/00003.mp4,553291
datasets/data-final/中文/Raw/aqgy5_0027/00004.mp4,769344
datasets/data-final/中文/Raw/aqgy5_0027/00005.mp4,1409867
datasets/data-final/中文/Raw/aqgy5_0027/00006.mp4,268107
datasets/data-final/中文/Raw/aqgy5_0027/00007.mp4,319699
datasets/data-final/中文/Raw/aqgy5_0027/00009.mp4,599557
datasets/data-final/中文/Raw/aqgy5_0027/00010.mp4,164981
datasets/data-final/中文/Raw/aqgy5_0027/00011.mp4,287880
datasets/data-final/中文/Raw/aqgy5_0027/00012.mp4,196632
datasets/data-final/中文/Raw/aqgy5_0027/00013.mp4,1144500
datasets/data-final/中文/Raw/aqgy5_0027/00014.mp4,375382
datasets/data-final/中文/Raw/aqgy5_0027/00015.mp4,508253
datasets/data-final/中文/Raw/aqgy5_0027/00016.mp4,916083
datasets/data-final/中文/Raw/aqgy5_0027/00017.mp4,549911
datasets/data-final/中文/Raw/aqgy5_0027/00018.mp4,1047157
datasets/data-final/中文/Raw/aqgy5_0027/00019.mp4,1892645
datasets/data-final/中文/Raw/aqgy5_0027/00020.mp4,447302
datasets/data-final/中文/Raw/aqgy5_0027/00021.mp4,737903
datasets/data-final/中文/Raw/aqgy5_0027/00022.mp4,503036
datasets/data-final/中文/Raw/aqgy5_0027/00023.mp4,408146
datasets/data-final/中文/Raw/aqgy5_0027/00024.mp4,334753
datasets/data-final/中文/Raw/aqgy5_0027/00025.mp4,724755
datasets/data-final/中文/Raw/aqgy5_0027/00026.mp4,426089
datasets/data-final/中文/Raw/aqgy5_0027/00027.mp4,470596
datasets/data-final/中文/Raw/aqgy5_0027/00028.mp4,351232
datasets/data-final/中文/Raw/aqgy5_0027/00029.mp4,639895
datasets/data-final/中文/Raw/aqgy5_0027/00030.mp4,698663
datasets/data-final/中文/Raw/aqgy5_0027/00031.mp4,661726
datasets/data-final/中文/Raw/aqgy5_0027/00032.mp4,963609
datasets/data-final/中文/Raw/aqgy5_0027/00033.mp4,829507
datasets/data-final/中文/Raw/aqgy5_0027/00034.mp4,488668
datasets/data-final/中文/Raw/aqgy5_0027/00035.mp4,607874
datasets/data-final/中文/Raw/aqgy5_0027/00036.mp4,830837
datasets/data-final/中文/Raw/aqgy5_0027/00037.mp4,681985
datasets/data-final/中文/Raw/aqgy5_0027/00038.mp4,270027
datasets/data-final/中文/Raw/aqgy5_0027/00039.mp4,931279
datasets/data-final/中文/Raw/aqgy5_0027/00040.mp4,303117
datasets/data-final/中文/Raw/aqgy5_0027/00041.mp4,658118
datasets/data-final/中文/Raw/aqgy5_0028/00000.mp4,845552
datasets/data-final/中文/Raw/aqgy5_0028/00001.mp4,405024
datasets/data-final/中文/Raw/aqgy5_0028/00002.mp4,457637
datasets/data-final/中文/Raw/aqgy5_0028/00003.mp4,1468234
datasets/data-final/中文/Raw/aqgy5_0028/00004.mp4,380267
datasets/data-final/中文/Raw/aqgy5_0028/00005.mp4,335842
datasets/data-final/中文/Raw/aqgy5_0028/00006.mp4,414530
datasets/data-final/中文/Raw/aqgy5_0028/00008.mp4,715278
datasets/data-final/中文/Raw/aqgy5_0028/00009.mp4,954740
datasets/data-final/中文/Raw/aqgy5_0028/00010.mp4,600782
datasets/data-final/中文/Raw/aqgy5_0028/00011.mp4,703918
datasets/data-final/中文/Raw/aqgy5_0028/00012.mp4,535768
datasets/data-final/中文/Raw/aqgy5_0028/00013.mp4,520457
datasets/data-final/中文/Raw/aqgy5_0028/00014.mp4,281834
datasets/data-final/中文/Raw/aqgy5_0028/00015.mp4,282681
datasets/data-final/中文/Raw/aqgy5_0028/00016.mp4,274616
datasets/data-final/中文/Raw/aqgy5_0028/00017.mp4,588991
datasets/data-final/中文/Raw/aqgy5_0028/00018.mp4,601941
datasets/data-final/中文/Raw/aqgy5_0028/00019.mp4,690139
datasets/data-final/中文/Raw/aqgy5_0028/00020.mp4,658287
datasets/data-final/中文/Raw/aqgy5_0028/00021.mp4,894246
datasets/data-final/中文/Raw/aqgy5_0028/00022.mp4,481273
datasets/data-final/中文/Raw/aqgy5_0028/00023.mp4,915146
datasets/data-final/中文/Raw/aqgy5_0028/00024.mp4,700117
datasets/data-final/中文/Raw/aqgy5_0028/00025.mp4,581213
datasets/data-final/中文/Raw/aqgy5_0028/00026.mp4,424611
datasets/data-final/中文/Raw/aqgy5_0028/00027.mp4,390659
datasets/data-final/中文/Raw/aqgy5_0028/00028.mp4,617173
datasets/data-final/中文/Raw/aqgy5_0028/00029.mp4,357001
datasets/data-final/中文/Raw/aqgy5_0028/00030.mp4,347795
datasets/data-final/中文/Raw/aqgy5_0028/00031.mp4,317948
datasets/data-final/中文/Raw/aqgy5_0028/00032.mp4,161843
datasets/data-final/中文/Raw/aqgy5_0028/00033.mp4,242218
datasets/data-final/中文/Raw/aqgy5_0028/00034.mp4,238552
datasets/data-final/中文/Raw/aqgy5_0028/00035.mp4,301516
datasets/data-final/中文/Raw/aqgy5_0028/00036.mp4,424234
datasets/data-final/中文/Raw/aqgy5_0028/00037.mp4,512611
datasets/data-final/中文/Raw/aqgy5_0028/00038.mp4,590302
datasets/data-final/中文/Raw/aqgy5_0028/00039.mp4,416584
datasets/data-final/中文/Raw/aqgy5_0028/00040.mp4,257989
datasets/data-final/中文/Raw/aqgy5_0028/00041.mp4,388846
datasets/data-final/中文/Raw/aqgy5_0028/00042.mp4,672135
datasets/data-final/中文/Raw/aqgy5_0028/00043.mp4,816978
datasets/data-final/中文/Raw/aqgy5_0028/00044.mp4,312051
datasets/data-final/中文/Raw/aqgy5_0028/00045.mp4,1015341
datasets/data-final/中文/Raw/aqgy5_0028/00046.mp4,1774110
datasets/data-final/中文/Raw/aqgy5_0028/00047.mp4,791662
datasets/data-final/中文/Raw/aqgy5_0028/00048.mp4,551024
datasets/data-final/中文/Raw/aqgy5_0028/00049.mp4,531064
datasets/data-final/中文/Raw/aqgy5_0029/00000.mp4,383791
datasets/data-final/中文/Raw/aqgy5_0029/00001.mp4,573962
datasets/data-final/中文/Raw/aqgy5_0029/00002.mp4,261867
datasets/data-final/中文/Raw/aqgy5_0029/00003.mp4,1084983
datasets/data-final/中文/Raw/aqgy5_0029/00004.mp4,789005
datasets/data-final/中文/Raw/aqgy5_0029/00005.mp4,867326
datasets/data-final/中文/Raw/aqgy5_0029/00006.mp4,635475
datasets/data-final/中文/Raw/aqgy5_0029/00007.mp4,2208628
datasets/data-final/中文/Raw/aqgy5_0029/00008.mp4,493272
datasets/data-final/中文/Raw/aqgy5_0029/00009.mp4,599632
datasets/data-final/中文/Raw/aqgy5_0029/00010.mp4,655920
datasets/data-final/中文/Raw/aqgy5_0029/00011.mp4,178988
datasets/data-final/中文/Raw/aqgy5_0029/00012.mp4,1010353
datasets/data-final/中文/Raw/aqgy5_0029/00013.mp4,796648
datasets/data-final/中文/Raw/aqgy5_0029/00014.mp4,450560
datasets/data-final/中文/Raw/aqgy5_0029/00015.mp4,463843
datasets/data-final/中文/Raw/aqgy5_0029/00016.mp4,1911663
datasets/data-final/中文/Raw/aqgy5_0029/00017.mp4,955629
datasets/data-final/中文/Raw/aqgy5_0029/00018.mp4,569387
datasets/data-final/中文/Raw/aqgy5_0029/00019.mp4,1736251
datasets/data-final/中文/Raw/aqgy5_0029/00020.mp4,467897
datasets/data-final/中文/Raw/aqgy5_0029/00021.mp4,3416511
datasets/data-final/中文/Raw/aqgy5_0029/00022.mp4,567236
datasets/data-final/中文/Raw/aqgy5_0029/00023.mp4,933855
datasets/data-final/中文/Raw/aqgy5_0029/00024.mp4,676908
datasets/data-final/中文/Raw/aqgy5_0029/00025.mp4,512660
datasets/data-final/中文/Raw/aqgy5_0029/00026.mp4,177509
datasets/data-final/中文/Raw/aqgy5_0029/00027.mp4,1262531
datasets/data-final/中文/Raw/aqgy5_0029/00028.mp4,238330
datasets/data-final/中文/Raw/aqgy5_0029/00029.mp4,773712
datasets/data-final/中文/Raw/aqgy5_0029/00030.mp4,949125
datasets/data-final/中文/Raw/aqgy5_0029/00031.mp4,460312
datasets/data-final/中文/Raw/aqgy5_0029/00032.mp4,630388
datasets/data-final/中文/Raw/aqgy5_0030/00000.mp4,309128
datasets/data-final/中文/Raw/aqgy5_0030/00001.mp4,233071
datasets/data-final/中文/Raw/aqgy5_0030/00002.mp4,478950
datasets/data-final/中文/Raw/aqgy5_0030/00003.mp4,816879
datasets/data-final/中文/Raw/aqgy5_0030/00004.mp4,568331
datasets/data-final/中文/Raw/aqgy5_0030/00005.mp4,1371941
datasets/data-final/中文/Raw/aqgy5_0030/00006.mp4,857719
datasets/data-final/中文/Raw/aqgy5_0030/00007.mp4,896250
datasets/data-final/中文/Raw/aqgy5_0030/00008.mp4,740758
datasets/data-final/中文/Raw/aqgy5_0030/00009.mp4,1329720
datasets/data-final/中文/Raw/aqgy5_0030/00010.mp4,285593
datasets/data-final/中文/Raw/aqgy5_0030/00011.mp4,208241
datasets/data-final/中文/Raw/aqgy5_0030/00012.mp4,1282444
datasets/data-final/中文/Raw/aqgy5_0030/00013.mp4,356055
datasets/data-final/中文/Raw/aqgy5_0030/00014.mp4,350564
datasets/data-final/中文/Raw/aqgy5_0030/00015.mp4,472936
datasets/data-final/中文/Raw/aqgy5_0030/00017.mp4,730889
datasets/data-final/中文/Raw/aqgy5_0031/00000.mp4,236134
datasets/data-final/中文/Raw/aqgy5_0031/00001.mp4,689921
datasets/data-final/中文/Raw/aqgy5_0031/00002.mp4,758640
datasets/data-final/中文/Raw/aqgy5_0031/00003.mp4,331707
datasets/data-final/中文/Raw/aqgy5_0031/00004.mp4,382495
datasets/data-final/中文/Raw/aqgy5_0031/00005.mp4,1059968
datasets/data-final/中文/Raw/aqgy5_0031/00006.mp4,395711
datasets/data-final/中文/Raw/aqgy5_0031/00007.mp4,825754
datasets/data-final/中文/Raw/aqgy5_0031/00008.mp4,1018912
datasets/data-final/中文/Raw/aqgy5_0031/00009.mp4,190140
datasets/data-final/中文/Raw/aqgy5_0031/00010.mp4,397511
datasets/data-final/中文/Raw/aqgy5_0031/00011.mp4,527837
datasets/data-final/中文/Raw/aqgy5_0031/00012.mp4,818760
datasets/data-final/中文/Raw/aqgy5_0031/00013.mp4,634121
datasets/data-final/中文/Raw/aqgy5_0031/00014.mp4,294672
datasets/data-final/中文/Raw/aqgy5_0031/00015.mp4,402611
datasets/data-final/中文/Raw/aqgy5_0031/00016.mp4,301451
datasets/data-final/中文/Raw/aqgy5_0031/00017.mp4,944262
datasets/data-final/中文/Raw/aqgy5_0031/00018.mp4,617384
datasets/data-final/中文/Raw/aqgy5_0031/00019.mp4,850166
datasets/data-final/中文/Raw/aqgy5_0031/00020.mp4,591920
datasets/data-final/中文/Raw/aqgy5_0031/00021.mp4,418508
datasets/data-final/中文/Raw/aqgy5_0031/00022.mp4,390320
datasets/data-final/中文/Raw/aqgy5_0031/00023.mp4,436596
datasets/data-final/中文/Raw/aqgy5_0031/00024.mp4,620903
datasets/data-final/中文/Raw/aqgy5_0031/00025.mp4,571914
datasets/data-final/中文/Raw/aqgy5_0031/00026.mp4,816395
datasets/data-final/中文/Raw/aqgy5_0031/00027.mp4,875236
datasets/data-final/中文/Raw/aqgy5_0031/00028.mp4,561724
datasets/data-final/中文/Raw/aqgy5_0031/00029.mp4,247392
datasets/data-final/中文/Raw/aqgy5_0031/00030.mp4,364463
datasets/data-final/中文/Raw/aqgy5_0031/00031.mp4,633349
datasets/data-final/中文/Raw/aqgy5_0031/00032.mp4,409286
datasets/data-final/中文/Raw/aqgy5_0031/00033.mp4,459747
datasets/data-final/中文/Raw/aqgy5_0031/00034.mp4,3500475
datasets/data-final/中文/Raw/aqgy5_0031/00035.mp4,690505
datasets/data-final/中文/Raw/aqgy5_0031/00036.mp4,445488
datasets/data-final/中文/Raw/aqgy5_0031/00037.mp4,239464
datasets/data-final/中文/Raw/aqgy5_0031/00038.mp4,523413
datasets/data-final/中文/Raw/aqgy5_0031/00039.mp4,321089
datasets/data-final/中文/Raw/aqgy5_0031/00040.mp4,367975
datasets/data-final/中文/Raw/aqgy5_0031/00041.mp4,662815
datasets/data-final/中文/Raw/aqgy5_0031/00042.mp4,789452
datasets/data-final/中文/Raw/aqgy5_0031/00043.mp4,526156
datasets/data-final/中文/Raw/aqgy5_0031/00044.mp4,664328
datasets/data-final/中文/Raw/aqgy5_0031/00045.mp4,301103
datasets/data-final/中文/Raw/aqgy5_0031/00046.mp4,578753
datasets/data-final/中文/Raw/aqgy5_0031/00047.mp4,219972
datasets/data-final/中文/Raw/aqgy5_0031/00048.mp4,569786
datasets/data-final/中文/Raw/aqgy5_0031/00049.mp4,148382
datasets/data-final/中文/Raw/aqgy5_0031/00050.mp4,187470
datasets/data-final/中文/Raw/aqgy5_0031/00051.mp4,356470
datasets/data-final/中文/Raw/aqgy5_0031/00052.mp4,175554
datasets/data-final/中文/Raw/aqgy5_0031/00053.mp4,599276
datasets/data-final/中文/Raw/aqgy5_0031/00054.mp4,494257
datasets/data-final/中文/Raw/aqgy5_0031/00055.mp4,500644
datasets/data-final/中文/Raw/aqgy5_0031/00056.mp4,273842
datasets/data-final/中文/Raw/aqgy5_0031/00057.mp4,464726
datasets/data-final/中文/Raw/aqgy5_0031/00058.mp4,658304
datasets/data-final/中文/Raw/aqgy5_0031/00059.mp4,1254260
datasets/data-final/中文/Raw/aqgy5_0032/00000.mp4,253357
datasets/data-final/中文/Raw/aqgy5_0032/00001.mp4,213480
datasets/data-final/中文/Raw/aqgy5_0032/00002.mp4,280052
datasets/data-final/中文/Raw/aqgy5_0032/00003.mp4,718905
datasets/data-final/中文/Raw/aqgy5_0032/00004.mp4,690205
datasets/data-final/中文/Raw/aqgy5_0032/00005.mp4,613842
datasets/data-final/中文/Raw/aqgy5_0032/00006.mp4,463605
datasets/data-final/中文/Raw/aqgy5_0032/00007.mp4,303206
datasets/data-final/中文/Raw/aqgy5_0032/00008.mp4,703627
datasets/data-final/中文/Raw/aqgy5_0032/00009.mp4,417804
datasets/data-final/中文/Raw/aqgy5_0032/00010.mp4,145450
datasets/data-final/中文/Raw/aqgy5_0032/00011.mp4,839611
datasets/data-final/中文/Raw/aqgy5_0032/00012.mp4,2515731
datasets/data-final/中文/Raw/aqgy5_0032/00013.mp4,347519
datasets/data-final/中文/Raw/aqgy5_0032/00014.mp4,675586
datasets/data-final/中文/Raw/aqgy5_0032/00015.mp4,610460
datasets/data-final/中文/Raw/aqgy5_0032/00016.mp4,637498
datasets/data-final/中文/Raw/aqgy5_0032/00017.mp4,1317436
datasets/data-final/中文/Raw/aqgy5_0032/00018.mp4,639907
datasets/data-final/中文/Raw/aqgy5_0032/00019.mp4,495625
datasets/data-final/中文/Raw/aqgy5_0033/00000.mp4,460383
datasets/data-final/中文/Raw/aqgy5_0033/00001.mp4,436344
datasets/data-final/中文/Raw/aqgy5_0033/00002.mp4,610254
datasets/data-final/中文/Raw/aqgy5_0033/00003.mp4,786392
datasets/data-final/中文/Raw/aqgy5_0033/00004.mp4,450526
datasets/data-final/中文/Raw/aqgy5_0033/00005.mp4,340992
datasets/data-final/中文/Raw/aqgy5_0033/00006.mp4,835305
datasets/data-final/中文/Raw/aqgy5_0033/00007.mp4,1501243
datasets/data-final/中文/Raw/aqgy5_0033/00008.mp4,548474
datasets/data-final/中文/Raw/aqgy5_0033/00009.mp4,619367
datasets/data-final/中文/Raw/aqgy5_0033/00010.mp4,603385
datasets/data-final/中文/Raw/aqgy5_0033/00011.mp4,959296
datasets/data-final/中文/Raw/aqgy5_0033/00012.mp4,222553
datasets/data-final/中文/Raw/aqgy5_0033/00013.mp4,537756
datasets/data-final/中文/Raw/aqgy5_0033/00014.mp4,1587213
datasets/data-final/中文/Raw/aqgy5_0033/00015.mp4,1932956
datasets/data-final/中文/Raw/aqgy5_0033/00016.mp4,518382
datasets/data-final/中文/Raw/aqgy5_0033/00017.mp4,1081688
datasets/data-final/中文/Raw/aqgy5_0033/00018.mp4,835812
datasets/data-final/中文/Raw/aqgy5_0033/00019.mp4,471562
datasets/data-final/中文/Raw/aqgy5_0033/00020.mp4,1024938
datasets/data-final/中文/Raw/aqgy5_0033/00021.mp4,209617
datasets/data-final/中文/Raw/aqgy5_0033/00022.mp4,1443071
datasets/data-final/中文/Raw/aqgy5_0033/00023.mp4,126268
datasets/data-final/中文/Raw/aqgy5_0033/00024.mp4,505347
datasets/data-final/中文/Raw/aqgy5_0034/00000.mp4,532798
datasets/data-final/中文/Raw/aqgy5_0034/00001.mp4,428274
datasets/data-final/中文/Raw/aqgy5_0034/00002.mp4,1190993
datasets/data-final/中文/Raw/aqgy5_0034/00003.mp4,759418
datasets/data-final/中文/Raw/aqgy5_0034/00004.mp4,683920
datasets/data-final/中文/Raw/aqgy5_0034/00005.mp4,308193
datasets/data-final/中文/Raw/aqgy5_0034/00006.mp4,562799
datasets/data-final/中文/Raw/aqgy5_0034/00007.mp4,422571
datasets/data-final/中文/Raw/aqgy5_0034/00008.mp4,452328
datasets/data-final/中文/Raw/aqgy5_0034/00009.mp4,726666
datasets/data-final/中文/Raw/aqgy5_0034/00010.mp4,667055
datasets/data-final/中文/Raw/aqgy5_0034/00011.mp4,189639
datasets/data-final/中文/Raw/aqgy5_0034/00012.mp4,556473
datasets/data-final/中文/Raw/aqgy5_0034/00013.mp4,1281496
datasets/data-final/中文/Raw/aqgy5_0034/00014.mp4,1222232
datasets/data-final/中文/Raw/aqgy5_0034/00015.mp4,1243850
datasets/data-final/中文/Raw/aqgy5_0034/00016.mp4,651633
datasets/data-final/中文/Raw/aqgy5_0036/00000.mp4,997545
datasets/data-final/中文/Raw/aqgy5_0036/00001.mp4,145064
datasets/data-final/中文/Raw/aqgy5_0036/00002.mp4,511045
datasets/data-final/中文/Raw/aqgy5_0036/00003.mp4,374856
datasets/data-final/中文/Raw/aqgy5_0036/00004.mp4,250945
datasets/data-final/中文/Raw/aqgy5_0036/00005.mp4,350724
datasets/data-final/中文/Raw/aqgy5_0036/00006.mp4,433410
datasets/data-final/中文/Raw/aqgy5_0036/00007.mp4,322221
datasets/data-final/中文/Raw/aqgy5_0036/00008.mp4,523698
datasets/data-final/中文/Raw/aqgy5_0036/00009.mp4,1428274
datasets/data-final/中文/Raw/aqgy5_0036/00010.mp4,490722
datasets/data-final/中文/Raw/aqgy5_0036/00011.mp4,200044
datasets/data-final/中文/Raw/aqgy5_0036/00012.mp4,750510
datasets/data-final/中文/Raw/aqgy5_0036/00013.mp4,576046
datasets/data-final/中文/Raw/aqgy5_0036/00014.mp4,384538
datasets/data-final/中文/Raw/aqgy5_0036/00015.mp4,493698
datasets/data-final/中文/Raw/aqgy5_0036/00016.mp4,1527742
datasets/data-final/中文/Raw/aqgy5_0036/00017.mp4,405253
datasets/data-final/中文/Raw/aqgy5_0036/00018.mp4,803746
datasets/data-final/中文/Raw/aqgy5_0036/00019.mp4,737929
datasets/data-final/中文/Raw/aqgy5_0036/00020.mp4,465269
datasets/data-final/中文/Raw/aqgy5_0036/00021.mp4,975252
datasets/data-final/中文/Raw/aqgy5_0036/00022.mp4,1241328
datasets/data-final/中文/Raw/aqgy5_0036/00023.mp4,515864
datasets/data-final/中文/Raw/aqgy5_0036/00024.mp4,617953
datasets/data-final/中文/Raw/aqgy5_0036/00025.mp4,170235
datasets/data-final/中文/Raw/aqgy5_0036/00026.mp4,184691
datasets/data-final/中文/Raw/csbgs2_0001/00000.mp4,1382816
datasets/data-final/中文/Raw/csbgs2_0001/00001.mp4,2121613
datasets/data-final/中文/Raw/csbgs2_0001/00002.mp4,6774761
datasets/data-final/中文/Raw/csbgs2_0001/00003.mp4,4517573
datasets/data-final/中文/Raw/csbgs2_0001/00004.mp4,2783320
datasets/data-final/中文/Raw/csbgs2_0001/00005.mp4,2051015
datasets/data-final/中文/Raw/csbgs2_0001/00006.mp4,2441915
datasets/data-final/中文/Raw/csbgs2_0001/00007.mp4,3082056
datasets/data-final/中文/Raw/csbgs2_0001/00008.mp4,4054011
datasets/data-final/中文/Raw/csbgs2_0001/00009.mp4,2385438
datasets/data-final/中文/Raw/csbgs2_0001/00010.mp4,5571669
datasets/data-final/中文/Raw/csbgs2_0001/00011.mp4,2062457
datasets/data-final/中文/Raw/csbgs2_0001/00012.mp4,1176432
datasets/data-final/中文/Raw/csbgs2_0001/00013.mp4,1147976
datasets/data-final/中文/Raw/csbgs2_0001/00014.mp4,710572
datasets/data-final/中文/Raw/csbgs2_0001/00015.mp4,3634923
datasets/data-final/中文/Raw/csbgs2_0001/00016.mp4,915001
datasets/data-final/中文/Raw/csbgs2_0001/00017.mp4,1886765
datasets/data-final/中文/Raw/csbgs2_0001/00018.mp4,2502110
datasets/data-final/中文/Raw/csbgs2_0001/00019.mp4,1269132
datasets/data-final/中文/Raw/csbgs2_0001/00020.mp4,2691844
datasets/data-final/中文/Raw/csbgs2_0001/00021.mp4,1760505
datasets/data-final/中文/Raw/csbgs2_0001/00022.mp4,2027168
datasets/data-final/中文/Raw/csbgs2_0001/00023.mp4,1882298
datasets/data-final/中文/Raw/csbgs2_0001/00024.mp4,1608423
datasets/data-final/中文/Raw/csbgs2_0001/00025.mp4,1285604
datasets/data-final/中文/Raw/csbgs2_0001/00026.mp4,2619838
datasets/data-final/中文/Raw/csbgs2_0001/00027.mp4,1941792
datasets/data-final/中文/Raw/csbgs2_0001/00028.mp4,1500319
datasets/data-final/中文/Raw/csbgs2_0001/00029.mp4,1191489
datasets/data-final/中文/Raw/csbgs2_0001/00030.mp4,1899739
datasets/data-final/中文/Raw/csbgs2_0001/00031.mp4,1163979
datasets/data-final/中文/Raw/csbgs2_0001/00032.mp4,1460482
datasets/data-final/中文/Raw/csbgs2_0001/00033.mp4,778412
datasets/data-final/中文/Raw/csbgs2_0001/00034.mp4,1340122
datasets/data-final/中文/Raw/csbgs2_0001/00035.mp4,1701259
datasets/data-final/中文/Raw/csbgs2_0001/00036.mp4,2628948
datasets/data-final/中文/Raw/csbgs2_0001/00037.mp4,888606
datasets/data-final/中文/Raw/csbgs2_0002/00000.mp4,7091661
datasets/data-final/中文/Raw/csbgs2_0002/00001.mp4,6919190
datasets/data-final/中文/Raw/csbgs2_0002/00002.mp4,7095526
datasets/data-final/中文/Raw/csbgs2_0002/00003.mp4,6997116
datasets/data-final/中文/Raw/csbgs2_0002/00004.mp4,7105271
datasets/data-final/中文/Raw/csbgs2_0002/00005.mp4,7164989
datasets/data-final/中文/Raw/csbgs2_0002/00006.mp4,6856217
datasets/data-final/中文/Raw/csbgs2_0002/00007.mp4,7137954
datasets/data-final/中文/Raw/csbgs2_0002/00008.mp4,6365423
datasets/data-final/中文/Raw/csbgs2_0002/00009.mp4,7333688
datasets/data-final/中文/Raw/csbgs2_0002/00010.mp4,7234018
datasets/data-final/中文/Raw/csbgs2_0002/00011.mp4,6991510
datasets/data-final/中文/Raw/csbgs2_0002/00012.mp4,7007794
datasets/data-final/中文/Raw/csbgs2_0002/00013.mp4,3692746
datasets/data-final/中文/Raw/csbgs2_0002/00014.mp4,6953354
datasets/data-final/中文/Raw/csbgs2_0002/00015.mp4,6978366
datasets/data-final/中文/Raw/csbgs2_0002/00016.mp4,6980307
datasets/data-final/中文/Raw/csbgs2_0002/00017.mp4,7049134
datasets/data-final/中文/Raw/csbgs2_0002/00018.mp4,7006778
datasets/data-final/中文/Raw/csbgs2_0002/00019.mp4,6940177
datasets/data-final/中文/Raw/csbgs2_0002/00020.mp4,2866206
datasets/data-final/中文/Raw/csbgs2_0003/00000.mp4,7119578
datasets/data-final/中文/Raw/csbgs2_0003/00001.mp4,3605076
datasets/data-final/中文/Raw/csbgs2_0003/00002.mp4,7072634
datasets/data-final/中文/Raw/csbgs2_0003/00003.mp4,6853658
datasets/data-final/中文/Raw/csbgs2_0003/00004.mp4,6921503
datasets/data-final/中文/Raw/csbgs2_0003/00005.mp4,7140173
datasets/data-final/中文/Raw/csbgs2_0003/00006.mp4,6991034
datasets/data-final/中文/Raw/csbgs2_0003/00007.mp4,7041473
datasets/data-final/中文/Raw/csbgs2_0003/00010.mp4,6845243
datasets/data-final/中文/Raw/csbgs2_0003/00011.mp4,7030034
datasets/data-final/中文/Raw/csbgs2_0003/00012.mp4,7338191
datasets/data-final/中文/Raw/csbgs2_0003/00013.mp4,7270000
datasets/data-final/中文/Raw/csbgs2_0003/00014.mp4,7047573
datasets/data-final/中文/Raw/csbgs2_0003/00015.mp4,7078153
datasets/data-final/中文/Raw/csbgs2_0003/00016.mp4,7099046
datasets/data-final/中文/Raw/csbgs2_0003/00017.mp4,6988814
datasets/data-final/中文/Raw/csbgs2_0003/00018.mp4,6912110
datasets/data-final/中文/Raw/csbgs2_0003/00019.mp4,7107955
datasets/data-final/中文/Raw/csbgs2_0003/00021.mp4,7226821
datasets/data-final/中文/Raw/csbgs2_0003/00022.mp4,7075984
datasets/data-final/中文/Raw/csbgs2_0003/00023.mp4,7093848
datasets/data-final/中文/Raw/test1/00000.mp4,424603
datasets/data-final/中文/Raw/test1/00001.mp4,1104449
datasets/data-final/中文/Raw/test1/00002.mp4,729328
datasets/data-final/中文/Raw/test1/00003.mp4,1107280
datasets/data-final/中文/Raw/test1/00004.mp4,352463
datasets/data-final/中文/Raw/test1/00005.mp4,1035941
datasets/data-final/中文/Raw/test1/00006.mp4,784904
datasets/data-final/中文/Raw/test1/00007.mp4,411068
datasets/data-final/中文/Raw/test1/00008.mp4,307043
datasets/data-final/中文/Raw/test10/00000.mp4,1102383
datasets/data-final/中文/Raw/test10/00001.mp4,1086084
datasets/data-final/中文/Raw/test10/00002.mp4,359129
datasets/data-final/中文/Raw/test11/00000.mp4,611990
datasets/data-final/中文/Raw/test11/00001.mp4,788300
datasets/data-final/中文/Raw/test11/00002.mp4,509047
datasets/data-final/中文/Raw/test11/00003.mp4,1154673
datasets/data-final/中文/Raw/test11/00004.mp4,1070714
datasets/data-final/中文/Raw/test11/00005.mp4,1010083
datasets/data-final/中文/Raw/test11/00006.mp4,849938
datasets/data-final/中文/Raw/test11/00008.mp4,1168668
datasets/data-final/中文/Raw/test11/00009.mp4,508828
datasets/data-final/中文/Raw/test11/00010.mp4,882690
datasets/data-final/中文/Raw/test11/00011.mp4,588018
datasets/data-final/中文/Raw/test11/00012.mp4,1342470
datasets/data-final/中文/Raw/test11/00013.mp4,728909
datasets/data-final/中文/Raw/test11/00014.mp4,1287433
datasets/data-final/中文/Raw/test11/00015.mp4,953329
datasets/data-final/中文/Raw/test11/00016.mp4,1222741
datasets/data-final/中文/Raw/test11/00017.mp4,1009319
datasets/data-final/中文/Raw/test11/00018.mp4,855534
datasets/data-final/中文/Raw/test11/00019.mp4,1096565
datasets/data-final/中文/Raw/test12/00000.mp4,1428734
datasets/data-final/中文/Raw/test12/00001.mp4,589291
datasets/data-final/中文/Raw/test12/00002.mp4,1010475
datasets/data-final/中文/Raw/test12/00003.mp4,548472
datasets/data-final/中文/Raw/test12/00004.mp4,525168
datasets/data-final/中文/Raw/test12/00005.mp4,703740
datasets/data-final/中文/Raw/test12/00006.mp4,748598
datasets/data-final/中文/Raw/test12/00007.mp4,752967
datasets/data-final/中文/Raw/test12/00008.mp4,584728
datasets/data-final/中文/Raw/test12/00009.mp4,434204
datasets/data-final/中文/Raw/test12/00010.mp4,1235355
datasets/data-final/中文/Raw/test12/00011.mp4,540096
datasets/data-final/中文/Raw/test12/00012.mp4,463352
datasets/data-final/中文/Raw/test12/00013.mp4,487919
datasets/data-final/中文/Raw/test12/00015.mp4,898064
datasets/data-final/中文/Raw/test12/00016.mp4,501429
datasets/data-final/中文/Raw/test12/00017.mp4,433667
datasets/data-final/中文/Raw/test12/00018.mp4,744054
datasets/data-final/中文/Raw/test12/00019.mp4,642680
datasets/data-final/中文/Raw/test12/00020.mp4,766557
datasets/data-final/中文/Raw/test12/00021.mp4,577147
datasets/data-final/中文/Raw/test12/00022.mp4,881459
datasets/data-final/中文/Raw/test12/00023.mp4,419410
datasets/data-final/中文/Raw/test12/00024.mp4,989222
datasets/data-final/中文/Raw/test12/00025.mp4,783902
datasets/data-final/中文/Raw/test12/00026.mp4,620370
datasets/data-final/中文/Raw/test12/00027.mp4,288879
datasets/data-final/中文/Raw/test12/00028.mp4,823290
datasets/data-final/中文/Raw/test12/00029.mp4,600038
datasets/data-final/中文/Raw/test12/00030.mp4,366825
datasets/data-final/中文/Raw/test12/00031.mp4,518179
datasets/data-final/中文/Raw/test12/00032.mp4,468845
datasets/data-final/中文/Raw/test12/00033.mp4,1000540
datasets/data-final/中文/Raw/test13/00000.mp4,611200
datasets/data-final/中文/Raw/test13/00001.mp4,346778
datasets/data-final/中文/Raw/test13/00002.mp4,954229
datasets/data-final/中文/Raw/test13/00003.mp4,832468
datasets/data-final/中文/Raw/test13/00004.mp4,293165
datasets/data-final/中文/Raw/test13/00005.mp4,861796
datasets/data-final/中文/Raw/test13/00006.mp4,934766
datasets/data-final/中文/Raw/test13/00008.mp4,799527
datasets/data-final/中文/Raw/test13/00009.mp4,285083
datasets/data-final/中文/Raw/test13/00010.mp4,622047
datasets/data-final/中文/Raw/test13/00011.mp4,425957
datasets/data-final/中文/Raw/test13/00012.mp4,825696
datasets/data-final/中文/Raw/test13/00013.mp4,823460
datasets/data-final/中文/Raw/test14/00000.mp4,540668
datasets/data-final/中文/Raw/test14/00001.mp4,720266
datasets/data-final/中文/Raw/test14/00002.mp4,381756
datasets/data-final/中文/Raw/test14/00003.mp4,718265
datasets/data-final/中文/Raw/test14/00004.mp4,1374183
datasets/data-final/中文/Raw/test14/00005.mp4,892562
datasets/data-final/中文/Raw/test14/00006.mp4,568077
datasets/data-final/中文/Raw/test14/00007.mp4,1329378
datasets/data-final/中文/Raw/test14/00008.mp4,1100379
datasets/data-final/中文/Raw/test14/00009.mp4,1503023
datasets/data-final/中文/Raw/test14/00010.mp4,764758
datasets/data-final/中文/Raw/test14/00011.mp4,1041892
datasets/data-final/中文/Raw/test14/00012.mp4,764990
datasets/data-final/中文/Raw/test14/00013.mp4,1569847
datasets/data-final/中文/Raw/test14/00014.mp4,720389
datasets/data-final/中文/Raw/test15/00000.mp4,397442
datasets/data-final/中文/Raw/test15/00001.mp4,575532
datasets/data-final/中文/Raw/test15/00002.mp4,488506
datasets/data-final/中文/Raw/test15/00003.mp4,520558
datasets/data-final/中文/Raw/test15/00004.mp4,907505
datasets/data-final/中文/Raw/test15/00005.mp4,725916
datasets/data-final/中文/Raw/test15/00006.mp4,653037
datasets/data-final/中文/Raw/test15/00007.mp4,1080135
datasets/data-final/中文/Raw/test15/00008.mp4,421446
datasets/data-final/中文/Raw/test15/00009.mp4,475792
datasets/data-final/中文/Raw/test15/00010.mp4,168509
datasets/data-final/中文/Raw/test15/00011.mp4,394414
datasets/data-final/中文/Raw/test15/00012.mp4,843680
datasets/data-final/中文/Raw/test15/00013.mp4,1019239
datasets/data-final/中文/Raw/test15/00014.mp4,1052451
datasets/data-final/中文/Raw/test15/00015.mp4,213802
datasets/data-final/中文/Raw/test15/00016.mp4,657915
datasets/data-final/中文/Raw/test15/00017.mp4,720891
datasets/data-final/中文/Raw/test15/00018.mp4,776582
datasets/data-final/中文/Raw/test15/00019.mp4,545790
datasets/data-final/中文/Raw/test15/00020.mp4,529330
datasets/data-final/中文/Raw/test2/00000.mp4,793792
datasets/data-final/中文/Raw/test2/00001.mp4,1014662
datasets/data-final/中文/Raw/test2/00002.mp4,848994
datasets/data-final/中文/Raw/test2/00003.mp4,735158
datasets/data-final/中文/Raw/test2/00004.mp4,624055
datasets/data-final/中文/Raw/test2/00005.mp4,1151745
datasets/data-final/中文/Raw/test2/00006.mp4,455397
datasets/data-final/中文/Raw/test2/00007.mp4,764572
datasets/data-final/中文/Raw/test2/00008.mp4,865258
datasets/data-final/中文/Raw/test2/00009.mp4,456220
datasets/data-final/中文/Raw/test2/00010.mp4,445937
datasets/data-final/中文/Raw/test2/00011.mp4,560360
datasets/data-final/中文/Raw/test2/00012.mp4,1008614
datasets/data-final/中文/Raw/test2/00013.mp4,506808
datasets/data-final/中文/Raw/test2/00014.mp4,1009286
datasets/data-final/中文/Raw/test2/00015.mp4,903229
datasets/data-final/中文/Raw/test2/00016.mp4,631716
datasets/data-final/中文/Raw/test2/00017.mp4,532067
datasets/data-final/中文/Raw/test2/00018.mp4,955809
datasets/data-final/中文/Raw/test2/00019.mp4,1197928
datasets/data-final/中文/Raw/test2/00020.mp4,1004909
datasets/data-final/中文/Raw/test2/00021.mp4,973309
datasets/data-final/中文/Raw/test2/00022.mp4,891528
datasets/data-final/中文/Raw/test3/00000.mp4,655504
datasets/data-final/中文/Raw/test3/00001.mp4,738107
datasets/data-final/中文/Raw/test3/00002.mp4,780268
datasets/data-final/中文/Raw/test3/00003.mp4,1459983
datasets/data-final/中文/Raw/test3/00004.mp4,663535
datasets/data-final/中文/Raw/test4/00000.mp4,1413978
datasets/data-final/中文/Raw/test4/00001.mp4,431512
datasets/data-final/中文/Raw/test5/00000.mp4,819124
datasets/data-final/中文/Raw/test5/00001.mp4,1050737
datasets/data-final/中文/Raw/test5/00002.mp4,797964
datasets/data-final/中文/Raw/test5/00003.mp4,464641
datasets/data-final/中文/Raw/test5/00004.mp4,664654
datasets/data-final/中文/Raw/test5/00005.mp4,593075
datasets/data-final/中文/Raw/test5/00006.mp4,407328
datasets/data-final/中文/Raw/test5/00007.mp4,1148802
datasets/data-final/中文/Raw/test5/00008.mp4,1010377
datasets/data-final/中文/Raw/test5/00009.mp4,429551
datasets/data-final/中文/Raw/test5/00010.mp4,716589
datasets/data-final/中文/Raw/test5/00011.mp4,885842
datasets/data-final/中文/Raw/test5/00012.mp4,1024033
datasets/data-final/中文/Raw/test5/00013.mp4,808890
datasets/data-final/中文/Raw/test5/00014.mp4,871743
datasets/data-final/中文/Raw/test5/00016.mp4,775146
datasets/data-final/中文/Raw/test5/00017.mp4,700539
datasets/data-final/中文/Raw/test5/00018.mp4,1323910
datasets/data-final/中文/Raw/test5/00019.mp4,810592
datasets/data-final/中文/Raw/test6/00000.mp4,1113472
datasets/data-final/中文/Raw/test6/00001.mp4,743514
datasets/data-final/中文/Raw/test6/00002.mp4,511896
datasets/data-final/中文/Raw/test6/00003.mp4,994590
datasets/data-final/中文/Raw/test6/00004.mp4,894743
datasets/data-final/中文/Raw/test6/00005.mp4,483478
datasets/data-final/中文/Raw/test6/00006.mp4,736945
datasets/data-final/中文/Raw/test6/00007.mp4,958925
datasets/data-final/中文/Raw/test6/00008.mp4,1485562
datasets/data-final/中文/Raw/test6/00009.mp4,990464
datasets/data-final/中文/Raw/test6/00011.mp4,935280
datasets/data-final/中文/Raw/test7/00000.mp4,1241663
datasets/data-final/中文/Raw/test7/00001.mp4,2807516
datasets/data-final/中文/Raw/test7/00002.mp4,2491890
datasets/data-final/中文/Raw/test7/00003.mp4,1935506
datasets/data-final/中文/Raw/test7/00004.mp4,2384102
datasets/data-final/中文/Raw/test7/00005.mp4,1757579
datasets/data-final/中文/Raw/test7/00006.mp4,1508146
datasets/data-final/中文/Raw/test7/00007.mp4,1420180
datasets/data-final/中文/Raw/test7/00008.mp4,1449663
datasets/data-final/中文/Raw/test7/00009.mp4,2010292
datasets/data-final/中文/Raw/test8/00000.mp4,408120
datasets/data-final/中文/Raw/test8/00001.mp4,511867
datasets/data-final/中文/Raw/test8/00002.mp4,521135
datasets/data-final/中文/Raw/test8/00003.mp4,383158
datasets/data-final/中文/Raw/test8/00004.mp4,595068
datasets/data-final/中文/Raw/test8/00005.mp4,688296
datasets/data-final/中文/Raw/test8/00006.mp4,670818
datasets/data-final/中文/Raw/test9/00000.mp4,324704
datasets/data-final/中文/Raw/test9/00002.mp4,660539
datasets/data-final/中文/Raw/test9/00003.mp4,446725
datasets/data-final/中文/Raw/video_0001/0001.mp4,1237969
datasets/data-final/中文/Raw/video_0001/0002.mp4,1401041
datasets/data-final/中文/Raw/video_0001/0003.mp4,2940297
datasets/data-final/中文/Raw/video_0001/0004.mp4,2369980
datasets/data-final/中文/Raw/video_0001/0005.mp4,2635316
datasets/data-final/中文/Raw/video_0001/0006.mp4,2435665
datasets/data-final/中文/Raw/video_0001/0007.mp4,6402221
datasets/data-final/中文/Raw/video_0001/0008.mp4,3223205
datasets/data-final/中文/Raw/video_0001/0009.mp4,4087597
datasets/data-final/中文/Raw/video_0001/0010.mp4,1970740
datasets/data-final/中文/Raw/video_0001/0011.mp4,2346267
datasets/data-final/中文/Raw/video_0001/0012.mp4,3784620
datasets/data-final/中文/Raw/video_0001/0013.mp4,1762691
datasets/data-final/中文/Raw/video_0001/0014.mp4,4779308
datasets/data-final/中文/Raw/video_0001/0015.mp4,4132582
datasets/data-final/中文/Raw/video_0001/0016.mp4,2676821
datasets/data-final/中文/Raw/video_0001/0017.mp4,5764005
datasets/data-final/中文/Raw/video_0001/0018.mp4,3442683
datasets/data-final/中文/Raw/video_0001/0019.mp4,3799172
datasets/data-final/中文/Raw/video_0001/0020.mp4,1617149
datasets/data-final/中文/Raw/video_0001/0021.mp4,4183034
datasets/data-final/中文/Raw/video_0001/0022.mp4,6228731
datasets/data-final/中文/Raw/video_0001/0023.mp4,4555380
datasets/data-final/中文/Raw/video_0001/0024.mp4,3226242
datasets/data-final/中文/Raw/video_0001/0025.mp4,1407138
datasets/data-final/中文/Raw/video_0001/0026.mp4,2774584
datasets/data-final/中文/Raw/video_0001/0027.mp4,3073264
datasets/data-final/中文/Raw/video_0001/0028.mp4,4239262
datasets/data-final/中文/Raw/video_0001/0029.mp4,2627762
datasets/data-final/中文/Raw/video_0001/0030.mp4,1100379
datasets/data-final/中文/Raw/video_0001/0031.mp4,1867906
datasets/data-final/中文/Raw/video_0001/0032.mp4,2216718
datasets/data-final/中文/Raw/video_0001/0033.mp4,2142402
datasets/data-final/中文/Raw/video_0001/0034.mp4,4662247
datasets/data-final/中文/Raw/video_0001/0035.mp4,1967895
datasets/data-final/中文/Raw/video_0002/0001.mp4,4794500
datasets/data-final/中文/Raw/video_0002/0002.mp4,1549830
datasets/data-final/中文/Raw/video_0002/0003.mp4,1609829
datasets/data-final/中文/Raw/video_0002/0004.mp4,1647997
datasets/data-final/中文/Raw/video_0002/0005.mp4,1838627
datasets/data-final/中文/Raw/video_0002/0006.mp4,2709921
datasets/data-final/中文/Raw/video_0002/0007.mp4,2569774
datasets/data-final/中文/Raw/video_0002/0008.mp4,1888138
datasets/data-final/中文/Raw/video_0002/0009.mp4,1465756
datasets/data-final/中文/Raw/video_0002/0010.mp4,2423184
datasets/data-final/中文/Raw/video_0002/0011.mp4,3059649
datasets/data-final/中文/Raw/video_0002/0012.mp4,4178649
datasets/data-final/中文/Raw/video_0002/0013.mp4,1655678
datasets/data-final/中文/Raw/video_0002/0014.mp4,1097236
datasets/data-final/中文/Raw/video_0002/0015.mp4,3461086
datasets/data-final/中文/Raw/video_0002/0016.mp4,6826415
datasets/data-final/中文/Raw/video_0002/0017.mp4,2501071
datasets/data-final/中文/Raw/video_0002/0018.mp4,1323509
datasets/data-final/中文/Raw/video_0002/0019.mp4,2808224
datasets/data-final/中文/Raw/video_0002/0020.mp4,3993950
datasets/data-final/中文/Raw/video_0002/0021.mp4,3034555
datasets/data-final/中文/Raw/video_0002/0022.mp4,1259532
datasets/data-final/中文/Raw/video_0002/0023.mp4,3112436
datasets/data-final/中文/Raw/video_0002/0024.mp4,3095301
datasets/data-final/中文/Raw/video_0002/0025.mp4,3357203
datasets/data-final/中文/Raw/video_0002/0026.mp4,4023435
datasets/data-final/中文/Raw/video_0002/0027.mp4,3704499
datasets/data-final/中文/Raw/video_0002/0028.mp4,6834950
datasets/data-final/中文/Raw/video_0002/0029.mp4,1648061
datasets/data-final/中文/Raw/video_0002/0030.mp4,1775884
datasets/data-final/中文/Raw/video_0002/0031.mp4,3140585
datasets/data-final/中文/Raw/video_0002/0032.mp4,2513471
datasets/data-final/中文/Raw/video_0002/0033.mp4,976586
datasets/data-final/中文/Raw/video_0002/0034.mp4,2368770
datasets/data-final/中文/Raw/video_0002/0035.mp4,2057402
datasets/data-final/中文/Raw/video_0002/0036.mp4,3620574
datasets/data-final/中文/Raw/video_0002/0037.mp4,1477005
datasets/data-final/中文/Raw/video_0002/0038.mp4,3694570
datasets/data-final/中文/Raw/video_0003/0001.mp4,1073375
datasets/data-final/中文/Raw/video_0003/0002.mp4,1755107
datasets/data-final/中文/Raw/video_0003/0003.mp4,1847568
datasets/data-final/中文/Raw/video_0003/0004.mp4,784149
datasets/data-final/中文/Raw/video_0003/0005.mp4,3353459
datasets/data-final/中文/Raw/video_0003/0006.mp4,977549
datasets/data-final/中文/Raw/video_0004/0001.mp4,2061767
datasets/data-final/中文/Raw/video_0004/0002.mp4,1143777
datasets/data-final/中文/Raw/video_0004/0003.mp4,3183322
datasets/data-final/中文/Raw/video_0005/0001.mp4,1293231
datasets/data-final/中文/Raw/video_0005/0002.mp4,2863224
datasets/data-final/中文/Raw/video_0005/0003.mp4,1000089
datasets/data-final/中文/Raw/video_0005/0004.mp4,1636015
datasets/data-final/中文/Raw/video_0005/0005.mp4,1111932
datasets/data-final/中文/Raw/video_0005/0006.mp4,2679097
datasets/data-final/中文/Raw/video_0005/0007.mp4,2123879
datasets/data-final/中文/Raw/video_0005/0008.mp4,1592427
datasets/data-final/中文/Raw/video_0005/0009.mp4,2405377
datasets/data-final/中文/Raw/video_0005/0010.mp4,1249040
datasets/data-final/中文/Raw/video_0005/0011.mp4,1406195
datasets/data-final/中文/Raw/video_0005/0012.mp4,1411760
datasets/data-final/中文/Raw/video_0005/0013.mp4,1508186
datasets/data-final/中文/Raw/video_0005/0014.mp4,1543276
datasets/data-final/中文/Raw/video_0005/0015.mp4,2147924
datasets/data-final/中文/Raw/video_0005/0016.mp4,1372424
datasets/data-final/中文/Raw/video_0005/0017.mp4,764982
datasets/data-final/中文/Raw/video_0006/0001.mp4,2338829
datasets/data-final/中文/Raw/video_0006/0002.mp4,1601471
datasets/data-final/中文/Raw/video_0006/0003.mp4,2066355
datasets/data-final/中文/Raw/video_0006/0004.mp4,1409280
datasets/data-final/中文/Raw/video_0006/0005.mp4,1569365
datasets/data-final/中文/Raw/video_0006/0006.mp4,2119371
datasets/data-final/中文/Raw/video_0006/0007.mp4,2074993
datasets/data-final/中文/Raw/video_0006/0008.mp4,1737180
datasets/data-final/中文/Raw/video_0006/0009.mp4,2728046
datasets/data-final/中文/Raw/video_0006/0010.mp4,1752168
datasets/data-final/中文/Raw/video_0006/0011.mp4,2679961
datasets/data-final/中文/Raw/video_0006/0012.mp4,1930353
datasets/data-final/中文/Raw/video_0006/0013.mp4,2162251
datasets/data-final/中文/Raw/video_0006/0014.mp4,540389
datasets/data-final/中文/Raw/video_0006/0015.mp4,2837138
datasets/data-final/中文/Raw/video_0006/0016.mp4,1518114
datasets/data-final/中文/Raw/video_0006/0017.mp4,1824475
datasets/data-final/中文/Raw/video_0006/0018.mp4,1932178
datasets/data-final/中文/Raw/video_0006/0019.mp4,1626972
datasets/data-final/中文/Raw/video_0006/0020.mp4,3176705
datasets/data-final/中文/Raw/video_0006/0021.mp4,2425395
datasets/data-final/中文/Raw/video_0006/0022.mp4,2215323
datasets/data-final/中文/Raw/video_0007/0001.mp4,2053402
datasets/data-final/中文/Raw/video_0007/0002.mp4,1062408
datasets/data-final/中文/Raw/video_0007/0003.mp4,692085
datasets/data-final/中文/Raw/video_0007/0004.mp4,933673
datasets/data-final/中文/Raw/video_0007/0005.mp4,2408978
datasets/data-final/中文/Raw/video_0007/0006.mp4,2300560
datasets/data-final/中文/Raw/video_0007/0007.mp4,1392303
datasets/data-final/中文/Raw/video_0007/0008.mp4,800962
datasets/data-final/中文/Raw/video_0007/0009.mp4,1078452
datasets/data-final/中文/Raw/video_0007/0010.mp4,1262871
datasets/data-final/中文/Raw/video_0007/0011.mp4,1840866
datasets/data-final/中文/Raw/video_0007/0012.mp4,1288077
datasets/data-final/中文/Raw/video_0008/0001.mp4,775887
datasets/data-final/中文/Raw/video_0008/0002.mp4,830877
datasets/data-final/中文/Raw/video_0008/0003.mp4,2955257
datasets/data-final/中文/Raw/video_0008/0004.mp4,747172
datasets/data-final/中文/Raw/video_0008/0005.mp4,1587482
datasets/data-final/中文/Raw/video_0008/0006.mp4,1363344
datasets/data-final/中文/Raw/video_0008/0007.mp4,418062
datasets/data-final/中文/Raw/video_0008/0008.mp4,1063355
datasets/data-final/中文/Raw/video_0008/0009.mp4,923302
datasets/data-final/中文/Raw/video_0008/0010.mp4,3629747
datasets/data-final/中文/Raw/video_0008/0011.mp4,1941927
datasets/data-final/中文/Raw/video_0008/0012.mp4,2304412
datasets/data-final/中文/Raw/video_0009/0001.mp4,2141820
datasets/data-final/中文/Raw/video_0009/0002.mp4,1179004
datasets/data-final/中文/Raw/video_0009/0003.mp4,1282384
datasets/data-final/中文/Raw/video_0009/0004.mp4,1388267
datasets/data-final/中文/Raw/video_0009/0005.mp4,1173527
datasets/data-final/中文/Raw/video_0009/0006.mp4,3922847
datasets/data-final/中文/Raw/video_0009/0007.mp4,2945157
datasets/data-final/中文/Raw/video_0009/0008.mp4,3808620
datasets/data-final/中文/Raw/video_0009/0009.mp4,4631599
datasets/data-final/中文/Raw/video_0009/0010.mp4,2712623
datasets/data-final/中文/Raw/video_0009/0011.mp4,1861438
datasets/data-final/中文/Raw/video_0009/0012.mp4,4991776
datasets/data-final/中文/Raw/video_0009/0013.mp4,4206136
datasets/data-final/中文/Raw/video_0009/0014.mp4,4083642
datasets/data-final/中文/Raw/video_0009/0015.mp4,4125891
datasets/data-final/中文/Raw/video_0009/0016.mp4,1832788
datasets/data-final/中文/Raw/video_0009/0017.mp4,7284054
datasets/data-final/中文/Raw/video_0009/0018.mp4,6845888
datasets/data-final/中文/Raw/video_0009/0019.mp4,2390616
datasets/data-final/中文/Raw/video_0009/0020.mp4,2507868
datasets/data-final/中文/Raw/video_0009/0021.mp4,1792335
datasets/data-final/中文/Raw/video_0009/0022.mp4,6464194
datasets/data-final/中文/Raw/video_0009/0023.mp4,1485104
datasets/data-final/中文/Raw/video_0009/0024.mp4,1003200
datasets/data-final/中文/Raw/video_0009/0025.mp4,5969115
datasets/data-final/中文/Raw/video_0009/0026.mp4,7041587
datasets/data-final/中文/Raw/video_0009/0027.mp4,2193971
datasets/data-final/中文/Raw/video_0009/0028.mp4,2327843
datasets/data-final/中文/Raw/video_0009/0029.mp4,2148464
datasets/data-final/中文/Raw/video_0009/0030.mp4,2100894
datasets/data-final/中文/Raw/video_0009/0031.mp4,2095055
datasets/data-final/中文/Raw/video_0009/0032.mp4,7206352
datasets/data-final/中文/Raw/video_0009/0033.mp4,2154993
datasets/data-final/中文/Raw/video_0009/0034.mp4,2952651
datasets/data-final/中文/Raw/video_0009/0035.mp4,5888406
datasets/data-final/中文/Raw/video_0009/0036.mp4,6297840
datasets/data-final/中文/Raw/video_0009/0037.mp4,1750194
datasets/data-final/中文/Raw/video_0009/0038.mp4,3661381
datasets/data-final/中文/Raw/video_0009/0039.mp4,3849261
datasets/data-final/中文/Raw/video_0009/0040.mp4,6534253
datasets/data-final/中文/Raw/video_0009/0041.mp4,2272186
datasets/data-final/中文/Raw/video_0009/0042.mp4,1023113
datasets/data-final/中文/Raw/video_0010/0001.mp4,1633131
datasets/data-final/中文/Raw/video_0010/0002.mp4,4034949
datasets/data-final/中文/Raw/video_0010/0003.mp4,2883761
datasets/data-final/中文/Raw/video_0010/0004.mp4,3349154
datasets/data-final/中文/Raw/video_0010/0005.mp4,2769475
datasets/data-final/中文/Raw/video_0010/0006.mp4,1670624
datasets/data-final/中文/Raw/video_0010/0007.mp4,4997147
datasets/data-final/中文/Raw/video_0010/0008.mp4,5588524
datasets/data-final/中文/Raw/video_0010/0009.mp4,5813612
datasets/data-final/中文/Raw/video_0010/0010.mp4,3283897
datasets/data-final/中文/Raw/video_0010/0011.mp4,3955153
datasets/data-final/中文/Raw/video_0010/0012.mp4,1493360
datasets/data-final/中文/Raw/video_0010/0013.mp4,3182743
datasets/data-final/中文/Raw/video_0010/0014.mp4,1913397
datasets/data-final/中文/Raw/video_0010/0015.mp4,3685712
datasets/data-final/中文/Raw/video_0010/0016.mp4,4687948
datasets/data-final/中文/Raw/video_0010/0017.mp4,2713947
datasets/data-final/中文/Raw/video_0010/0018.mp4,1910837
datasets/data-final/中文/Raw/video_0010/0019.mp4,1946007
datasets/data-final/中文/Raw/video_0010/0020.mp4,1172915
datasets/data-final/中文/Raw/video_0010/0021.mp4,1354710
datasets/data-final/中文/Raw/video_0010/0022.mp4,1421874
datasets/data-final/中文/Raw/video_0010/0023.mp4,2215779
datasets/data-final/中文/Raw/video_0010/0024.mp4,1936045
datasets/data-final/中文/Raw/video_0010/0025.mp4,1004441
datasets/data-final/中文/Raw/video_0010/0026.mp4,1774511
datasets/data-final/中文/Raw/video_0010/0027.mp4,2800563
datasets/data-final/中文/Raw/video_0010/0028.mp4,2228650
datasets/data-final/中文/Raw/video_0010/0029.mp4,2169251
datasets/data-final/中文/Raw/video_0010/0030.mp4,3465276
datasets/data-final/中文/Raw/video_0010/0031.mp4,1905046
datasets/data-final/中文/Raw/video_0010/0032.mp4,3581425
datasets/data-final/中文/Raw/video_0010/0033.mp4,2667002
datasets/data-final/中文/Raw/video_0010/0034.mp4,1562283
datasets/data-final/中文/Raw/video_0010/0035.mp4,1229483
datasets/data-final/中文/Raw/video_0010/0036.mp4,1782542
datasets/data-final/中文/Raw/video_0010/0037.mp4,2258448
datasets/data-final/中文/Raw/video_0010/0038.mp4,2125042
datasets/data-final/中文/Raw/video_0011/0001.mp4,6145549
datasets/data-final/中文/Raw/video_0011/0002.mp4,2064159
datasets/data-final/中文/Raw/video_0011/0003.mp4,3934997
datasets/data-final/中文/Raw/video_0011/0004.mp4,2011547
datasets/data-final/中文/Raw/video_0011/0005.mp4,1234933
datasets/data-final/中文/Raw/video_0011/0006.mp4,3950123
datasets/data-final/中文/Raw/video_0011/0007.mp4,4809939
datasets/data-final/中文/Raw/video_0011/0008.mp4,1808805
datasets/data-final/中文/Raw/video_0011/0009.mp4,2142807
datasets/data-final/中文/Raw/video_0011/0010.mp4,2334591
datasets/data-final/中文/Raw/video_0011/0011.mp4,4849373
datasets/data-final/中文/Raw/video_0011/0012.mp4,3128311
datasets/data-final/中文/Raw/video_0011/0013.mp4,4115823
datasets/data-final/中文/Raw/video_0011/0014.mp4,2292292
datasets/data-final/中文/Raw/video_0011/0015.mp4,3434025
datasets/data-final/中文/Raw/video_0011/0016.mp4,6992506
datasets/data-final/中文/Raw/video_0011/0017.mp4,2278323
datasets/data-final/中文/Raw/video_0011/0018.mp4,1464965
datasets/data-final/中文/Raw/video_0011/0019.mp4,1531309
datasets/data-final/中文/Raw/video_0011/0020.mp4,4571126
datasets/data-final/中文/Raw/video_0011/0021.mp4,3368503
datasets/data-final/中文/Raw/video_0011/0022.mp4,5484186
datasets/data-final/中文/Raw/video_0011/0023.mp4,2781536
datasets/data-final/中文/Raw/video_0011/0024.mp4,1825088
datasets/data-final/中文/Raw/video_0011/0025.mp4,3320631
datasets/data-final/中文/Raw/video_0011/0026.mp4,5160812
datasets/data-final/中文/Raw/video_0011/0027.mp4,2770659
datasets/data-final/中文/Raw/video_0011/0028.mp4,3166558
datasets/data-final/中文/Raw/video_0011/0029.mp4,2423161
datasets/data-final/中文/Raw/video_0011/0030.mp4,6973287
datasets/data-final/中文/Raw/video_0011/0031.mp4,1047948
datasets/data-final/中文/Raw/video_0011/0032.mp4,1849592
datasets/data-final/中文/Raw/video_0011/0033.mp4,3255280
datasets/data-final/中文/Raw/video_0011/0034.mp4,3950846
datasets/data-final/中文/Raw/video_0011/0035.mp4,3920846
datasets/data-final/中文/Raw/video_0012/0001.mp4,1295528
datasets/data-final/中文/Raw/video_0012/0002.mp4,4738295
datasets/data-final/中文/Raw/video_0012/0003.mp4,2709299
datasets/data-final/中文/Raw/video_0012/0004.mp4,4286631
datasets/data-final/中文/Raw/video_0012/0005.mp4,2751775
datasets/data-final/中文/Raw/video_0012/0006.mp4,1924967
datasets/data-final/中文/Raw/video_0012/0007.mp4,2699120
datasets/data-final/中文/Raw/video_0012/0008.mp4,1740873
datasets/data-final/中文/Raw/video_0012/0009.mp4,3353145
datasets/data-final/中文/Raw/video_0012/0010.mp4,6664716
datasets/data-final/中文/Raw/video_0012/0011.mp4,5802444
datasets/data-final/中文/Raw/video_0012/0012.mp4,5619527
datasets/data-final/中文/Raw/video_0012/0013.mp4,3747229
datasets/data-final/中文/Raw/video_0012/0014.mp4,6771688
datasets/data-final/中文/Raw/video_0012/0015.mp4,6020495
datasets/data-final/中文/Raw/video_0012/0016.mp4,3955814
datasets/data-final/中文/Raw/video_0012/0017.mp4,4485460
datasets/data-final/中文/Raw/video_0012/0018.mp4,2126717
datasets/data-final/中文/Raw/video_0012/0019.mp4,6550264
datasets/data-final/中文/Raw/video_0012/0020.mp4,3837847
datasets/data-final/中文/Raw/video_0012/0021.mp4,4456624
datasets/data-final/中文/Raw/video_0012/0022.mp4,2109711
datasets/data-final/中文/Raw/video_0012/0023.mp4,4345444
datasets/data-final/中文/Raw/video_0012/0024.mp4,4405406
datasets/data-final/中文/Raw/video_0012/0025.mp4,4709842
datasets/data-final/中文/Raw/video_0012/0026.mp4,3198728
datasets/data-final/中文/Raw/video_0012/0027.mp4,2243521
datasets/data-final/中文/Raw/video_0012/0028.mp4,5367348
datasets/data-final/中文/Raw/video_0012/0029.mp4,3941597
datasets/data-final/中文/Raw/video_0012/0030.mp4,5589209
datasets/data-final/中文/Raw/video_0012/0031.mp4,5659697
datasets/data-final/中文/Raw/video_0012/0032.mp4,3074753
datasets/data-final/中文/Raw/video_0012/0033.mp4,4168600
datasets/data-final/中文/Raw/video_0012/0034.mp4,4332797
datasets/data-final/中文/Raw/video_0012/0035.mp4,4434645
datasets/data-final/中文/Raw/video_0012/0036.mp4,6320958
datasets/data-final/中文/Raw/video_0012/0037.mp4,1766482
datasets/data-final/中文/Raw/video_0012/0038.mp4,4890722
datasets/data-final/中文/Raw/video_0012/0039.mp4,3412352
datasets/data-final/中文/Raw/video_0012/0040.mp4,4275301
datasets/data-final/中文/Raw/video_0012/0041.mp4,2637934
datasets/data-final/中文/Raw/video_0012/0042.mp4,3769619
datasets/data-final/中文/Raw/video_0012/0043.mp4,4176471
datasets/data-final/中文/Raw/video_0012/0044.mp4,5069446
datasets/data-final/中文/Raw/video_0012/0045.mp4,5348346
datasets/data-final/中文/Raw/video_0012/0046.mp4,4813886
datasets/data-final/中文/Raw/video_0012/0047.mp4,3422410
datasets/data-final/中文/Raw/video_0013/0001.mp4,2063883
datasets/data-final/中文/Raw/video_0013/0002.mp4,2379765
datasets/data-final/中文/Raw/video_0013/0003.mp4,1132135
datasets/data-final/中文/Raw/video_0013/0004.mp4,2840155
datasets/data-final/中文/Raw/video_0013/0005.mp4,4000286
datasets/data-final/中文/Raw/video_0013/0006.mp4,1454564
datasets/data-final/中文/Raw/video_0013/0007.mp4,2608610
datasets/data-final/中文/Raw/video_0013/0008.mp4,2328507
datasets/data-final/中文/Raw/video_0013/0009.mp4,666080
datasets/data-final/中文/Raw/video_0013/0010.mp4,3662026
datasets/data-final/中文/Raw/video_0013/0011.mp4,2423544
datasets/data-final/中文/Raw/video_0013/0012.mp4,1255067
datasets/data-final/中文/Raw/video_0013/0013.mp4,1375931
datasets/data-final/中文/Raw/video_0013/0014.mp4,2564183
datasets/data-final/中文/Raw/video_0013/0015.mp4,7084723
datasets/data-final/中文/Raw/video_0013/0016.mp4,1370500
datasets/data-final/中文/Raw/video_0013/0017.mp4,1927636
datasets/data-final/中文/Raw/video_0013/0018.mp4,3257330
datasets/data-final/中文/Raw/video_0013/0019.mp4,1553285
datasets/data-final/中文/Raw/video_0013/0020.mp4,6230826
datasets/data-final/中文/Raw/video_0013/0021.mp4,3619531
datasets/data-final/中文/Raw/video_0013/0022.mp4,1989676
datasets/data-final/中文/Raw/video_0013/0023.mp4,4579673
datasets/data-final/中文/Raw/video_0013/0024.mp4,1879254
datasets/data-final/中文/Raw/video_0013/0025.mp4,2748250
datasets/data-final/中文/Raw/video_0013/0026.mp4,2504429
datasets/data-final/中文/Raw/video_0013/0027.mp4,1373246
datasets/data-final/中文/Raw/video_0013/0028.mp4,2674308
datasets/data-final/中文/Raw/video_0013/0029.mp4,2963506
datasets/data-final/中文/Raw/video_0013/0030.mp4,3283893
datasets/data-final/中文/Raw/video_0013/0031.mp4,1279581
datasets/data-final/中文/Raw/video_0013/0032.mp4,3045209
datasets/data-final/中文/Raw/video_0013/0033.mp4,1956629
datasets/data-final/中文/Raw/video_0013/0034.mp4,4333112
datasets/data-final/中文/Raw/video_0013/0035.mp4,1378486
datasets/data-final/中文/Raw/video_0014/0001.mp4,7064033
datasets/data-final/中文/Raw/video_0014/0002.mp4,6722964
datasets/data-final/中文/Raw/video_0014/0003.mp4,6817713
datasets/data-final/中文/Raw/video_0014/0004.mp4,5492932
datasets/data-final/中文/Raw/video_0014/0005.mp4,5753101
datasets/data-final/中文/Raw/video_0014/0006.mp4,6783587
datasets/data-final/中文/Raw/video_0014/0007.mp4,2644762
datasets/data-final/中文/Raw/video_0014/0008.mp4,5750795
datasets/data-final/中文/Raw/video_0014/0009.mp4,6720907
datasets/data-final/中文/Raw/video_0014/0010.mp4,6651287
datasets/data-final/中文/Raw/video_0014/0011.mp4,3894330
datasets/data-final/中文/Raw/video_0014/0012.mp4,4664068
datasets/data-final/中文/Raw/video_0014/0013.mp4,4539119
datasets/data-final/中文/Raw/video_0014/0014.mp4,2903900
datasets/data-final/中文/Raw/video_0014/0015.mp4,4373434
datasets/data-final/中文/Raw/video_0014/0016.mp4,5274986
datasets/data-final/中文/Raw/video_0014/0017.mp4,7255961
datasets/data-final/中文/Raw/video_0014/0018.mp4,3766597
datasets/data-final/中文/Raw/video_0014/0019.mp4,1455756
datasets/data-final/中文/Raw/video_0014/0020.mp4,6142900
datasets/data-final/中文/Raw/video_0014/0021.mp4,6806405
datasets/data-final/中文/Raw/video_0014/0022.mp4,7040480
datasets/data-final/中文/Raw/video_0014/0023.mp4,4427284
datasets/data-final/中文/Raw/video_0014/0024.mp4,2640633
datasets/data-final/中文/Raw/video_0014/0025.mp4,3506845
datasets/data-final/中文/Raw/video_0014/0026.mp4,4098697
datasets/data-final/中文/Raw/video_0014/0027.mp4,6555195
datasets/data-final/中文/Raw/video_0014/0028.mp4,2416632
datasets/data-final/中文/Raw/video_0014/0029.mp4,6756489
datasets/data-final/中文/Raw/video_0014/0030.mp4,3248027
datasets/data-final/中文/Raw/video_0014/0031.mp4,3626001
datasets/data-final/中文/Raw/video_0014/0032.mp4,3220840
datasets/data-final/中文/Raw/video_0014/0033.mp4,5368405
datasets/data-final/中文/Raw/video_0015/0001.mp4,3179242
datasets/data-final/中文/Raw/video_0015/0002.mp4,1715776
datasets/data-final/中文/Raw/video_0015/0003.mp4,1874327
datasets/data-final/中文/Raw/video_0015/0004.mp4,3536794
datasets/data-final/中文/Raw/video_0015/0005.mp4,1801401
datasets/data-final/中文/Raw/video_0015/0006.mp4,2632377
datasets/data-final/中文/Raw/video_0015/0007.mp4,3475637
datasets/data-final/中文/Raw/video_0015/0008.mp4,2887605
datasets/data-final/中文/Raw/video_0015/0009.mp4,3157852
datasets/data-final/中文/Raw/video_0015/0010.mp4,1438667
datasets/data-final/中文/Raw/video_0015/0011.mp4,1870922
datasets/data-final/中文/Raw/video_0015/0012.mp4,4069419
datasets/data-final/中文/Raw/video_0015/0013.mp4,2101434
datasets/data-final/中文/Raw/video_0015/0014.mp4,5950257
datasets/data-final/中文/Raw/video_0015/0015.mp4,2766995
datasets/data-final/中文/Raw/video_0015/0016.mp4,2798039
datasets/data-final/中文/Raw/video_0015/0017.mp4,2430246
datasets/data-final/中文/Raw/video_0015/0018.mp4,3859946
datasets/data-final/中文/Raw/video_0015/0019.mp4,3978342
datasets/data-final/中文/Raw/video_0015/0020.mp4,2650704
datasets/data-final/中文/Raw/video_0015/0021.mp4,2798246
datasets/data-final/中文/Raw/video_0015/0022.mp4,3242294
datasets/data-final/中文/Raw/video_0015/0023.mp4,2395100
datasets/data-final/中文/Raw/video_0015/0024.mp4,3195675
datasets/data-final/中文/Raw/video_0015/0025.mp4,3938186
datasets/data-final/中文/Raw/video_0015/0026.mp4,6877325
datasets/data-final/中文/Raw/video_0015/0027.mp4,2376843
datasets/data-final/中文/Raw/video_0015/0028.mp4,4465510
datasets/data-final/中文/Raw/video_0015/0029.mp4,2520274
datasets/data-final/中文/Raw/video_0015/0030.mp4,3724660
datasets/data-final/中文/Raw/video_0015/0031.mp4,6108981
datasets/data-final/中文/Raw/video_0015/0032.mp4,2699646
datasets/data-final/中文/Raw/video_0015/0033.mp4,4555969
datasets/data-final/中文/Raw/video_0015/0034.mp4,1873050
datasets/data-final/中文/Raw/video_0015/0035.mp4,5639835
datasets/data-final/中文/Raw/video_0015/0036.mp4,3736828
datasets/data-final/中文/Raw/video_0015/0037.mp4,6788191
datasets/data-final/中文/Raw/video_0015/0038.mp4,2056360
datasets/data-final/中文/Raw/video_0015/0039.mp4,2093579
datasets/data-final/中文/Raw/video_0015/0040.mp4,5314941
datasets/data-final/中文/Raw/video_0015/0041.mp4,4132423
datasets/data-final/中文/Raw/video_0016/0001.mp4,2695696
datasets/data-final/中文/Raw/video_0016/0002.mp4,5737536
datasets/data-final/中文/Raw/video_0016/0003.mp4,4685430
datasets/data-final/中文/Raw/video_0016/0004.mp4,5485284
datasets/data-final/中文/Raw/video_0016/0005.mp4,3896757
datasets/data-final/中文/Raw/video_0016/0006.mp4,6762099
datasets/data-final/中文/Raw/video_0016/0007.mp4,6071329
datasets/data-final/中文/Raw/video_0016/0008.mp4,3794504
datasets/data-final/中文/Raw/video_0016/0009.mp4,3417309
datasets/data-final/中文/Raw/video_0016/0010.mp4,3605041
datasets/data-final/中文/Raw/video_0016/0011.mp4,1417897
datasets/data-final/中文/Raw/video_0016/0012.mp4,3294311
datasets/data-final/中文/Raw/video_0016/0013.mp4,5293466
datasets/data-final/中文/Raw/video_0016/0014.mp4,2654610
datasets/data-final/中文/Raw/video_0016/0015.mp4,2360651
datasets/data-final/中文/Raw/video_0016/0016.mp4,5988644
datasets/data-final/中文/Raw/video_0016/0017.mp4,4363162
datasets/data-final/中文/Raw/video_0016/0018.mp4,6689187
datasets/data-final/中文/Raw/video_0016/0019.mp4,2672750
datasets/data-final/中文/Raw/video_0016/0020.mp4,4023552
datasets/data-final/中文/Raw/video_0016/0021.mp4,3972267
datasets/data-final/中文/Raw/video_0016/0022.mp4,6710048
datasets/data-final/中文/Raw/video_0016/0023.mp4,6808933
datasets/data-final/中文/Raw/video_0016/0024.mp4,2926618
datasets/data-final/中文/Raw/video_0016/0025.mp4,2761977
datasets/data-final/中文/Raw/video_0016/0026.mp4,6814641
datasets/data-final/中文/Raw/video_0016/0027.mp4,6882823
datasets/data-final/中文/Raw/video_0016/0028.mp4,3091239
datasets/data-final/中文/Raw/video_0016/0029.mp4,3966868
datasets/data-final/中文/Raw/video_0016/0030.mp4,6794269
datasets/data-final/中文/Raw/video_0016/0031.mp4,7256381
datasets/data-final/中文/Raw/video_0016/0032.mp4,6797965
datasets/data-final/中文/Raw/video_0016/0033.mp4,6840575
datasets/data-final/中文/Raw/video_0016/0034.mp4,6679488
datasets/data-final/中文/Raw/video_0016/0035.mp4,3658638
datasets/data-final/中文/Raw/video_0016/0036.mp4,4782205
datasets/data-final/中文/Raw/video_0016/0037.mp4,2842658
datasets/data-final/中文/Raw/video_0016/0038.mp4,2881327
datasets/data-final/中文/Raw/video_0016/0039.mp4,6787900
datasets/data-final/中文/Raw/video_0016/0040.mp4,5602810
datasets/data-final/中文/Raw/video_0016/0041.mp4,5854150
datasets/data-final/中文/Raw/video_0016/0042.mp4,2207845
datasets/data-final/中文/Raw/video_0016/0043.mp4,4432249
datasets/data-final/中文/Raw/video_0016/0044.mp4,5116914
datasets/data-final/中文/Raw/video_0016/0045.mp4,1989726
datasets/data-final/中文/Raw/video_0016/0046.mp4,6676293
datasets/data-final/中文/Raw/video_0016/0047.mp4,6380094
datasets/data-final/中文/Raw/video_0017/0001.mp4,6893707
datasets/data-final/中文/Raw/video_0017/0002.mp4,5123167
datasets/data-final/中文/Raw/video_0017/0003.mp4,3078898
datasets/data-final/中文/Raw/video_0017/0004.mp4,3277750
datasets/data-final/中文/Raw/video_0017/0005.mp4,5937335
datasets/data-final/中文/Raw/video_0017/0006.mp4,6912907
datasets/data-final/中文/Raw/video_0017/0007.mp4,6726511
datasets/data-final/中文/Raw/video_0017/0008.mp4,4428860
datasets/data-final/中文/Raw/video_0017/0009.mp4,1664289
datasets/data-final/中文/Raw/video_0017/0010.mp4,4662927
datasets/data-final/中文/Raw/video_0017/0011.mp4,4695556
datasets/data-final/中文/Raw/video_0017/0012.mp4,5706344
datasets/data-final/中文/Raw/video_0017/0013.mp4,4213578
datasets/data-final/中文/Raw/video_0017/0014.mp4,4893824
datasets/data-final/中文/Raw/video_0017/0015.mp4,2361434
datasets/data-final/中文/Raw/video_0017/0016.mp4,4497661
datasets/data-final/中文/Raw/video_0017/0017.mp4,6765247
datasets/data-final/中文/Raw/video_0017/0018.mp4,2788713
datasets/data-final/中文/Raw/video_0017/0019.mp4,6541594
datasets/data-final/中文/Raw/video_0018/0001.mp4,2271166
datasets/data-final/中文/Raw/video_0018/0002.mp4,2887847
datasets/data-final/中文/Raw/video_0018/0003.mp4,3005926
datasets/data-final/中文/Raw/video_0018/0004.mp4,2912161
datasets/data-final/中文/Raw/video_0018/0005.mp4,2955927
datasets/data-final/中文/Raw/video_0018/0006.mp4,1886428
datasets/data-final/中文/Raw/video_0018/0007.mp4,2525014
datasets/data-final/中文/Raw/video_0018/0008.mp4,3245615
datasets/data-final/中文/Raw/video_0018/0009.mp4,2521174
datasets/data-final/中文/Raw/video_0018/0010.mp4,5320750
datasets/data-final/中文/Raw/video_0018/0011.mp4,6822609
datasets/data-final/中文/Raw/video_0018/0012.mp4,4364781
datasets/data-final/中文/Raw/video_0019/0001.mp4,3886924
datasets/data-final/中文/Raw/video_0019/0002.mp4,4103958
datasets/data-final/中文/Raw/video_0019/0003.mp4,3519431
datasets/data-final/中文/Raw/video_0019/0004.mp4,6956270
datasets/data-final/中文/Raw/video_0019/0005.mp4,2826849
datasets/data-final/中文/Raw/video_0019/0006.mp4,6173175
datasets/data-final/中文/Raw/video_0019/0007.mp4,6965733
datasets/data-final/中文/Raw/video_0019/0008.mp4,4778228
datasets/data-final/中文/Raw/video_0019/0009.mp4,6886845
datasets/data-final/中文/Raw/video_0019/0010.mp4,6820558
datasets/data-final/中文/Raw/video_0019/0011.mp4,3395409
datasets/data-final/中文/Raw/video_0019/0012.mp4,3503591
datasets/data-final/中文/Raw/video_0019/0013.mp4,5664207
datasets/data-final/中文/Raw/video_0019/0014.mp4,6789571
datasets/data-final/中文/Raw/video_0019/0015.mp4,5575029
datasets/data-final/中文/Raw/video_0019/0016.mp4,3683396
datasets/data-final/中文/Raw/video_0020/0001.mp4,6871772
datasets/data-final/中文/Raw/video_0020/0002.mp4,5741758
datasets/data-final/中文/Raw/video_0020/0003.mp4,6161290
datasets/data-final/中文/Raw/video_0020/0004.mp4,4064589
datasets/data-final/中文/Raw/video_0020/0005.mp4,4754081
datasets/data-final/中文/Raw/video_0020/0006.mp4,5240669
datasets/data-final/中文/Raw/video_0020/0007.mp4,4431215
datasets/data-final/中文/Raw/video_0020/0008.mp4,4571434
datasets/data-final/中文/Raw/video_0020/0009.mp4,2316603
datasets/data-final/中文/Raw/video_0020/0010.mp4,1804216
datasets/data-final/中文/Raw/video_0020/0011.mp4,1975204
datasets/data-final/中文/Raw/video_0020/0012.mp4,1235527
datasets/data-final/中文/Raw/video_0020/0013.mp4,2790646
datasets/data-final/中文/Raw/video_0021/0001.mp4,4130352
datasets/data-final/中文/Raw/video_0021/0002.mp4,6980431
datasets/data-final/中文/Raw/video_0021/0003.mp4,1633789
datasets/data-final/中文/Raw/video_0021/0004.mp4,2624477
datasets/data-final/中文/Raw/video_0021/0005.mp4,1844204
datasets/data-final/中文/Raw/video_0021/0006.mp4,1743435
datasets/data-final/中文/Raw/video_0021/0007.mp4,3918237
datasets/data-final/中文/Raw/video_0021/0008.mp4,3445012
datasets/data-final/中文/Raw/video_0021/0009.mp4,6727772
datasets/data-final/中文/Raw/video_0021/0010.mp4,3364736
datasets/data-final/中文/Raw/video_0021/0011.mp4,4373457
datasets/data-final/中文/Raw/video_0022/0001.mp4,6022317
datasets/data-final/中文/Raw/video_0022/0002.mp4,2041757
datasets/data-final/中文/Raw/video_0022/0003.mp4,4171167
datasets/data-final/中文/Raw/video_0022/0004.mp4,4007750
datasets/data-final/中文/Raw/video_0022/0005.mp4,2633879
datasets/data-final/中文/Raw/video_0022/0006.mp4,6957731
datasets/data-final/中文/Raw/video_0022/0007.mp4,5903606
datasets/data-final/中文/Raw/video_0022/0008.mp4,5716373
datasets/data-final/中文/Raw/video_0022/0009.mp4,2544926
datasets/data-final/中文/Raw/video_0022/0010.mp4,4722146
datasets/data-final/中文/Raw/video_0022/0011.mp4,7304587
datasets/data-final/中文/Raw/video_0022/0012.mp4,5973286
datasets/data-final/中文/Raw/video_0022/0013.mp4,6466534
datasets/data-final/中文/Raw/video_0022/0014.mp4,4340666
datasets/data-final/中文/Raw/video_0022/0015.mp4,3275781
datasets/data-final/中文/Raw/video_0022/0016.mp4,5339196
datasets/data-final/中文/Raw/video_0022/0017.mp4,4595511
datasets/data-final/中文/Raw/video_0022/0018.mp4,7141457
datasets/data-final/中文/Raw/video_0022/0019.mp4,6729901
datasets/data-final/中文/Raw/video_0022/0020.mp4,6707504
datasets/data-final/中文/Raw/video_0022/0021.mp4,2012345
datasets/data-final/中文/Raw/video_0022/0022.mp4,3827191
datasets/data-final/中文/Raw/video_0023/0001.mp4,5166229
datasets/data-final/中文/Raw/video_0023/0002.mp4,5296704
datasets/data-final/中文/Raw/video_0023/0003.mp4,4872162
datasets/data-final/中文/Raw/video_0023/0004.mp4,4826852
datasets/data-final/中文/Raw/video_0023/0005.mp4,6944630
datasets/data-final/中文/Raw/video_0023/0006.mp4,3840501
datasets/data-final/中文/Raw/video_0023/0007.mp4,2706223
datasets/data-final/中文/Raw/video_0023/0008.mp4,3241405
datasets/data-final/中文/Raw/video_0023/0009.mp4,7160463
datasets/data-final/中文/Raw/video_0023/0010.mp4,4842625
datasets/data-final/中文/Raw/video_0023/0011.mp4,6728466
datasets/data-final/中文/Raw/video_0023/0012.mp4,3432228
datasets/data-final/中文/Raw/video_0023/0013.mp4,1710840
datasets/data-final/中文/Raw/video_0023/0014.mp4,4033347
datasets/data-final/中文/Raw/video_0023/0015.mp4,5044587
datasets/data-final/中文/Raw/video_0023/0016.mp4,1497339
datasets/data-final/中文/Raw/video_0023/0017.mp4,6554602
datasets/data-final/中文/Raw/video_0023/0018.mp4,5627266
datasets/data-final/中文/Raw/video_0023/0019.mp4,2862309
datasets/data-final/中文/Raw/video_0023/0020.mp4,1846329
datasets/data-final/中文/Raw/video_0023/0021.mp4,1841820
datasets/data-final/中文/Raw/video_0023/0022.mp4,2896560
datasets/data-final/中文/Raw/video_0023/0023.mp4,6564819
datasets/data-final/中文/Raw/video_0023/0024.mp4,1986094
datasets/data-final/中文/Raw/video_0023/0025.mp4,4439596
datasets/data-final/中文/Raw/video_0023/0026.mp4,3597723
datasets/data-final/中文/Raw/video_0023/0027.mp4,1835766
datasets/data-final/中文/Raw/video_0023/0028.mp4,1786722
datasets/data-final/中文/Raw/video_0023/0029.mp4,5020645
datasets/data-final/中文/Raw/video_0023/0030.mp4,6761749
datasets/data-final/中文/Raw/video_0023/0031.mp4,2938224
datasets/data-final/中文/Raw/video_0023/0032.mp4,3540874
datasets/data-final/中文/Raw/video_0023/0033.mp4,1261285
datasets/data-final/中文/Raw/video_0023/0034.mp4,3874140
datasets/data-final/中文/Raw/video_0023/0035.mp4,3160480
datasets/data-final/中文/Raw/video_0023/0036.mp4,2335883
datasets/data-final/中文/Raw/video_0023/0037.mp4,1823681
datasets/data-final/中文/Raw/video_0023/0038.mp4,3237651
datasets/data-final/中文/Raw/video_0023/0039.mp4,7331037
datasets/data-final/中文/Raw/video_0023/0040.mp4,6370914
datasets/data-final/中文/Raw/video_0023/0041.mp4,3738268
datasets/data-final/中文/Raw/video_0023/0042.mp4,6028892
datasets/data-final/中文/Raw/video_0023/0043.mp4,2179699
datasets/data-final/中文/Raw/video_0023/0044.mp4,5307943
datasets/data-final/中文/Raw/video_0023/0045.mp4,3344144
datasets/data-final/中文/Raw/video_0023/0046.mp4,2224167
datasets/data-final/中文/Raw/video_0023/0047.mp4,6030976
datasets/data-final/中文/Raw/video_0023/0048.mp4,3378230
datasets/data-final/中文/Raw/video_0023/0049.mp4,3621606
datasets/data-final/中文/Raw/video_0023/0050.mp4,4017362
datasets/data-final/中文/Raw/video_0023/0051.mp4,4114923
datasets/data-final/中文/Raw/video_0023/0052.mp4,4625279
datasets/data-final/中文/Raw/video_0023/0053.mp4,6795076
datasets/data-final/中文/Raw/video_0023/0054.mp4,6586394
datasets/data-final/中文/Raw/video_0023/0055.mp4,5436849
datasets/data-final/中文/Raw/video_0023/0056.mp4,4614735
datasets/data-final/中文/Raw/video_0023/0057.mp4,2754153
datasets/data-final/中文/Raw/video_0023/0058.mp4,1589396
datasets/data-final/中文/Raw/video_0023/0059.mp4,6926855
datasets/data-final/中文/Raw/video_0023/0060.mp4,1726861
datasets/data-final/中文/Raw/video_0023/0061.mp4,6116561
datasets/data-final/中文/Raw/video_0023/0062.mp4,6853299
datasets/data-final/中文/Raw/video_0023/0063.mp4,5753302
datasets/data-final/中文/Raw/video_0023/0064.mp4,2931512
datasets/data-final/中文/Raw/video_0024/0001.mp4,3244344
datasets/data-final/中文/Raw/video_0024/0002.mp4,3209306
datasets/data-final/中文/Raw/video_0024/0003.mp4,3273794
datasets/data-final/中文/Raw/video_0024/0004.mp4,4489888
datasets/data-final/中文/Raw/video_0024/0005.mp4,5262459
datasets/data-final/中文/Raw/video_0024/0006.mp4,4103046
datasets/data-final/中文/Raw/video_0024/0007.mp4,2094834
datasets/data-final/中文/Raw/video_0024/0008.mp4,4167590
datasets/data-final/中文/Raw/video_0024/0009.mp4,4506824
datasets/data-final/中文/Raw/video_0024/0010.mp4,5663641
datasets/data-final/中文/Raw/video_0024/0011.mp4,5085787
datasets/data-final/中文/Raw/video_0024/0012.mp4,4688794
datasets/data-final/中文/Raw/video_0024/0013.mp4,5455479
datasets/data-final/中文/Raw/video_0024/0014.mp4,4563658
datasets/data-final/中文/Raw/video_0024/0015.mp4,2974621
datasets/data-final/中文/Raw/video_0024/0016.mp4,3395180
datasets/data-final/中文/Raw/video_0024/0017.mp4,3620963
datasets/data-final/中文/Raw/video_0024/0018.mp4,3888712
datasets/data-final/中文/Raw/video_0024/0019.mp4,2650735
datasets/data-final/中文/Raw/video_0024/0020.mp4,1061134
datasets/data-final/中文/Raw/video_0024/0021.mp4,1479254
datasets/data-final/中文/Raw/video_0024/0022.mp4,2866969
datasets/data-final/中文/Raw/video_0024/0023.mp4,5194937
datasets/data-final/中文/Raw/video_0024/0024.mp4,1024377
datasets/data-final/中文/Raw/video_0024/0025.mp4,2696131
datasets/data-final/中文/Raw/video_0024/0026.mp4,6261064
datasets/data-final/中文/Raw/video_0024/0027.mp4,2829226
datasets/data-final/中文/Raw/video_0024/0028.mp4,2818416
datasets/data-final/中文/Raw/video_0024/0029.mp4,3249799
datasets/data-final/中文/Raw/video_0024/0030.mp4,1973602
datasets/data-final/中文/Raw/video_0024/0031.mp4,4137460
datasets/data-final/中文/Raw/video_0024/0032.mp4,4544907
datasets/data-final/中文/Raw/video_0024/0033.mp4,5483886
datasets/data-final/中文/Raw/video_0024/0034.mp4,4031804
datasets/data-final/中文/Raw/video_0024/0035.mp4,4586793
datasets/data-final/中文/Raw/video_0024/0036.mp4,5142484
datasets/data-final/中文/Raw/video_0024/0037.mp4,1879336
datasets/data-final/中文/Raw/video_0024/0038.mp4,2458049
datasets/data-final/中文/Raw/video_0024/0039.mp4,4386863
datasets/data-final/中文/Raw/video_0024/0040.mp4,4653439
datasets/data-final/中文/Raw/video_0024/0041.mp4,1794144
datasets/data-final/中文/Raw/video_0024/0042.mp4,2033739
datasets/data-final/中文/Raw/video_0024/0043.mp4,2843553
datasets/data-final/中文/Raw/video_0024/0044.mp4,3913973
datasets/data-final/中文/Raw/video_0024/0045.mp4,4354409
datasets/data-final/中文/Raw/video_0024/0046.mp4,6235191
datasets/data-final/中文/Raw/video_0024/0047.mp4,5740774
datasets/data-final/中文/Raw/video_0024/0048.mp4,2905991
datasets/data-final/中文/Raw/video_0024/0049.mp4,2595141
datasets/data-final/中文/Raw/video_0024/0050.mp4,2534329
datasets/data-final/中文/Raw/video_0024/0051.mp4,2361431
datasets/data-final/中文/Raw/video_0024/0052.mp4,4235772
datasets/data-final/中文/Raw/video_0024/0053.mp4,2147063
datasets/data-final/中文/Raw/video_0024/0054.mp4,5891046
datasets/data-final/中文/Raw/video_0024/0055.mp4,1856129
datasets/data-final/中文/Raw/video_0024/0056.mp4,4532896
datasets/data-final/中文/Raw/video_0024/0057.mp4,1748059
datasets/data-final/中文/Raw/video_0024/0058.mp4,1832325
datasets/data-final/中文/Raw/video_0024/0059.mp4,1317825
datasets/data-final/中文/Raw/video_0024/0060.mp4,4809508
datasets/data-final/中文/Raw/video_0024/0061.mp4,3471848
datasets/data-final/中文/Raw/video_0024/0062.mp4,4856776
datasets/data-final/中文/Raw/video_0024/0063.mp4,2876956
datasets/data-final/中文/Raw/video_0024/0064.mp4,5905000
datasets/data-final/中文/Raw/video_0024/0065.mp4,5633991
datasets/data-final/中文/Raw/video_0024/0066.mp4,4720877
datasets/data-final/中文/Raw/video_0024/0067.mp4,1878055
datasets/data-final/中文/Raw/video_0024/0068.mp4,1459909
datasets/data-final/中文/Raw/video_0024/0069.mp4,6805147
datasets/data-final/中文/Raw/video_0024/0070.mp4,4072505
datasets/data-final/中文/Raw/video_0024/0071.mp4,3002737
datasets/data-final/中文/Raw/video_0024/0072.mp4,3086786
datasets/data-final/中文/Raw/video_0024/0073.mp4,3578472
datasets/data-final/中文/Raw/video_0024/0074.mp4,4782175
datasets/data-final/中文/Raw/video_0024/0075.mp4,4703827
datasets/data-final/中文/Raw/video_0024/0076.mp4,3880133
datasets/data-final/中文/Raw/video_0024/0077.mp4,6739483
datasets/data-final/中文/Raw/video_0024/0078.mp4,3252824
datasets/data-final/中文/Raw/video_0024/0079.mp4,4422065
datasets/data-final/中文/Raw/video_0024/0080.mp4,5729282
datasets/data-final/中文/Raw/video_0024/0081.mp4,4433109
datasets/data-final/中文/Raw/video_0024/0082.mp4,5767443
datasets/data-final/中文/Raw/video_0024/0083.mp4,4792657
datasets/data-final/中文/Raw/video_0024/0084.mp4,5207237
datasets/data-final/中文/Raw/video_0024/0085.mp4,2801516
datasets/data-final/中文/Raw/video_0024/0086.mp4,3974762
datasets/data-final/中文/Raw/video_0024/0087.mp4,6860575
datasets/data-final/中文/Raw/video_0024/0088.mp4,6750328
datasets/data-final/中文/Raw/video_0024/0089.mp4,1877531
datasets/data-final/中文/Raw/video_0024/0090.mp4,6963090
datasets/data-final/中文/Raw/video_0024/0091.mp4,6843283
datasets/data-final/中文/Raw/video_0024/0092.mp4,2383515
datasets/data-final/中文/Raw/video_0024/0093.mp4,3206894
datasets/data-final/中文/Raw/video_0024/0094.mp4,1365342
datasets/data-final/中文/Raw/video_0024/0095.mp4,2853948
datasets/data-final/中文/Raw/video_0024/0096.mp4,5954611
datasets/data-final/中文/Raw/video_0024/0097.mp4,4390359
datasets/data-final/中文/Raw/video_0024/0098.mp4,5336743
datasets/data-final/中文/Raw/video_0024/0099.mp4,6873526
datasets/data-final/中文/Raw/video_0024/0100.mp4,4220988
datasets/data-final/中文/Raw/video_0024/0101.mp4,4278367
datasets/data-final/中文/Raw/video_0024/0102.mp4,4756063
datasets/data-final/中文/Raw/video_0024/0103.mp4,5028399
datasets/data-final/中文/Raw/video_0024/0104.mp4,5403677
datasets/data-final/中文/Raw/video_0024/0105.mp4,4165889
datasets/data-final/中文/Raw/video_0024/0106.mp4,2776780
datasets/data-final/中文/Raw/video_0024/0107.mp4,4226065
datasets/data-final/中文/Raw/video_0024/0108.mp4,6432446
datasets/data-final/中文/Raw/video_0024/0109.mp4,1612431
datasets/data-final/中文/Raw/video_0024/0110.mp4,6776401
datasets/data-final/中文/Raw/video_0024/0111.mp4,6686368
datasets/data-final/中文/Raw/video_0024/0112.mp4,4943633
datasets/data-final/中文/Raw/video_0024/0113.mp4,5920883
datasets/data-final/中文/Raw/video_0024/0114.mp4,4923914
datasets/data-final/中文/Raw/video_0024/0115.mp4,7046911
datasets/data-final/中文/Raw/video_0024/0116.mp4,7111443
datasets/data-final/中文/Raw/video_0025/0001.mp4,6615282
datasets/data-final/中文/Raw/video_0025/0002.mp4,3760804
datasets/data-final/中文/Raw/video_0025/0003.mp4,1979791
datasets/data-final/中文/Raw/video_0025/0004.mp4,2418475
datasets/data-final/中文/Raw/video_0025/0005.mp4,2601692
datasets/data-final/中文/Raw/video_0025/0006.mp4,1855729
datasets/data-final/中文/Raw/video_0025/0007.mp4,5155514
datasets/data-final/中文/Raw/video_0025/0008.mp4,1972255
datasets/data-final/中文/Raw/video_0025/0009.mp4,2376152
datasets/data-final/中文/Raw/video_0025/0010.mp4,5322331
datasets/data-final/中文/Raw/video_0025/0011.mp4,3402415
datasets/data-final/中文/Raw/video_0025/0012.mp4,5361823
datasets/data-final/中文/Raw/video_0025/0013.mp4,1738903
datasets/data-final/中文/Raw/video_0025/0014.mp4,6953925
datasets/data-final/中文/Raw/video_0025/0015.mp4,1581939
datasets/data-final/中文/Raw/video_0025/0016.mp4,6816973
datasets/data-final/中文/Raw/video_0025/0017.mp4,4268291
datasets/data-final/中文/Raw/video_0025/0018.mp4,5665282
datasets/data-final/中文/Raw/video_0025/0019.mp4,1796703
datasets/data-final/中文/Raw/video_0025/0020.mp4,2368760
datasets/data-final/中文/Raw/video_0025/0021.mp4,1909783
datasets/data-final/中文/Raw/video_0025/0022.mp4,2074408
datasets/data-final/中文/Raw/video_0025/0023.mp4,6673437
datasets/data-final/中文/Raw/video_0025/0024.mp4,3630066
datasets/data-final/中文/Raw/video_0025/0025.mp4,3658360
datasets/data-final/中文/Raw/video_0025/0026.mp4,3809519
datasets/data-final/中文/Raw/video_0025/0027.mp4,5690251
datasets/data-final/中文/Raw/video_0025/0028.mp4,2642058
datasets/data-final/中文/Raw/video_0025/0029.mp4,2259898
datasets/data-final/中文/Raw/video_0025/0030.mp4,3743775
datasets/data-final/中文/Raw/video_0025/0031.mp4,5747271
datasets/data-final/中文/Raw/video_0025/0032.mp4,7012346
datasets/data-final/中文/Raw/video_0025/0033.mp4,4357677
datasets/data-final/中文/Raw/video_0025/0034.mp4,1652880
datasets/data-final/中文/Raw/video_0025/0035.mp4,2223790
datasets/data-final/中文/Raw/video_0025/0036.mp4,1866788
datasets/data-final/中文/Raw/video_0025/0037.mp4,2090234
datasets/data-final/中文/Raw/video_0025/0038.mp4,4018439
datasets/data-final/中文/Raw/video_0025/0039.mp4,5233722
datasets/data-final/中文/Raw/video_0025/0040.mp4,6447345
datasets/data-final/中文/Raw/video_0025/0041.mp4,6969117
datasets/data-final/中文/Raw/video_0025/0042.mp4,3483883
datasets/data-final/中文/Raw/video_0025/0043.mp4,2967437
datasets/data-final/中文/Raw/video_0025/0044.mp4,2403930
datasets/data-final/中文/Raw/video_0025/0045.mp4,2789341
datasets/data-final/中文/Raw/video_0025/0046.mp4,3572053
datasets/data-final/中文/Raw/video_0025/0047.mp4,5790261
datasets/data-final/中文/Raw/video_0025/0048.mp4,2592586
datasets/data-final/中文/Raw/video_0025/0049.mp4,6890570
datasets/data-final/中文/Raw/video_0025/0050.mp4,3280399
datasets/data-final/中文/Raw/video_0025/0051.mp4,4551389
datasets/data-final/中文/Raw/video_0025/0052.mp4,5518899
datasets/data-final/中文/Raw/video_0025/0053.mp4,3437655
datasets/data-final/中文/Raw/video_0025/0054.mp4,2785157
datasets/data-final/中文/Raw/video_0025/0055.mp4,2498496
datasets/data-final/中文/Raw/video_0026/0001.mp4,5968872
datasets/data-final/中文/Raw/video_0026/0002.mp4,5822090
datasets/data-final/中文/Raw/video_0026/0003.mp4,6879170
datasets/data-final/中文/Raw/video_0026/0004.mp4,6698061
datasets/data-final/中文/Raw/video_0026/0005.mp4,5439880
datasets/data-final/中文/Raw/video_0026/0006.mp4,7104515
datasets/data-final/中文/Raw/video_0026/0007.mp4,6885833
datasets/data-final/中文/Raw/video_0026/0008.mp4,5452706
datasets/data-final/中文/Raw/video_0026/0009.mp4,6898837
datasets/data-final/中文/Raw/video_0026/0010.mp4,5844658
datasets/data-final/中文/Raw/video_0026/0011.mp4,6802060
datasets/data-final/中文/Raw/video_0026/0012.mp4,5646192
datasets/data-final/中文/Raw/video_0026/0013.mp4,6779119
datasets/data-final/中文/Raw/video_0026/0014.mp4,6815129
datasets/data-final/中文/Raw/video_0026/0015.mp4,4786555
datasets/data-final/中文/Raw/video_0026/0016.mp4,4190269
datasets/data-final/中文/Raw/video_0026/0017.mp4,6901093
datasets/data-final/中文/Raw/video_0026/0018.mp4,7339916
datasets/data-final/中文/Raw/video_0026/0019.mp4,6926457
datasets/data-final/中文/Raw/video_0026/0020.mp4,6739764
datasets/data-final/中文/Raw/video_0026/0021.mp4,6107860
datasets/data-final/中文/Raw/video_0026/0022.mp4,6754156
datasets/data-final/中文/Raw/video_0026/0023.mp4,5604853
datasets/data-final/中文/Raw/video_0026/0024.mp4,7140636
datasets/data-final/中文/Raw/video_0026/0025.mp4,6741758
datasets/data-final/中文/Raw/video_0027/0001.mp4,3797837
datasets/data-final/中文/Raw/video_0027/0002.mp4,2988539
datasets/data-final/中文/Raw/video_0027/0003.mp4,3584506
datasets/data-final/中文/Raw/video_0027/0004.mp4,4665101
datasets/data-final/中文/Raw/video_0027/0005.mp4,5548434
datasets/data-final/中文/Raw/video_0027/0006.mp4,4094418
datasets/data-final/中文/Raw/video_0027/0007.mp4,6928272
datasets/data-final/中文/Raw/video_0027/0008.mp4,6685018
datasets/data-final/中文/Raw/video_0027/0009.mp4,5142043
datasets/data-final/中文/Raw/video_0027/0010.mp4,5367332
datasets/data-final/中文/Raw/video_0027/0011.mp4,6814556
datasets/data-final/中文/Raw/video_0027/0012.mp4,4918906
datasets/data-final/中文/Raw/video_0027/0013.mp4,6022467
datasets/data-final/中文/Raw/video_0027/0014.mp4,7092383
datasets/data-final/中文/Raw/video_0027/0015.mp4,6738686
datasets/data-final/中文/Raw/video_0027/0016.mp4,5835253
datasets/data-final/中文/Raw/video_0027/0017.mp4,876526
datasets/data-final/中文/Raw/video_0027/0018.mp4,6781152
datasets/data-final/中文/Raw/video_0027/0019.mp4,6549908
datasets/data-final/中文/Raw/video_0027/0020.mp4,2623897
datasets/data-final/中文/Raw/video_0027/0021.mp4,5310560
datasets/data-final/中文/Raw/video_0027/0022.mp4,4716130
datasets/data-final/中文/Raw/video_0027/0023.mp4,6953583
datasets/data-final/中文/Raw/video_0027/0024.mp4,2498792
datasets/data-final/中文/Raw/video_0027/0025.mp4,5712859
datasets/data-final/中文/Raw/video_0027/0026.mp4,3999007
datasets/data-final/中文/Raw/video_0027/0027.mp4,6948515
datasets/data-final/中文/Raw/video_0027/0028.mp4,789620
datasets/data-final/中文/Raw/video_0027/0029.mp4,3989629
datasets/data-final/中文/Raw/video_0027/0030.mp4,6829466
datasets/data-final/中文/Raw/video_0027/0031.mp4,4196792
datasets/data-final/中文/Raw/video_0027/0032.mp4,5984899
datasets/data-final/中文/Raw/video_0027/0033.mp4,6176574
datasets/data-final/中文/Raw/video_0027/0034.mp4,1796066
datasets/data-final/中文/Raw/video_0027/0035.mp4,4771003
datasets/data-final/中文/Raw/video_0027/0036.mp4,5448787
datasets/data-final/中文/Raw/video_0027/0037.mp4,1365695
datasets/data-final/中文/Raw/video_0027/0038.mp4,7290470
datasets/data-final/中文/Raw/video_0027/0039.mp4,4868827
datasets/data-final/中文/Raw/video_0027/0040.mp4,4317846
datasets/data-final/中文/Raw/video_0027/0041.mp4,6342285
datasets/data-final/中文/Raw/video_0027/0042.mp4,2741210
datasets/data-final/中文/Raw/video_0027/0043.mp4,6958868
datasets/data-final/中文/Raw/video_0027/0044.mp4,4787140
datasets/data-final/中文/Raw/video_0027/0045.mp4,3853017
datasets/data-final/中文/Raw/video_0027/0046.mp4,3188636
datasets/data-final/中文/Raw/video_0027/0047.mp4,5718267
datasets/data-final/中文/Raw/video_0027/0048.mp4,2180118
datasets/data-final/中文/Raw/video_0027/0049.mp4,3596339
datasets/data-final/中文/Raw/video_0028/0001.mp4,2442531
datasets/data-final/中文/Raw/video_0028/0002.mp4,1501826
datasets/data-final/中文/Raw/video_0028/0003.mp4,3692292
datasets/data-final/中文/Raw/video_0028/0004.mp4,4301334
datasets/data-final/中文/Raw/video_0028/0005.mp4,5376003
datasets/data-final/中文/Raw/video_0028/0006.mp4,5948190
datasets/data-final/中文/Raw/video_0028/0007.mp4,4613207
datasets/data-final/中文/Raw/video_0028/0008.mp4,5138864
datasets/data-final/中文/Raw/video_0028/0009.mp4,5311448
datasets/data-final/中文/Raw/video_0028/0010.mp4,2750644
datasets/data-final/中文/Raw/video_0028/0011.mp4,3437357
datasets/data-final/中文/Raw/video_0028/0012.mp4,2591751
datasets/data-final/中文/Raw/video_0028/0013.mp4,2072631
datasets/data-final/中文/Raw/video_0028/0014.mp4,1381684
datasets/data-final/中文/Raw/video_0028/0015.mp4,4330752
datasets/data-final/中文/Raw/video_0028/0016.mp4,3513105
datasets/data-final/中文/Raw/video_0028/0017.mp4,2664709
datasets/data-final/中文/Raw/video_0028/0018.mp4,3300532
datasets/data-final/中文/Raw/video_0028/0019.mp4,7071057
datasets/data-final/中文/Raw/video_0028/0020.mp4,6839258
datasets/data-final/中文/Raw/video_0028/0021.mp4,5489058
datasets/data-final/中文/Raw/video_0028/0022.mp4,2446871
datasets/data-final/中文/Raw/video_0028/0023.mp4,3897032
datasets/data-final/中文/Raw/video_0029/0001.mp4,2360497
datasets/data-final/中文/Raw/video_0029/0002.mp4,3578545
datasets/data-final/中文/Raw/video_0029/0003.mp4,1944594
datasets/data-final/中文/Raw/video_0029/0004.mp4,3728894
datasets/data-final/中文/Raw/video_0029/0005.mp4,3140482
datasets/data-final/中文/Raw/video_0029/0006.mp4,3320416
datasets/data-final/中文/Raw/video_0029/0007.mp4,6999366
datasets/data-final/中文/Raw/video_0029/0008.mp4,1638712
datasets/data-final/中文/Raw/video_0029/0009.mp4,5344229
datasets/data-final/中文/Raw/video_0029/0010.mp4,6813019
datasets/data-final/中文/Raw/video_0029/0011.mp4,7048819
datasets/data-final/中文/Raw/video_0029/0012.mp4,1848462
datasets/data-final/中文/Raw/video_0029/0013.mp4,3845063
datasets/data-final/中文/Raw/video_0029/0014.mp4,3520400
datasets/data-final/中文/Raw/video_0029/0015.mp4,4386775
datasets/data-final/中文/Raw/video_0029/0016.mp4,3508266
datasets/data-final/中文/Raw/video_0029/0017.mp4,2578524
datasets/data-final/中文/Raw/video_0029/0018.mp4,4303911
datasets/data-final/中文/Raw/video_0029/0019.mp4,6908952
datasets/data-final/中文/Raw/video_0029/0020.mp4,3178683
datasets/data-final/中文/Raw/video_0029/0021.mp4,6719021
datasets/data-final/中文/Raw/video_0029/0022.mp4,6500529
datasets/data-final/中文/Raw/video_0029/0023.mp4,4766993
datasets/data-final/中文/Raw/video_0029/0024.mp4,6786757
datasets/data-final/中文/Raw/video_0029/0025.mp4,4868736
datasets/data-final/中文/Raw/video_0029/0026.mp4,4371478
datasets/data-final/中文/Raw/video_0030/0001.mp4,5600605
datasets/data-final/中文/Raw/video_0030/0002.mp4,1693117
datasets/data-final/中文/Raw/video_0030/0003.mp4,4888840
datasets/data-final/中文/Raw/video_0030/0004.mp4,2752398
datasets/data-final/中文/Raw/video_0030/0005.mp4,4513500
datasets/data-final/中文/Raw/video_0030/0006.mp4,3389247
datasets/data-final/中文/Raw/video_0030/0007.mp4,6853009
datasets/data-final/中文/Raw/video_0030/0008.mp4,5095535
datasets/data-final/中文/Raw/video_0030/0009.mp4,4536409
datasets/data-final/中文/Raw/video_0030/0010.mp4,4979245
datasets/data-final/中文/Raw/video_0030/0011.mp4,3433220
datasets/data-final/中文/Raw/video_0030/0012.mp4,5533758
datasets/data-final/中文/Raw/video_0030/0013.mp4,5631110
datasets/data-final/中文/Raw/video_0030/0014.mp4,2542868
datasets/data-final/中文/Raw/video_0030/0015.mp4,4443339
datasets/data-final/中文/Raw/video_0030/0016.mp4,2368399
datasets/data-final/中文/Raw/video_0030/0017.mp4,6954815
datasets/data-final/中文/Raw/video_0030/0018.mp4,7132870
datasets/data-final/中文/Raw/video_0030/0019.mp4,2767557
datasets/data-final/中文/Raw/video_0030/0020.mp4,6955814
datasets/data-final/中文/Raw/video_0030/0021.mp4,542491
datasets/data-final/中文/Raw/video_0030/0022.mp4,1507034
datasets/data-final/中文/Raw/video_0030/0023.mp4,1445440
datasets/data-final/中文/Raw/video_0030/0024.mp4,6855584
datasets/data-final/中文/Raw/video_0030/0025.mp4,5842425
datasets/data-final/中文/Raw/video_0030/0026.mp4,7203910
datasets/data-final/中文/Raw/video_0030/0027.mp4,4303251
datasets/data-final/中文/Raw/video_0030/0028.mp4,4917850
datasets/data-final/中文/Raw/video_0030/0029.mp4,4498742
datasets/data-final/中文/Raw/video_0030/0030.mp4,7226042
datasets/data-final/中文/Raw/video_0030/0031.mp4,3460236
datasets/data-final/中文/Raw/video_0030/0032.mp4,7162308
datasets/data-final/中文/Raw/video_0030/0033.mp4,5514259
datasets/data-final/中文/Raw/video_0030/0034.mp4,6837078
datasets/data-final/中文/Raw/video_0030/0035.mp4,6532165
datasets/data-final/中文/Raw/video_0030/0036.mp4,3213017
datasets/data-final/中文/Raw/video_0030/0037.mp4,6021242
datasets/data-final/中文/Raw/video_0030/0038.mp4,5213283
datasets/data-final/中文/Raw/video_0030/0039.mp4,5185791
datasets/data-final/中文/Raw/video_0030/0040.mp4,6596755
datasets/data-final/中文/Raw/video_0030/0041.mp4,6347248
datasets/data-final/中文/Raw/video_0030/0042.mp4,4243542
datasets/data-final/中文/Raw/video_0031/0001.mp4,5325281
datasets/data-final/中文/Raw/video_0031/0002.mp4,4614948
datasets/data-final/中文/Raw/video_0031/0003.mp4,5829416
datasets/data-final/中文/Raw/video_0031/0004.mp4,3329909
datasets/data-final/中文/Raw/video_0031/0005.mp4,6918475
datasets/data-final/中文/Raw/video_0031/0006.mp4,2305218
datasets/data-final/中文/Raw/video_0031/0007.mp4,6795172
datasets/data-final/中文/Raw/video_0031/0008.mp4,2758909
datasets/data-final/中文/Raw/video_0031/0009.mp4,4985653
datasets/data-final/中文/Raw/video_0031/0010.mp4,3377277
datasets/data-final/中文/Raw/video_0031/0011.mp4,5109262
datasets/data-final/中文/Raw/video_0031/0012.mp4,5334879
datasets/data-final/中文/Raw/video_0031/0013.mp4,3517484
datasets/data-final/中文/Raw/video_0031/0014.mp4,5635538
datasets/data-final/中文/Raw/video_0031/0015.mp4,5334581
datasets/data-final/中文/Raw/video_0031/0016.mp4,5613313
datasets/data-final/中文/Raw/video_0031/0017.mp4,5828178
datasets/data-final/中文/Raw/video_0031/0018.mp4,2359567
datasets/data-final/中文/Raw/video_0031/0019.mp4,3234824
datasets/data-final/中文/Raw/video_0031/0020.mp4,6704052
datasets/data-final/中文/Raw/video_0031/0021.mp4,3201290
datasets/data-final/中文/Raw/video_0031/0022.mp4,3914830
datasets/data-final/中文/Raw/video_0031/0023.mp4,5679199
datasets/data-final/中文/Raw/video_0031/0024.mp4,6487796
datasets/data-final/中文/Raw/video_0031/0025.mp4,4394319
datasets/data-final/中文/Raw/video_0031/0026.mp4,2833036
datasets/data-final/中文/Raw/video_0031/0027.mp4,3999634
datasets/data-final/中文/Raw/video_0031/0028.mp4,6775273
datasets/data-final/中文/Raw/video_0031/0029.mp4,6583901
datasets/data-final/中文/Raw/video_0031/0030.mp4,5242489
datasets/data-final/中文/Raw/video_0031/0031.mp4,4079688
datasets/data-final/中文/Raw/video_0031/0032.mp4,2550839
datasets/data-final/中文/Raw/video_0031/0033.mp4,3008924
datasets/data-final/中文/Raw/video_0031/0034.mp4,4722868
datasets/data-final/中文/Raw/video_0031/0035.mp4,2911990
datasets/data-final/中文/Raw/video_0032/0001.mp4,5978933
datasets/data-final/中文/Raw/video_0032/0002.mp4,4045801
datasets/data-final/中文/Raw/video_0032/0003.mp4,4508627
datasets/data-final/中文/Raw/video_0032/0004.mp4,6731299
datasets/data-final/中文/Raw/video_0032/0005.mp4,3491413
datasets/data-final/中文/Raw/video_0032/0006.mp4,4630257
datasets/data-final/中文/Raw/video_0032/0007.mp4,3233841
datasets/data-final/中文/Raw/video_0032/0008.mp4,5922152
datasets/data-final/中文/Raw/video_0032/0009.mp4,4897750
datasets/data-final/中文/Raw/video_0032/0010.mp4,2448784
datasets/data-final/中文/Raw/video_0032/0011.mp4,3477811
datasets/data-final/中文/Raw/video_0032/0012.mp4,2414528
datasets/data-final/中文/Raw/video_0032/0013.mp4,5138268
datasets/data-final/中文/Raw/video_0032/0014.mp4,7101672
datasets/data-final/中文/Raw/video_0032/0015.mp4,3408204
datasets/data-final/中文/Raw/video_0032/0016.mp4,2093280
datasets/data-final/中文/Raw/video_0032/0017.mp4,4557946
datasets/data-final/中文/Raw/video_0032/0018.mp4,2376217
datasets/data-final/中文/Raw/video_0032/0019.mp4,3191996
datasets/data-final/中文/Raw/video_0032/0020.mp4,4425759
datasets/data-final/中文/Raw/video_0032/0021.mp4,3361819
datasets/data-final/中文/Raw/video_0032/0022.mp4,6834541
datasets/data-final/中文/Raw/video_0032/0023.mp4,4048116
datasets/data-final/中文/Raw/video_0033/0001.mp4,3927933
datasets/data-final/中文/Raw/video_0033/0002.mp4,3130935
datasets/data-final/中文/Raw/video_0033/0003.mp4,4389834
datasets/data-final/中文/Raw/video_0033/0004.mp4,6830671
datasets/data-final/中文/Raw/video_0033/0005.mp4,5814985
datasets/data-final/中文/Raw/video_0033/0006.mp4,2530668
datasets/data-final/中文/Raw/video_0033/0007.mp4,5424536
datasets/data-final/中文/Raw/video_0033/0008.mp4,2826093
datasets/data-final/中文/Raw/video_0033/0009.mp4,3330706
datasets/data-final/中文/Raw/video_0033/0010.mp4,6971711
datasets/data-final/中文/Raw/video_0033/0011.mp4,3837023
datasets/data-final/中文/Raw/video_0033/0012.mp4,4388650
datasets/data-final/中文/Raw/video_0033/0013.mp4,6887487
datasets/data-final/中文/Raw/video_0034/0001.mp4,3985787
datasets/data-final/中文/Raw/video_0034/0002.mp4,4466997
datasets/data-final/中文/Raw/video_0034/0003.mp4,5572415
datasets/data-final/中文/Raw/video_0034/0004.mp4,5689895
datasets/data-final/中文/Raw/video_0034/0005.mp4,6879919
datasets/data-final/中文/Raw/video_0034/0006.mp4,7043503
datasets/data-final/中文/Raw/video_0034/0007.mp4,6588418
datasets/data-final/中文/Raw/video_0034/0008.mp4,7174643
datasets/data-final/中文/Raw/video_0034/0009.mp4,6954606
datasets/data-final/中文/Raw/video_0034/0010.mp4,1563920
datasets/data-final/中文/Raw/video_0034/0011.mp4,2002227
datasets/data-final/中文/Raw/video_0034/0012.mp4,6806588
datasets/data-final/中文/Raw/video_0034/0013.mp4,5641872
datasets/data-final/中文/Raw/video_0034/0014.mp4,6714016
datasets/data-final/中文/Raw/video_0034/0015.mp4,5944703
datasets/data-final/中文/Raw/video_0034/0016.mp4,2754542
datasets/data-final/中文/Raw/video_0034/0017.mp4,1223415
datasets/data-final/中文/Raw/video_0034/0018.mp4,1931967
datasets/data-final/中文/Raw/video_0034/0019.mp4,6748429
datasets/data-final/中文/Raw/video_0034/0020.mp4,734112
datasets/data-final/中文/Raw/video_0034/0021.mp4,5003749
datasets/data-final/中文/Raw/video_0034/0022.mp4,5556563
datasets/data-final/中文/Raw/video_0034/0023.mp4,4149425
datasets/data-final/中文/Raw/video_0034/0024.mp4,6694438
datasets/data-final/中文/Raw/video_0035/0001.mp4,708245
datasets/data-final/中文/Raw/video_0035/0002.mp4,2347438
datasets/data-final/中文/Raw/video_0035/0003.mp4,1251203
datasets/data-final/中文/Raw/video_0035/0004.mp4,1569365
datasets/data-final/中文/Raw/video_0035/0005.mp4,2248341
datasets/data-final/中文/Raw/video_0035/0006.mp4,414245
datasets/data-final/中文/Raw/video_0035/0007.mp4,1405966
datasets/data-final/中文/Raw/video_0035/0008.mp4,926228
datasets/data-final/中文/Raw/video_0035/0009.mp4,945531
datasets/data-final/中文/Raw/video_0035/0010.mp4,1959330
datasets/data-final/中文/Raw/video_0035/0011.mp4,1557325
datasets/data-final/中文/Raw/video_0035/0012.mp4,2618209
datasets/data-final/中文/Raw/video_0035/0013.mp4,723801
datasets/data-final/中文/Raw/video_0035/0014.mp4,3297334
datasets/data-final/中文/Raw/video_0035/0015.mp4,1423065
datasets/data-final/中文/Raw/video_0035/0016.mp4,3790601
datasets/data-final/中文/Raw/video_0035/0017.mp4,1866356
datasets/data-final/中文/Raw/video_0035/0018.mp4,2379695
datasets/data-final/中文/Raw/video_0035/0019.mp4,3398752
datasets/data-final/中文/Raw/video_0035/0020.mp4,3685042
datasets/data-final/中文/Raw/video_0035/0021.mp4,702503
datasets/data-final/中文/Raw/video_0035/0022.mp4,1548216
datasets/data-final/中文/Raw/video_0035/0023.mp4,2053997
datasets/data-final/中文/Raw/video_0035/0024.mp4,2003130
datasets/data-final/中文/Raw/video_0035/0025.mp4,1693812
datasets/data-final/中文/Raw/video_0035/0026.mp4,7189452
datasets/data-final/中文/Raw/video_0035/0027.mp4,6426599
datasets/data-final/中文/Raw/video_0035/0028.mp4,871958
datasets/data-final/中文/Raw/video_0035/0029.mp4,3428721
datasets/data-final/中文/Raw/video_0035/0030.mp4,2135260
datasets/data-final/中文/Raw/video_0035/0031.mp4,522972
datasets/data-final/中文/Raw/video_0035/0032.mp4,5847726
datasets/data-final/中文/Raw/video_0035/0033.mp4,5123645
datasets/data-final/中文/Raw/video_0035/0034.mp4,2583683
datasets/data-final/中文/Raw/video_0035/0035.mp4,1953699
datasets/data-final/中文/Raw/video_0036/0001.mp4,3978228
datasets/data-final/中文/Raw/video_0036/0002.mp4,2826000
datasets/data-final/中文/Raw/video_0036/0003.mp4,4131116
datasets/data-final/中文/Raw/video_0036/0004.mp4,7282834
datasets/data-final/中文/Raw/video_0036/0005.mp4,1800960
datasets/data-final/中文/Raw/video_0036/0006.mp4,5598185
datasets/data-final/中文/Raw/video_0036/0007.mp4,6877715
datasets/data-final/中文/Raw/video_0036/0008.mp4,1949565
datasets/data-final/中文/Raw/video_0036/0009.mp4,3937607
datasets/data-final/中文/Raw/video_0036/0010.mp4,6451036
datasets/data-final/中文/Raw/video_0036/0011.mp4,1812391
datasets/data-final/中文/Raw/video_0036/0012.mp4,5624819
datasets/data-final/中文/Raw/video_0036/0013.mp4,2742078
datasets/data-final/中文/Raw/video_0036/0014.mp4,7056347
datasets/data-final/中文/Raw/video_0036/0015.mp4,4521821
datasets/data-final/中文/Raw/video_0036/0016.mp4,3713166
datasets/data-final/中文/Raw/video_0036/0017.mp4,5818874
datasets/data-final/中文/Raw/video_0036/0018.mp4,3179883
datasets/data-final/中文/Raw/video_0036/0019.mp4,1420339
datasets/data-final/中文/Raw/video_0036/0020.mp4,1179318
datasets/data-final/中文/Raw/video_0036/0021.mp4,6417265
datasets/data-final/中文/Raw/video_0036/0022.mp4,6534301
datasets/data-final/中文/Raw/video_0036/0023.mp4,6220921
datasets/data-final/中文/Raw/video_0036/0024.mp4,4743897
datasets/data-final/中文/Raw/video_0036/0025.mp4,6918007
datasets/data-final/中文/Raw/video_0036/0026.mp4,7056477
datasets/data-final/中文/Raw/video_0036/0027.mp4,6931619
datasets/data-final/中文/Raw/video_0036/0028.mp4,6773102
datasets/data-final/中文/Raw/video_0036/0029.mp4,4734344
datasets/data-final/中文/Raw/video_0036/0030.mp4,3541993
datasets/data-final/中文/Raw/video_0036/0031.mp4,1531643
datasets/data-final/中文/Raw/video_0036/0032.mp4,6889011
datasets/data-final/中文/Raw/video_0037/0001.mp4,4133323
datasets/data-final/中文/Raw/video_0037/0002.mp4,1818416
datasets/data-final/中文/Raw/video_0037/0003.mp4,1804898
datasets/data-final/中文/Raw/video_0037/0004.mp4,5923712
datasets/data-final/中文/Raw/video_0037/0005.mp4,3455332
datasets/data-final/中文/Raw/video_0037/0006.mp4,1559279
datasets/data-final/中文/Raw/video_0037/0007.mp4,2881950
datasets/data-final/中文/Raw/video_0037/0008.mp4,3421953
datasets/data-final/中文/Raw/video_0037/0009.mp4,2342751
datasets/data-final/中文/Raw/video_0037/0010.mp4,1360007
datasets/data-final/中文/Raw/video_0037/0011.mp4,6736454
datasets/data-final/中文/Raw/video_0037/0012.mp4,2125743
datasets/data-final/中文/Raw/video_0037/0013.mp4,2921626
datasets/data-final/中文/Raw/video_0037/0014.mp4,4007457
datasets/data-final/中文/Raw/video_0037/0015.mp4,1274483
datasets/data-final/中文/Raw/video_0037/0016.mp4,857263
datasets/data-final/中文/Raw/video_0037/0017.mp4,937117
datasets/data-final/中文/Raw/video_0037/0018.mp4,3842204
datasets/data-final/中文/Raw/video_0037/0019.mp4,1823998
datasets/data-final/中文/Raw/video_0037/0020.mp4,1122300
datasets/data-final/中文/Raw/video_0037/0021.mp4,3337716
datasets/data-final/中文/Raw/video_0037/0022.mp4,383172
datasets/data-final/中文/Raw/video_0037/0023.mp4,7026795
datasets/data-final/中文/Raw/video_0037/0024.mp4,3722391
datasets/data-final/中文/Raw/video_0037/0025.mp4,2095408
datasets/data-final/中文/Raw/video_0038/0001.mp4,3266448
datasets/data-final/中文/Raw/video_0038/0002.mp4,1220411
datasets/data-final/中文/Raw/video_0038/0003.mp4,3207195
datasets/data-final/中文/Raw/video_0038/0004.mp4,3196447
datasets/data-final/中文/Raw/video_0038/0005.mp4,1810681
datasets/data-final/中文/Raw/video_0038/0006.mp4,4950700
datasets/data-final/中文/Raw/video_0038/0007.mp4,1009407
datasets/data-final/中文/Raw/video_0038/0008.mp4,1386171
datasets/data-final/中文/Raw/video_0038/0009.mp4,2956293
datasets/data-final/中文/Raw/video_0038/0010.mp4,1697486
datasets/data-final/中文/Raw/video_0038/0011.mp4,1045483
datasets/data-final/中文/Raw/video_0038/0012.mp4,1703113
datasets/data-final/中文/Raw/video_0038/0013.mp4,1300286
datasets/data-final/中文/Raw/video_0038/0014.mp4,1638939
datasets/data-final/中文/Raw/video_0038/0015.mp4,2105286
datasets/data-final/中文/Raw/video_0038/0016.mp4,1027432
datasets/data-final/中文/Raw/video_0038/0017.mp4,4293756
datasets/data-final/中文/Raw/video_0038/0018.mp4,3069610
datasets/data-final/中文/Raw/video_0038/0019.mp4,1506108
datasets/data-final/中文/Raw/video_0038/0020.mp4,3205221
datasets/data-final/中文/Raw/video_0038/0021.mp4,4218118
datasets/data-final/中文/Raw/video_0038/0022.mp4,2129224
datasets/data-final/中文/Raw/video_0038/0023.mp4,790239
datasets/data-final/中文/Raw/video_0038/0024.mp4,3603961
datasets/data-final/中文/Raw/video_0038/0025.mp4,1504786
datasets/data-final/中文/Raw/video_0038/0026.mp4,1076993
datasets/data-final/中文/Raw/video_0038/0027.mp4,2801393
datasets/data-final/中文/Raw/video_0038/0028.mp4,1180391
datasets/data-final/中文/Raw/video_0038/0029.mp4,2042884
datasets/data-final/中文/Raw/video_0038/0030.mp4,1397732
datasets/data-final/中文/Raw/video_0038/0031.mp4,521593
datasets/data-final/中文/Raw/video_0038/0032.mp4,1591754
datasets/data-final/中文/Raw/video_0038/0033.mp4,1244165
datasets/data-final/中文/Raw/video_0038/0034.mp4,1263828
datasets/data-final/中文/Raw/video_0038/0035.mp4,794936
datasets/data-final/中文/Raw/video_0038/0036.mp4,1034947
datasets/data-final/中文/Raw/video_0038/0037.mp4,1578222
datasets/data-final/中文/Raw/video_0038/0038.mp4,1835523
datasets/data-final/中文/Raw/video_0038/0039.mp4,988097
datasets/data-final/中文/Raw/video_0038/0040.mp4,828314
datasets/data-final/中文/Raw/video_0038/0041.mp4,1341918
datasets/data-final/中文/Raw/video_0038/0042.mp4,868655
datasets/data-final/中文/Raw/video_0038/0043.mp4,578673
datasets/data-final/中文/Raw/video_0038/0044.mp4,295269
datasets/data-final/中文/Raw/video_0038/0045.mp4,1309091
datasets/data-final/中文/Raw/video_0038/0046.mp4,1281611
datasets/data-final/中文/Raw/video_0038/0047.mp4,2764043
datasets/data-final/中文/Raw/video_0038/0048.mp4,1032898
datasets/data-final/中文/Raw/video_0039/0001.mp4,4648585
datasets/data-final/中文/Raw/video_0039/0002.mp4,1392397
datasets/data-final/中文/Raw/video_0039/0003.mp4,3831308
datasets/data-final/中文/Raw/video_0039/0004.mp4,1421846
datasets/data-final/中文/Raw/video_0039/0005.mp4,923690
datasets/data-final/中文/Raw/video_0039/0006.mp4,2770121
datasets/data-final/中文/Raw/video_0039/0007.mp4,3280831
datasets/data-final/中文/Raw/video_0039/0008.mp4,5550752
datasets/data-final/中文/Raw/video_0040/0001.mp4,6682625
datasets/data-final/中文/Raw/video_0040/0002.mp4,1093469
datasets/data-final/中文/Raw/video_0040/0003.mp4,1088729
datasets/data-final/中文/Raw/video_0040/0004.mp4,2081231
datasets/data-final/中文/Raw/video_0040/0005.mp4,1309024
datasets/data-final/中文/Raw/video_0040/0006.mp4,3003367
datasets/data-final/中文/Raw/video_0040/0007.mp4,2117377
datasets/data-final/中文/Raw/video_0040/0008.mp4,1443477
datasets/data-final/中文/Raw/video_0040/0009.mp4,1214446
datasets/data-final/中文/Raw/video_0040/0010.mp4,1526827
datasets/data-final/中文/Raw/video_0040/0011.mp4,1790958
datasets/data-final/中文/Raw/video_0040/0012.mp4,871029
datasets/data-final/中文/Raw/video_0040/0013.mp4,5894349
datasets/data-final/中文/Raw/video_0040/0014.mp4,1697375
datasets/data-final/中文/Raw/video_0040/0015.mp4,6456220
datasets/data-final/中文/Raw/video_0040/0016.mp4,1266569
datasets/data-final/中文/Raw/video_0040/0017.mp4,2002514
datasets/data-final/中文/Raw/video_0040/0018.mp4,2033517
datasets/data-final/中文/Raw/video_0040/0019.mp4,3058211
datasets/data-final/中文/Raw/video_0040/0020.mp4,3828810
datasets/data-final/中文/Raw/video_0040/0021.mp4,2177196
datasets/data-final/中文/Raw/video_0040/0022.mp4,3224023
datasets/data-final/中文/Raw/video_0040/0023.mp4,4757199
datasets/data-final/中文/Raw/video_0040/0024.mp4,2721406
datasets/data-final/中文/Raw/video_0040/0025.mp4,6064491
datasets/data-final/中文/Raw/video_0040/0026.mp4,1558882
datasets/data-final/中文/Raw/video_0040/0027.mp4,1250717
datasets/data-final/中文/Raw/video_0040/0028.mp4,5598881
datasets/data-final/中文/Raw/video_0040/0029.mp4,4311893
datasets/data-final/中文/Raw/video_0040/0030.mp4,4433874
datasets/data-final/中文/Raw/video_0040/0031.mp4,3282199
datasets/data-final/中文/Raw/video_0040/0032.mp4,2148733
datasets/data-final/中文/Raw/video_0040/0033.mp4,2405917
datasets/data-final/中文/Raw/video_0040/0034.mp4,6812515
datasets/data-final/中文/Raw/video_0040/0035.mp4,2422342
datasets/data-final/中文/Raw/video_0040/0036.mp4,1812800
datasets/data-final/中文/Raw/video_0040/0037.mp4,1465473
datasets/data-final/中文/Raw/video_0040/0038.mp4,1366406
datasets/data-final/中文/Raw/video_0040/0039.mp4,1441602
datasets/data-final/中文/Raw/video_0040/0040.mp4,6835907
datasets/data-final/中文/Raw/video_0040/0041.mp4,4176740
datasets/data-final/中文/Raw/video_0040/0042.mp4,2315640
datasets/data-final/中文/Raw/video_0040/0043.mp4,1962654
datasets/data-final/中文/Raw/video_0040/0044.mp4,3699689
datasets/data-final/中文/Raw/video_0040/0045.mp4,1344819
datasets/data-final/中文/Raw/video_0040/0046.mp4,1363622
datasets/data-final/中文/Raw/video_0040/0047.mp4,4719623
datasets/data-final/中文/Raw/video_0040/0048.mp4,3024917
datasets/data-final/中文/Raw/video_0040/0049.mp4,6289087
datasets/data-final/中文/Raw/video_0040/0050.mp4,3644338
datasets/data-final/中文/Raw/video_0040/0051.mp4,6824865
datasets/data-final/中文/Raw/video_0040/0052.mp4,6853849
datasets/data-final/中文/Raw/video_0040/0053.mp4,5973943
datasets/data-final/中文/Raw/video_0040/0054.mp4,6882489
datasets/data-final/中文/Raw/video_0041/0001.mp4,7087505
datasets/data-final/中文/Raw/video_0041/0002.mp4,4730867
datasets/data-final/中文/Raw/video_0041/0003.mp4,6978894
datasets/data-final/中文/Raw/video_0041/0004.mp4,5908383
datasets/data-final/中文/Raw/video_0041/0005.mp4,3809403
datasets/data-final/中文/Raw/video_0041/0006.mp4,6804699
datasets/data-final/中文/Raw/video_0041/0007.mp4,7251542
datasets/data-final/中文/Raw/video_0041/0008.mp4,7246211
datasets/data-final/中文/Raw/video_0041/0009.mp4,6925369
datasets/data-final/中文/Raw/video_0041/0010.mp4,2787621
datasets/data-final/中文/Raw/video_0041/0011.mp4,6878598
datasets/data-final/中文/Raw/video_0041/0012.mp4,7000211
datasets/data-final/中文/Raw/video_0041/0013.mp4,7026858
datasets/data-final/中文/Raw/video_0041/0014.mp4,3633525
datasets/data-final/中文/Raw/video_0041/0015.mp4,4766597
datasets/data-final/中文/Raw/video_0041/0016.mp4,1841110
datasets/data-final/中文/Raw/video_0041/0017.mp4,2281329
datasets/data-final/中文/Raw/video_0041/0018.mp4,3197953
datasets/data-final/中文/Raw/video_0041/0019.mp4,2153618
datasets/data-final/中文/Raw/video_0041/0020.mp4,5950184
datasets/data-final/中文/Raw/video_0041/0021.mp4,5376625
datasets/data-final/中文/Raw/video_0041/0022.mp4,1485540
datasets/data-final/中文/Raw/video_0041/0023.mp4,7246111
datasets/data-final/中文/Raw/video_0041/0024.mp4,7305884
datasets/data-final/中文/Raw/video_0041/0025.mp4,6925652
datasets/data-final/中文/Raw/video_0041/0026.mp4,7151542
datasets/data-final/中文/Raw/video_0041/0027.mp4,6990875
datasets/data-final/中文/Raw/video_0041/0028.mp4,4087530
datasets/data-final/中文/Raw/video_0041/0029.mp4,4736607
datasets/data-final/中文/Raw/video_0041/0030.mp4,4627884
datasets/data-final/中文/Raw/video_0041/0031.mp4,6884544
datasets/data-final/中文/Raw/video_0041/0032.mp4,4796492
datasets/data-final/中文/Raw/video_0042/0001.mp4,4116600
datasets/data-final/中文/Raw/video_0042/0002.mp4,2971898
datasets/data-final/中文/Raw/video_0042/0003.mp4,3919778
datasets/data-final/中文/Raw/video_0042/0004.mp4,3711058
datasets/data-final/中文/Raw/video_0042/0005.mp4,2991124
datasets/data-final/中文/Raw/video_0042/0006.mp4,6915331
datasets/data-final/中文/Raw/video_0042/0007.mp4,1563249
datasets/data-final/中文/Raw/video_0042/0008.mp4,1738110
datasets/data-final/中文/Raw/video_0042/0009.mp4,3741691
datasets/data-final/中文/Raw/video_0042/0010.mp4,1260757
datasets/data-final/中文/Raw/video_0042/0011.mp4,4806110
datasets/data-final/中文/Raw/video_0042/0012.mp4,4889734
datasets/data-final/中文/Raw/video_0042/0013.mp4,4109683
datasets/data-final/中文/Raw/video_0042/0014.mp4,3150590
datasets/data-final/中文/Raw/video_0042/0015.mp4,4332852
datasets/data-final/中文/Raw/video_0042/0016.mp4,3338292
datasets/data-final/中文/Raw/video_0042/0017.mp4,3199440
datasets/data-final/中文/Raw/video_0042/0018.mp4,6835132
datasets/data-final/中文/Raw/video_0042/0019.mp4,5986352
datasets/data-final/中文/Raw/video_0042/0020.mp4,7094829
datasets/data-final/中文/Raw/video_0043/0001.mp4,4091940
datasets/data-final/中文/Raw/video_0043/0002.mp4,6868225
datasets/data-final/中文/Raw/video_0043/0003.mp4,7169899
datasets/data-final/中文/Raw/video_0043/0004.mp4,4065376
datasets/data-final/中文/Raw/video_0043/0005.mp4,6041080
datasets/data-final/中文/Raw/video_0043/0006.mp4,5707270
datasets/data-final/中文/Raw/video_0043/0007.mp4,6862280
datasets/data-final/中文/Raw/video_0043/0008.mp4,6423132
datasets/data-final/中文/Raw/video_0043/0009.mp4,5205201
datasets/data-final/中文/Raw/video_0043/0010.mp4,6114314
datasets/data-final/中文/Raw/video_0043/0011.mp4,5724509
datasets/data-final/中文/Raw/video_0043/0012.mp4,1498397
datasets/data-final/中文/Raw/video_0043/0013.mp4,7169369
datasets/data-final/中文/Raw/video_0043/0014.mp4,7034723
datasets/data-final/中文/Raw/video_0043/0015.mp4,3697228
datasets/data-final/中文/Raw/video_0043/0016.mp4,6901544
datasets/data-final/中文/Raw/video_0043/0017.mp4,6731230
datasets/data-final/中文/Raw/video_0043/0018.mp4,7051648
datasets/data-final/中文/Raw/video_0043/0019.mp4,2803246
datasets/data-final/中文/Raw/video_0043/0020.mp4,3374199
datasets/data-final/中文/Raw/video_0043/0021.mp4,2210759
datasets/data-final/中文/Raw/video_0043/0022.mp4,3109180
datasets/data-final/中文/Raw/video_0043/0023.mp4,4405689
datasets/data-final/中文/Raw/video_0043/0024.mp4,7232860
datasets/data-final/中文/Raw/video_0043/0025.mp4,5360484
datasets/data-final/中文/Raw/video_0043/0026.mp4,1482858
datasets/data-final/中文/Raw/video_0043/0027.mp4,5765020
datasets/data-final/中文/Raw/video_0043/0028.mp4,2407426
datasets/data-final/中文/Raw/video_0043/0029.mp4,2343321
datasets/data-final/中文/Raw/video_0043/0030.mp4,6979765
datasets/data-final/中文/Raw/video_0043/0031.mp4,3266514
datasets/data-final/中文/Raw/video_0043/0032.mp4,3159490
datasets/data-final/中文/Raw/video_0043/0033.mp4,4932577
datasets/data-final/中文/Raw/video_0043/0034.mp4,2341593
datasets/data-final/中文/Raw/video_0043/0035.mp4,5736532
datasets/data-final/中文/Raw/video_0043/0036.mp4,2098399
datasets/data-final/中文/Raw/video_0043/0037.mp4,2074682
datasets/data-final/中文/Raw/video_0043/0038.mp4,3647476
datasets/data-final/中文/Raw/video_0043/0039.mp4,1755685
datasets/data-final/中文/Raw/video_0043/0040.mp4,2373013
datasets/data-final/中文/Raw/video_0043/0041.mp4,6225548
datasets/data-final/中文/Raw/video_0043/0042.mp4,3736443
datasets/data-final/中文/Raw/video_0043/0043.mp4,4339628
datasets/data-final/中文/Raw/video_0043/0044.mp4,3464055
datasets/data-final/中文/Raw/video_0043/0045.mp4,6964587
datasets/data-final/中文/Raw/video_0043/0046.mp4,4587517
datasets/data-final/中文/Raw/video_0043/0047.mp4,5348758
datasets/data-final/中文/Raw/video_0043/0048.mp4,2484603
datasets/data-final/中文/Raw/video_0043/0049.mp4,3619569
datasets/data-final/中文/Raw/video_0043/0050.mp4,7099892
datasets/data-final/中文/Raw/video_0043/0051.mp4,5056837
datasets/data-final/中文/Raw/video_0043/0052.mp4,4927303
datasets/data-final/中文/Raw/video_0043/0053.mp4,3267557
datasets/data-final/中文/Raw/video_0043/0054.mp4,6538505
datasets/data-final/中文/Raw/video_0043/0055.mp4,2901479
datasets/data-final/中文/Raw/video_0043/0056.mp4,4304471
datasets/data-final/中文/Raw/video_0043/0057.mp4,2859278
datasets/data-final/中文/Raw/video_0043/0058.mp4,3048874
datasets/data-final/中文/Raw/video_0043/0059.mp4,1234020
datasets/data-final/中文/Raw/video_0043/0060.mp4,4263589
datasets/data-final/中文/Raw/video_0043/0061.mp4,3469350
datasets/data-final/中文/Raw/video_0043/0062.mp4,4091389
datasets/data-final/中文/Raw/video_0043/0063.mp4,3654662
datasets/data-final/中文/Raw/video_0043/0064.mp4,3257077
datasets/data-final/中文/Raw/video_0044/0001.mp4,6896862
datasets/data-final/中文/Raw/video_0044/0002.mp4,4290863
datasets/data-final/中文/Raw/video_0044/0003.mp4,3349839
datasets/data-final/中文/Raw/video_0044/0004.mp4,3556044
datasets/data-final/中文/Raw/video_0044/0005.mp4,6432080
datasets/data-final/中文/Raw/video_0044/0006.mp4,1764711
datasets/data-final/中文/Raw/video_0044/0007.mp4,6823019
datasets/data-final/中文/Raw/video_0044/0008.mp4,4996839
datasets/data-final/中文/Raw/video_0044/0009.mp4,6883900
datasets/data-final/中文/Raw/video_0044/0010.mp4,3770420
datasets/data-final/中文/Raw/video_0045/0001.mp4,1919929
datasets/data-final/中文/Raw/video_0045/0002.mp4,4614923
datasets/data-final/中文/Raw/video_0045/0003.mp4,5608375
datasets/data-final/中文/Raw/video_0045/0004.mp4,2116833
datasets/data-final/中文/Raw/video_0045/0005.mp4,1753759
datasets/data-final/中文/Raw/video_0045/0006.mp4,1343543
datasets/data-final/中文/Raw/video_0045/0007.mp4,2251372
datasets/data-final/中文/Raw/video_0045/0008.mp4,1274775
datasets/data-final/中文/Raw/video_0045/0009.mp4,4127150
datasets/data-final/中文/Raw/video_0045/0010.mp4,4230369
datasets/data-final/中文/Raw/video_0045/0011.mp4,2698833
datasets/data-final/中文/Raw/video_0045/0012.mp4,3357934
datasets/data-final/中文/Raw/video_0045/0013.mp4,4604235
datasets/data-final/中文/Raw/video_0045/0014.mp4,7003394
datasets/data-final/中文/Raw/video_0045/0015.mp4,4218542
datasets/data-final/中文/Raw/video_0045/0016.mp4,6908077
datasets/data-final/中文/Raw/video_0045/0017.mp4,5944135
datasets/data-final/中文/Raw/video_0045/0018.mp4,7010933
datasets/data-final/中文/Raw/video_0045/0019.mp4,5297944
datasets/data-final/中文/Raw/video_0045/0020.mp4,6554251
datasets/data-final/中文/Raw/video_0045/0021.mp4,6384892
datasets/data-final/中文/Raw/video_0045/0022.mp4,4565664
datasets/data-final/中文/Raw/video_0045/0023.mp4,4617577
datasets/data-final/中文/Raw/video_0045/0024.mp4,3135605
datasets/data-final/中文/Raw/video_0045/0025.mp4,4309318
datasets/data-final/中文/Raw/video_0045/0026.mp4,6323801
datasets/data-final/中文/Raw/video_0045/0027.mp4,1686022
datasets/data-final/中文/Raw/video_0045/0028.mp4,4282751
datasets/data-final/中文/Raw/video_0045/0029.mp4,942509
datasets/data-final/中文/Raw/video_0045/0030.mp4,2794909
datasets/data-final/中文/Raw/video_0045/0031.mp4,3745031
datasets/data-final/中文/Raw/video_0045/0032.mp4,7210080
datasets/data-final/中文/Raw/video_0045/0033.mp4,4393369
datasets/data-final/中文/Raw/video_0045/0034.mp4,4394797
datasets/data-final/中文/Raw/video_0045/0035.mp4,3578964
datasets/data-final/中文/Raw/video_0045/0036.mp4,5030979
datasets/data-final/中文/Raw/video_0045/0037.mp4,5158864
datasets/data-final/中文/Raw/video_0045/0038.mp4,2600167
datasets/data-final/中文/Raw/video_0045/0039.mp4,6946138
datasets/data-final/中文/Raw/video_0045/0040.mp4,2392230
datasets/data-final/中文/Raw/video_0045/0041.mp4,5067042
datasets/data-final/中文/Raw/video_0045/0042.mp4,6851627
datasets/data-final/中文/Raw/video_0045/0043.mp4,6799673
datasets/data-final/中文/Raw/video_0045/0044.mp4,5152131
datasets/data-final/中文/Raw/video_0045/0045.mp4,6894276
datasets/data-final/中文/Raw/video_0045/0046.mp4,6869467
datasets/data-final/中文/Raw/video_0045/0047.mp4,4240732
datasets/data-final/中文/Raw/video_0045/0048.mp4,3824060
datasets/data-final/中文/Raw/video_0045/0049.mp4,4251894
datasets/data-final/中文/Raw/video_0045/0050.mp4,5873922
datasets/data-final/中文/Raw/video_0045/0051.mp4,2163918
datasets/data-final/中文/Raw/video_0045/0052.mp4,6874529
datasets/data-final/中文/Raw/video_0045/0053.mp4,5097935
datasets/data-final/中文/Raw/video_0045/0054.mp4,6534848
datasets/data-final/中文/Raw/video_0045/0055.mp4,4862402
datasets/data-final/中文/Raw/video_0045/0056.mp4,3587765
datasets/data-final/中文/Raw/video_0045/0057.mp4,2482649
datasets/data-final/中文/Raw/video_0045/0058.mp4,6883999
datasets/data-final/中文/Raw/video_0045/0059.mp4,3227911
datasets/data-final/中文/Raw/video_0045/0060.mp4,4289081
datasets/data-final/中文/Raw/video_0045/0061.mp4,6745870
datasets/data-final/中文/Raw/video_0045/0062.mp4,5589943
datasets/data-final/中文/Raw/video_0045/0063.mp4,4033353
datasets/data-final/中文/Raw/video_0045/0064.mp4,6961375
datasets/data-final/中文/Raw/video_0045/0065.mp4,2687655
datasets/data-final/中文/Raw/video_0045/0066.mp4,6757541
datasets/data-final/中文/Raw/video_0045/0067.mp4,5884540
datasets/data-final/中文/Raw/video_0045/0068.mp4,4894820
datasets/data-final/中文/Raw/video_0045/0069.mp4,1555759
datasets/data-final/中文/Raw/video_0045/0070.mp4,6244497
datasets/data-final/中文/Raw/video_0045/0071.mp4,7174640
datasets/data-final/中文/Raw/video_0045/0072.mp4,4681944
datasets/data-final/中文/Raw/video_0045/0073.mp4,3810828
datasets/data-final/中文/Raw/video_0045/0074.mp4,6862687
datasets/data-final/中文/Raw/video_0045/0075.mp4,3179532
datasets/data-final/中文/Raw/video_0045/0076.mp4,7085162
datasets/data-final/中文/Raw/video_0045/0077.mp4,4606057
datasets/data-final/中文/Raw/video_0045/0078.mp4,5612605
datasets/data-final/中文/Raw/video_0045/0079.mp4,6897616
datasets/data-final/中文/Raw/video_0045/0080.mp4,6237452
datasets/data-final/中文/Raw/video_0045/0081.mp4,3626790
datasets/data-final/中文/Raw/video_0045/0082.mp4,5842446
datasets/data-final/中文/Raw/video_0045/0083.mp4,2982135
datasets/data-final/中文/Raw/video_0045/0084.mp4,7012997
datasets/data-final/中文/Raw/video_0045/0085.mp4,1697039
datasets/data-final/中文/Raw/video_0045/0086.mp4,4926985
datasets/data-final/中文/Raw/video_0045/0087.mp4,2883489
datasets/data-final/中文/Raw/video_0045/0088.mp4,6950071
datasets/data-final/中文/Raw/video_0045/0089.mp4,2925745
datasets/data-final/中文/Raw/video_0045/0090.mp4,7031057
datasets/data-final/中文/Raw/video_0045/0091.mp4,6979073
datasets/data-final/中文/Raw/video_0045/0092.mp4,4810605
datasets/data-final/中文/Raw/video_0045/0093.mp4,2674901
datasets/data-final/中文/Raw/video_0045/0094.mp4,1911986
datasets/data-final/中文/Raw/video_0045/0095.mp4,4672652
datasets/data-final/中文/Raw/video_0045/0096.mp4,2971030
datasets/data-final/中文/Raw/video_0045/0097.mp4,3603705
datasets/data-final/中文/Raw/video_0045/0098.mp4,7073817
datasets/data-final/中文/Raw/video_0045/0099.mp4,7092368
datasets/data-final/中文/Raw/video_0045/0100.mp4,7136013
datasets/data-final/中文/Raw/video_0045/0101.mp4,4723106
datasets/data-final/中文/Raw/video_0045/0102.mp4,4067027
datasets/data-final/中文/Raw/video_0045/0103.mp4,5187962
datasets/data-final/中文/Raw/video_0045/0104.mp4,7184990
datasets/data-final/中文/Raw/video_0045/0105.mp4,1099174
datasets/data-final/中文/Raw/video_0046/0001.mp4,5805453
datasets/data-final/中文/Raw/video_0046/0002.mp4,5276873
datasets/data-final/中文/Raw/video_0046/0003.mp4,4622315
datasets/data-final/中文/Raw/video_0046/0004.mp4,4623219
datasets/data-final/中文/Raw/video_0046/0005.mp4,6130374
datasets/data-final/中文/Raw/video_0046/0006.mp4,2992498
datasets/data-final/中文/Raw/video_0046/0007.mp4,4999832
datasets/data-final/中文/Raw/video_0046/0008.mp4,1736302
datasets/data-final/中文/Raw/video_0046/0009.mp4,3210517
datasets/data-final/中文/Raw/video_0046/0010.mp4,6107590
datasets/data-final/中文/Raw/video_0046/0011.mp4,7007881
datasets/data-final/中文/Raw/video_0046/0012.mp4,3279792
datasets/data-final/中文/Raw/video_0046/0013.mp4,5904865
datasets/data-final/中文/Raw/video_0046/0014.mp4,7131980
datasets/data-final/中文/Raw/video_0046/0015.mp4,4678940
datasets/data-final/中文/Raw/video_0046/0016.mp4,3529456
datasets/data-final/中文/Raw/video_0046/0017.mp4,2518939
datasets/data-final/中文/Raw/video_0046/0018.mp4,4152922
datasets/data-final/中文/Raw/video_0046/0019.mp4,6801642
datasets/data-final/中文/Raw/video_0046/0020.mp4,5199319
datasets/data-final/中文/Raw/video_0046/0021.mp4,3930723
datasets/data-final/中文/Raw/video_0046/0022.mp4,6893757
datasets/data-final/中文/Raw/video_0046/0023.mp4,4665730
datasets/data-final/中文/Raw/video_0046/0024.mp4,6892829
datasets/data-final/中文/Raw/video_0046/0025.mp4,6445253
datasets/data-final/中文/Raw/video_0046/0026.mp4,3841746
datasets/data-final/中文/Raw/video_0046/0027.mp4,1208967
datasets/data-final/中文/Raw/video_0046/0028.mp4,5798682
datasets/data-final/中文/Raw/video_0046/0029.mp4,6920951
datasets/data-final/中文/Raw/video_0046/0030.mp4,3204113
datasets/data-final/中文/Raw/video_0046/0031.mp4,7076053
datasets/data-final/中文/Raw/video_0046/0032.mp4,4698561
datasets/data-final/中文/Raw/video_0046/0033.mp4,6990933
datasets/data-final/中文/Raw/video_0046/0034.mp4,6913392
datasets/data-final/中文/Raw/video_0046/0035.mp4,5113228
datasets/data-final/中文/Raw/video_0046/0036.mp4,4564142
datasets/data-final/中文/Raw/video_0046/0037.mp4,6932811
datasets/data-final/中文/Raw/video_0046/0038.mp4,3997515
datasets/data-final/中文/Raw/video_0046/0039.mp4,5987405
datasets/data-final/中文/Raw/video_0046/0040.mp4,6922132
datasets/data-final/中文/Raw/video_0046/0041.mp4,6063941
datasets/data-final/中文/Raw/video_0046/0042.mp4,6904362
datasets/data-final/中文/Raw/video_0046/0043.mp4,5723588
datasets/data-final/中文/Raw/video_0046/0044.mp4,2536620
datasets/data-final/中文/Raw/video_0046/0045.mp4,4558157
datasets/data-final/中文/Raw/video_0046/0046.mp4,5980642
datasets/data-final/中文/Raw/video_0046/0047.mp4,3882368
datasets/data-final/中文/Raw/video_0046/0048.mp4,5356494
datasets/data-final/中文/Raw/video_0046/0049.mp4,5125241
datasets/data-final/中文/Raw/video_0046/0050.mp4,5227305
datasets/data-final/中文/Raw/video_0046/0051.mp4,4696375
datasets/data-final/中文/Raw/video_0046/0052.mp4,2501566
datasets/data-final/中文/Raw/video_0046/0053.mp4,5990034
datasets/data-final/中文/Raw/video_0046/0054.mp4,6769115
datasets/data-final/中文/Raw/video_0046/0055.mp4,7117851
datasets/data-final/中文/Raw/video_0046/0056.mp4,3190869
datasets/data-final/中文/Raw/video_0046/0057.mp4,4246055
datasets/data-final/中文/Raw/video_0046/0058.mp4,7067396
datasets/data-final/中文/Raw/video_0046/0059.mp4,5957778
datasets/data-final/中文/Raw/video_0046/0060.mp4,7050492
datasets/data-final/中文/Raw/video_0046/0061.mp4,3738029
datasets/data-final/中文/Raw/video_0046/0062.mp4,5241421
datasets/data-final/中文/Raw/video_0046/0063.mp4,5921707
datasets/data-final/中文/Raw/video_0046/0064.mp4,2457333
datasets/data-final/中文/Raw/video_0046/0065.mp4,4732810
datasets/data-final/中文/Raw/video_0047/0001.mp4,1974065
datasets/data-final/中文/Raw/video_0047/0002.mp4,4604832
datasets/data-final/中文/Raw/video_0047/0003.mp4,6514194
datasets/data-final/中文/Raw/video_0047/0004.mp4,1991520
datasets/data-final/中文/Raw/video_0047/0005.mp4,6940920
datasets/data-final/中文/Raw/video_0047/0006.mp4,1887120
datasets/data-final/中文/Raw/video_0047/0007.mp4,3447797
datasets/data-final/中文/Raw/video_0047/0008.mp4,1535160
datasets/data-final/中文/Raw/video_0047/0009.mp4,1974931
datasets/data-final/中文/Raw/video_0047/0010.mp4,2663886
datasets/data-final/中文/Raw/video_0047/0011.mp4,4214490
datasets/data-final/中文/Raw/video_0047/0012.mp4,6423459
datasets/data-final/中文/Raw/video_0047/0013.mp4,4211621
datasets/data-final/中文/Raw/video_0047/0014.mp4,3684331
datasets/data-final/中文/Raw/video_0047/0015.mp4,2293615
datasets/data-final/中文/Raw/video_0047/0016.mp4,3425014
datasets/data-final/中文/Raw/video_0047/0017.mp4,2783084
datasets/data-final/中文/Raw/video_0047/0018.mp4,2352209
datasets/data-final/中文/Raw/video_0047/0019.mp4,1337648
datasets/data-final/中文/Raw/video_0047/0020.mp4,1118260
datasets/data-final/中文/Raw/video_0047/0021.mp4,1352216
datasets/data-final/中文/Raw/video_0047/0022.mp4,4469803
datasets/data-final/中文/Raw/video_0047/0023.mp4,1240974
datasets/data-final/中文/Raw/video_0047/0024.mp4,964967
datasets/data-final/中文/Raw/video_0047/0025.mp4,2611911
datasets/data-final/中文/Raw/video_0047/0026.mp4,815713
datasets/data-final/中文/Raw/video_0047/0027.mp4,5244256
datasets/data-final/中文/Raw/video_0047/0028.mp4,3187974
datasets/data-final/中文/Raw/video_0047/0029.mp4,2170789
datasets/data-final/中文/Raw/video_0047/0030.mp4,5038749
datasets/data-final/中文/Raw/video_0047/0031.mp4,5099525
datasets/data-final/中文/Raw/video_0047/0032.mp4,2769188
datasets/data-final/中文/Raw/video_0047/0033.mp4,3221393
datasets/data-final/中文/Raw/video_0047/0034.mp4,3815321
datasets/data-final/中文/Raw/video_0047/0035.mp4,3640030
datasets/data-final/中文/Raw/video_0047/0036.mp4,4538832
datasets/data-final/中文/Raw/video_0047/0037.mp4,2708659
datasets/data-final/中文/Raw/video_0047/0038.mp4,3400819
datasets/data-final/中文/Raw/video_0047/0039.mp4,2928055
datasets/data-final/中文/Raw/video_0047/0040.mp4,2992298
datasets/data-final/中文/Raw/video_0047/0041.mp4,1964850
datasets/data-final/中文/Raw/video_0047/0042.mp4,3246607
datasets/data-final/中文/Raw/video_0047/0043.mp4,1994595
datasets/data-final/中文/Raw/video_0047/0044.mp4,1965371
datasets/data-final/中文/Raw/video_0047/0045.mp4,2772557
datasets/data-final/中文/Raw/video_0047/0046.mp4,2313846
datasets/data-final/中文/Raw/video_0047/0047.mp4,6243145
datasets/data-final/中文/Raw/video_0047/0048.mp4,7221385
datasets/data-final/中文/Raw/video_0047/0049.mp4,5346188
datasets/data-final/中文/Raw/video_0047/0050.mp4,4322107
datasets/data-final/中文/Raw/video_0047/0051.mp4,1314923
datasets/data-final/中文/Raw/video_0047/0052.mp4,5510994
datasets/data-final/中文/Raw/video_0047/0053.mp4,3481102
datasets/data-final/中文/Raw/video_0047/0054.mp4,4468249
datasets/data-final/中文/Raw/video_0047/0055.mp4,4098581
datasets/data-final/中文/Raw/video_0047/0056.mp4,7003849
datasets/data-final/中文/Raw/video_0047/0057.mp4,1836193
datasets/data-final/中文/Raw/video_0047/0058.mp4,3694639
datasets/data-final/中文/Raw/video_0047/0059.mp4,3199752
datasets/data-final/中文/Raw/video_0047/0060.mp4,2984960
datasets/data-final/中文/Raw/video_0047/0061.mp4,3886458
datasets/data-final/中文/Raw/video_0047/0062.mp4,1730545
datasets/data-final/中文/Raw/video_0047/0063.mp4,2054633
datasets/data-final/中文/Raw/video_0047/0064.mp4,6212785
datasets/data-final/中文/Raw/video_0047/0065.mp4,3402407
datasets/data-final/中文/Raw/video_0047/0066.mp4,2785957
datasets/data-final/中文/Raw/video_0047/0067.mp4,1859364
datasets/data-final/中文/Raw/video_0047/0068.mp4,2107513
datasets/data-final/中文/Raw/video_0047/0069.mp4,4450615
datasets/data-final/中文/Raw/video_0047/0070.mp4,2815863
datasets/data-final/中文/Raw/video_0047/0071.mp4,4352625
datasets/data-final/中文/Raw/video_0047/0072.mp4,2628109
datasets/data-final/中文/Raw/video_0047/0073.mp4,4126155
datasets/data-final/中文/Raw/video_0047/0074.mp4,2546369
datasets/data-final/中文/Raw/video_0047/0075.mp4,5638619
datasets/data-final/中文/Raw/video_0047/0076.mp4,5936066
datasets/data-final/中文/Raw/video_0047/0077.mp4,3422072
datasets/data-final/中文/Raw/video_0047/0078.mp4,3931586
datasets/data-final/中文/Raw/video_0047/0079.mp4,3212323
datasets/data-final/中文/Raw/video_0047/0080.mp4,5932841
datasets/data-final/中文/Raw/video_0047/0081.mp4,5204147
datasets/data-final/中文/Raw/video_0047/0082.mp4,4942776
datasets/data-final/中文/Raw/video_0047/0083.mp4,3297975
datasets/data-final/中文/Raw/video_0047/0084.mp4,5832855
datasets/data-final/中文/Raw/video_0047/0085.mp4,1801932
datasets/data-final/中文/Raw/video_0047/0086.mp4,3292373
datasets/data-final/中文/Raw/video_0047/0087.mp4,4163961
datasets/data-final/中文/Raw/video_0047/0088.mp4,1422306
datasets/data-final/中文/Raw/video_0047/0089.mp4,910144
datasets/data-final/中文/Raw/video_0048/0001.mp4,1320098
datasets/data-final/中文/Raw/video_0048/0002.mp4,1310346
datasets/data-final/中文/Raw/video_0048/0003.mp4,3342787
datasets/data-final/中文/Raw/video_0048/0004.mp4,2394728
datasets/data-final/中文/Raw/video_0048/0005.mp4,1898497
datasets/data-final/中文/Raw/video_0048/0006.mp4,2099582
datasets/data-final/中文/Raw/video_0048/0007.mp4,4238766
datasets/data-final/中文/Raw/video_0048/0008.mp4,3417324
datasets/data-final/中文/Raw/video_0048/0009.mp4,6282072
datasets/data-final/中文/Raw/video_0048/0010.mp4,3982723
datasets/data-final/中文/Raw/video_0048/0011.mp4,5144776
datasets/data-final/中文/Raw/video_0048/0012.mp4,2451766
datasets/data-final/中文/Raw/video_0048/0013.mp4,2873614
datasets/data-final/中文/Raw/video_0048/0014.mp4,1121461
datasets/data-final/中文/Raw/video_0048/0015.mp4,1741950
datasets/data-final/中文/Raw/video_0048/0016.mp4,2985467
datasets/data-final/中文/Raw/video_0048/0017.mp4,1744605
datasets/data-final/中文/Raw/video_0048/0018.mp4,1320273
datasets/data-final/中文/Raw/video_0048/0019.mp4,1856032
datasets/data-final/中文/Raw/video_0048/0020.mp4,990115
datasets/data-final/中文/Raw/video_0048/0021.mp4,3707640
datasets/data-final/中文/Raw/video_0048/0022.mp4,3816771
datasets/data-final/中文/Raw/video_0048/0023.mp4,3643576
datasets/data-final/中文/Raw/video_0048/0024.mp4,1482471
datasets/data-final/中文/Raw/video_0048/0025.mp4,2582982
datasets/data-final/中文/Raw/video_0048/0026.mp4,2843916
datasets/data-final/中文/Raw/video_0048/0027.mp4,2400483
datasets/data-final/中文/Raw/video_0048/0028.mp4,3884430
datasets/data-final/中文/Raw/video_0048/0029.mp4,3245400
datasets/data-final/中文/Raw/video_0048/0030.mp4,1907534
datasets/data-final/中文/Raw/video_0048/0031.mp4,1547188
datasets/data-final/中文/Raw/video_0048/0032.mp4,3262645
datasets/data-final/中文/Raw/video_0049/0001.mp4,4212108
datasets/data-final/中文/Raw/video_0049/0002.mp4,2518303
datasets/data-final/中文/Raw/video_0049/0003.mp4,2802906
datasets/data-final/中文/Raw/video_0049/0004.mp4,3146520
datasets/data-final/中文/Raw/video_0049/0005.mp4,1644583
datasets/data-final/中文/Raw/video_0049/0006.mp4,2569299
datasets/data-final/中文/Raw/video_0049/0007.mp4,2186207
datasets/data-final/中文/Raw/video_0049/0008.mp4,2186207
datasets/data-final/中文/Raw/video_0049/0009.mp4,3920697
datasets/data-final/中文/Raw/video_0049/0010.mp4,2487286
datasets/data-final/中文/Raw/video_0049/0011.mp4,2741775
datasets/data-final/中文/Raw/video_0049/0012.mp4,2741775
datasets/data-final/中文/Raw/video_0049/0013.mp4,3878569
datasets/data-final/中文/Raw/video_0049/0014.mp4,3000567
datasets/data-final/中文/Raw/video_0049/0015.mp4,3799576
datasets/data-final/中文/Raw/video_0049/0016.mp4,5125426
datasets/data-final/中文/Raw/video_0049/0017.mp4,884948
datasets/data-final/中文/Raw/video_0049/0018.mp4,2538866
datasets/data-final/中文/Raw/video_0049/0019.mp4,1998769
datasets/data-final/中文/Raw/video_0049/0020.mp4,2502504
datasets/data-final/中文/Raw/video_0049/0021.mp4,2094413
datasets/data-final/中文/Raw/video_0049/0022.mp4,3060796
datasets/data-final/中文/Raw/video_0050/0001.mp4,3030565
datasets/data-final/中文/Raw/video_0050/0002.mp4,414706
datasets/data-final/中文/Raw/video_0050/0003.mp4,4212991
datasets/data-final/中文/Raw/video_0050/0004.mp4,1117281
datasets/data-final/中文/Raw/video_0050/0005.mp4,2577352
datasets/data-final/中文/Raw/video_0050/0006.mp4,2223911
datasets/data-final/中文/Raw/video_0050/0007.mp4,1661944
datasets/data-final/中文/Raw/video_0050/0008.mp4,3926082
datasets/data-final/中文/Raw/video_0050/0009.mp4,3452903
datasets/data-final/中文/Raw/video_0050/0010.mp4,5481774
datasets/data-final/中文/Raw/video_0050/0011.mp4,3196661
datasets/data-final/中文/Raw/video_0050/0012.mp4,4108067
datasets/data-final/中文/Raw/video_0050/0013.mp4,2030276
datasets/data-final/中文/Raw/video_0051/0001.mp4,7142217
datasets/data-final/中文/Raw/video_0051/0002.mp4,1907539
datasets/data-final/中文/Raw/video_0051/0003.mp4,2103698
datasets/data-final/中文/Raw/video_0051/0004.mp4,2245462
datasets/data-final/中文/Raw/video_0051/0005.mp4,1075672
datasets/data-final/中文/Raw/video_0051/0006.mp4,3264594
datasets/data-final/中文/Raw/video_0051/0007.mp4,3077377
datasets/data-final/中文/Raw/video_0051/0008.mp4,2368851
datasets/data-final/中文/Raw/video_0051/0009.mp4,4797731
datasets/data-final/中文/Raw/video_0051/0010.mp4,4751349
datasets/data-final/中文/Raw/video_0051/0011.mp4,4088221
datasets/data-final/中文/Raw/video_0051/0012.mp4,2455714
datasets/data-final/中文/Raw/video_0051/0013.mp4,1672259
datasets/data-final/中文/Raw/video_0051/0014.mp4,5588103
datasets/data-final/中文/Raw/video_0051/0015.mp4,6179417
datasets/data-final/中文/Raw/video_0051/0016.mp4,3518785
datasets/data-final/中文/Raw/video_0051/0017.mp4,6696403
datasets/data-final/中文/Raw/video_0051/0018.mp4,3424625
datasets/data-final/中文/Raw/video_0051/0019.mp4,1615462
datasets/data-final/中文/Raw/video_0051/0020.mp4,1989673
datasets/data-final/中文/Raw/video_0051/0021.mp4,881038
datasets/data-final/中文/Raw/video_0051/0022.mp4,4642005
datasets/data-final/中文/Raw/video_0051/0023.mp4,1962495
datasets/data-final/中文/Raw/video_0051/0024.mp4,5997602
datasets/data-final/中文/Raw/video_0051/0025.mp4,4618402
datasets/data-final/中文/Raw/video_0051/0026.mp4,3355398
datasets/data-final/中文/Raw/video_0051/0027.mp4,2161992
datasets/data-final/中文/Raw/video_0051/0028.mp4,4310708
datasets/data-final/中文/Raw/video_0051/0029.mp4,6875517
datasets/data-final/中文/Raw/video_0051/0030.mp4,4006231
datasets/data-final/中文/Raw/video_0051/0031.mp4,6969861
datasets/data-final/中文/Raw/video_0051/0032.mp4,6861898
datasets/data-final/中文/Raw/video_0051/0033.mp4,5870059
datasets/data-final/中文/Raw/video_0051/0034.mp4,3671251
datasets/data-final/中文/Raw/video_0051/0035.mp4,2458496
datasets/data-final/中文/Raw/video_0051/0036.mp4,6949560
datasets/data-final/中文/Raw/video_0051/0037.mp4,6758313
datasets/data-final/中文/Raw/video_0051/0038.mp4,2168172
datasets/data-final/中文/Raw/video_0051/0039.mp4,3364182
datasets/data-final/中文/Raw/video_0051/0040.mp4,3989492
datasets/data-final/中文/Raw/video_0051/0041.mp4,4115254
datasets/data-final/中文/Raw/video_0051/0042.mp4,4632073
datasets/data-final/中文/Raw/video_0051/0043.mp4,4831631
datasets/data-final/中文/Raw/video_0051/0044.mp4,3813881
datasets/data-final/中文/Raw/video_0051/0045.mp4,3353782
datasets/data-final/中文/Raw/video_0051/0046.mp4,4378778
datasets/data-final/中文/Raw/video_0051/0047.mp4,2572916
datasets/data-final/中文/Raw/video_0051/0048.mp4,4314943
datasets/data-final/中文/Raw/video_0051/0049.mp4,5497159
datasets/data-final/中文/Raw/video_0051/0050.mp4,4684880
datasets/data-final/中文/Raw/video_0051/0051.mp4,3230544
datasets/data-final/中文/Raw/video_0051/0052.mp4,1760894
datasets/data-final/中文/Raw/video_0051/0053.mp4,3905548
datasets/data-final/中文/Raw/video_0051/0054.mp4,6742171
datasets/data-final/中文/Raw/video_0051/0055.mp4,2801558
datasets/data-final/中文/Raw/video_0051/0056.mp4,1523510
datasets/data-final/中文/Raw/video_0051/0057.mp4,2698189
datasets/data-final/中文/Raw/video_0051/0058.mp4,2617553
datasets/data-final/中文/Raw/video_0051/0059.mp4,7338186
datasets/data-final/中文/Raw/video_0051/0060.mp4,6992084
datasets/data-final/中文/Raw/video_0051/0061.mp4,3517319
datasets/data-final/中文/Raw/video_0051/0062.mp4,5497679
datasets/data-final/中文/Raw/video_0051/0063.mp4,5697529
datasets/data-final/中文/Raw/video_0051/0064.mp4,2360878
datasets/data-final/中文/Raw/video_0051/0065.mp4,4147938
datasets/data-final/中文/Raw/video_0051/0066.mp4,4524126
datasets/data-final/中文/Raw/video_0051/0067.mp4,2588030
datasets/data-final/中文/Raw/video_0051/0068.mp4,1918414
datasets/data-final/中文/Raw/video_0051/0069.mp4,4073164
datasets/data-final/中文/Raw/video_0051/0070.mp4,6825513
datasets/data-final/中文/Raw/video_0051/0071.mp4,3210094
datasets/data-final/中文/Raw/video_0052/0001.mp4,2849012
datasets/data-final/中文/Raw/video_0052/0002.mp4,4117829
datasets/data-final/中文/Raw/video_0052/0003.mp4,2473982
datasets/data-final/中文/Raw/video_0052/0004.mp4,2834294
datasets/data-final/中文/Raw/video_0052/0005.mp4,3374844
datasets/data-final/中文/Raw/video_0052/0006.mp4,2034594
datasets/data-final/中文/Raw/video_0052/0007.mp4,3159930
datasets/data-final/中文/Raw/video_0052/0008.mp4,5913739
datasets/data-final/中文/Raw/video_0052/0009.mp4,6292464
datasets/data-final/中文/Raw/video_0052/0010.mp4,5224725
datasets/data-final/中文/Raw/video_0052/0011.mp4,4787387
datasets/data-final/中文/Raw/video_0052/0012.mp4,3616628
datasets/data-final/中文/Raw/video_0052/0013.mp4,4398823
datasets/data-final/中文/Raw/video_0052/0014.mp4,4470714
datasets/data-final/中文/Raw/video_0052/0015.mp4,3217420
datasets/data-final/中文/Raw/video_0052/0016.mp4,6744740
datasets/data-final/中文/Raw/video_0052/0017.mp4,2911213
datasets/data-final/中文/Raw/video_0052/0018.mp4,7094365
datasets/data-final/中文/Raw/video_0052/0019.mp4,5712825
datasets/data-final/中文/Raw/video_0052/0020.mp4,6761011
datasets/data-final/中文/Raw/video_0052/0021.mp4,6024203
datasets/data-final/中文/Raw/video_0052/0022.mp4,4510943
datasets/data-final/中文/Raw/video_0052/0023.mp4,2434151
datasets/data-final/中文/Raw/video_0052/0024.mp4,6758554
datasets/data-final/中文/Raw/video_0052/0025.mp4,4499135
datasets/data-final/中文/Raw/video_0052/0026.mp4,6287900
datasets/data-final/中文/Raw/video_0052/0027.mp4,2777186
datasets/data-final/中文/Raw/video_0052/0028.mp4,4778355
datasets/data-final/中文/Raw/video_0052/0029.mp4,4561860
datasets/data-final/中文/Raw/video_0052/0030.mp4,2833949
datasets/data-final/中文/Raw/video_0052/0031.mp4,2900119
datasets/data-final/中文/Raw/video_0053/0001.mp4,4356454
datasets/data-final/中文/Raw/video_0053/0002.mp4,6804949
datasets/data-final/中文/Raw/video_0053/0003.mp4,2968632
datasets/data-final/中文/Raw/video_0053/0004.mp4,5828827
datasets/data-final/中文/Raw/video_0053/0005.mp4,5316497
datasets/data-final/中文/Raw/video_0053/0006.mp4,4309514
datasets/data-final/中文/Raw/video_0053/0007.mp4,2620251
datasets/data-final/中文/Raw/video_0053/0008.mp4,5522031
datasets/data-final/中文/Raw/video_0053/0009.mp4,2481429
datasets/data-final/中文/Raw/video_0053/0010.mp4,1449512
datasets/data-final/中文/Raw/video_0053/0011.mp4,2248721
datasets/data-final/中文/Raw/video_0053/0012.mp4,5521965
datasets/data-final/中文/Raw/video_0053/0013.mp4,6070761
datasets/data-final/中文/Raw/video_0053/0014.mp4,4176362
datasets/data-final/中文/Raw/video_0053/0015.mp4,4931791
datasets/data-final/中文/Raw/video_0053/0016.mp4,3139941
datasets/data-final/中文/Raw/video_0053/0017.mp4,7203875
datasets/data-final/中文/Raw/video_0053/0018.mp4,3263961
datasets/data-final/中文/Raw/video_0053/0019.mp4,4458452
datasets/data-final/中文/Raw/video_0053/0020.mp4,6561849
datasets/data-final/中文/Raw/video_0053/0021.mp4,5089243
datasets/data-final/中文/Raw/video_0053/0022.mp4,6830011
datasets/data-final/中文/Raw/video_0053/0023.mp4,7215099
datasets/data-final/中文/Raw/video_0053/0024.mp4,3023172
datasets/data-final/中文/Raw/video_0053/0025.mp4,5569779
datasets/data-final/中文/Raw/video_0053/0026.mp4,6461905
datasets/data-final/中文/Raw/video_0053/0027.mp4,2964503
datasets/data-final/中文/Raw/video_0053/0028.mp4,5591512
datasets/data-final/中文/Raw/video_0053/0029.mp4,4041193
datasets/data-final/中文/Raw/video_0053/0030.mp4,2444765
datasets/data-final/中文/Raw/video_0053/0031.mp4,4603640
datasets/data-final/中文/Raw/video_0053/0032.mp4,6237267
datasets/data-final/中文/Raw/video_0053/0033.mp4,3644722
datasets/data-final/中文/Raw/video_0053/0034.mp4,2608394
datasets/data-final/中文/Raw/video_0053/0035.mp4,4823990
datasets/data-final/中文/Raw/video_0053/0036.mp4,6381815
datasets/data-final/中文/Raw/video_0053/0037.mp4,5537759
datasets/data-final/中文/Raw/video_0053/0038.mp4,3599154
datasets/data-final/中文/Raw/video_0053/0039.mp4,6586646
datasets/data-final/中文/Raw/video_0053/0040.mp4,4422102
datasets/data-final/中文/Raw/video_0053/0041.mp4,2991025
datasets/data-final/中文/Raw/video_0053/0042.mp4,2399697
datasets/data-final/中文/Raw/video_0053/0043.mp4,5556578
datasets/data-final/中文/Raw/video_0053/0044.mp4,6872721
datasets/data-final/中文/Raw/video_0053/0045.mp4,5647858
datasets/data-final/中文/Raw/video_0053/0046.mp4,3533019
datasets/data-final/中文/Raw/video_0053/0047.mp4,4208740
datasets/data-final/中文/Raw/video_0053/0048.mp4,5135588
datasets/data-final/中文/Raw/video_0053/0049.mp4,6746728
datasets/data-final/中文/Raw/video_0053/0050.mp4,6227605
datasets/data-final/中文/Raw/video_0053/0051.mp4,4395453
datasets/data-final/中文/Raw/video_0053/0052.mp4,3090774
datasets/data-final/中文/Raw/video_0053/0053.mp4,2942655
datasets/data-final/中文/Raw/video_0053/0054.mp4,4881179
datasets/data-final/中文/Raw/video_0053/0055.mp4,2890891
datasets/data-final/中文/Raw/video_0053/0056.mp4,2783636
datasets/data-final/中文/Raw/video_0053/0057.mp4,7190389
datasets/data-final/中文/Raw/video_0053/0058.mp4,3879354
datasets/data-final/中文/Raw/video_0053/0059.mp4,1481220
datasets/data-final/中文/Raw/video_0053/0060.mp4,1663574
datasets/data-final/中文/Raw/video_0053/0061.mp4,4471729
datasets/data-final/中文/Raw/video_0054/0001.mp4,2152087
datasets/data-final/中文/Raw/video_0054/0002.mp4,4240969
datasets/data-final/中文/Raw/video_0054/0003.mp4,3830918
datasets/data-final/中文/Raw/video_0054/0004.mp4,4552433
datasets/data-final/中文/Raw/video_0054/0005.mp4,1779756
datasets/data-final/中文/Raw/video_0054/0006.mp4,2677378
datasets/data-final/中文/Raw/video_0054/0007.mp4,2523862
datasets/data-final/中文/Raw/video_0054/0008.mp4,1514251
datasets/data-final/中文/Raw/video_0054/0009.mp4,1891251
datasets/data-final/中文/Raw/video_0054/0010.mp4,2914747
datasets/data-final/中文/Raw/video_0054/0011.mp4,2813758
datasets/data-final/中文/Raw/video_0054/0012.mp4,2815048
datasets/data-final/中文/Raw/video_0054/0013.mp4,3263880
datasets/data-final/中文/Raw/video_0054/0014.mp4,2097296
datasets/data-final/中文/Raw/video_0054/0015.mp4,2151785
datasets/data-final/中文/Raw/video_0054/0016.mp4,3424407
datasets/data-final/中文/Raw/video_0054/0017.mp4,2961261
datasets/data-final/中文/Raw/video_0054/0018.mp4,2266069
datasets/data-final/中文/Raw/video_0054/0019.mp4,3077653
datasets/data-final/中文/Raw/video_0054/0020.mp4,5366786
datasets/data-final/中文/Raw/video_0054/0021.mp4,4062733
datasets/data-final/中文/Raw/video_0054/0022.mp4,2778291
datasets/data-final/中文/Raw/video_0054/0023.mp4,1936592
datasets/data-final/中文/Raw/video_0054/0024.mp4,4507137
datasets/data-final/中文/Raw/video_0054/0025.mp4,6371036
datasets/data-final/中文/Raw/video_0054/0026.mp4,4151882
datasets/data-final/中文/Raw/video_0054/0027.mp4,1581931
datasets/data-final/中文/Raw/video_0054/0028.mp4,2955896
datasets/data-final/中文/Raw/video_0054/0029.mp4,4103132
datasets/data-final/中文/Raw/video_0054/0030.mp4,3319795
datasets/data-final/中文/Raw/video_0054/0031.mp4,7143881
datasets/data-final/中文/Raw/video_0054/0032.mp4,6933228
datasets/data-final/中文/Raw/video_0054/0033.mp4,4207360
datasets/data-final/中文/Raw/video_0054/0034.mp4,3281137
datasets/data-final/中文/Raw/video_0054/0035.mp4,5029649
datasets/data-final/中文/Raw/video_0054/0036.mp4,6690831
datasets/data-final/中文/Raw/video_0054/0037.mp4,3853448
datasets/data-final/中文/Raw/video_0054/0038.mp4,5418388
datasets/data-final/中文/Raw/video_0054/0039.mp4,3382213
datasets/data-final/中文/Raw/video_0054/0040.mp4,2643868
datasets/data-final/中文/Raw/video_0054/0041.mp4,6711436
datasets/data-final/中文/Raw/video_0054/0042.mp4,5414255
datasets/data-final/中文/Raw/video_0054/0043.mp4,6781340
datasets/data-final/中文/Raw/video_0054/0044.mp4,2959001
datasets/data-final/中文/Raw/video_0054/0045.mp4,2759348
datasets/data-final/中文/Raw/video_0054/0046.mp4,3253659
datasets/data-final/中文/Raw/video_0054/0047.mp4,3993956
datasets/data-final/中文/Raw/video_0054/0048.mp4,1940686
datasets/data-final/中文/Raw/video_0054/0049.mp4,4631674
datasets/data-final/中文/Raw/video_0054/0050.mp4,4167716
datasets/data-final/中文/Raw/video_0054/0051.mp4,4302579
datasets/data-final/中文/Raw/video_0054/0052.mp4,1927988
datasets/data-final/中文/Raw/video_0054/0053.mp4,6072491
datasets/data-final/中文/Raw/video_0054/0054.mp4,5687142
datasets/data-final/中文/Raw/video_0054/0055.mp4,2720526
datasets/data-final/中文/Raw/video_0054/0056.mp4,3606663
datasets/data-final/中文/Raw/video_0054/0057.mp4,4289451
datasets/data-final/中文/Raw/video_0054/0058.mp4,6547300
datasets/data-final/中文/Raw/video_0054/0059.mp4,6009787
datasets/data-final/中文/Raw/video_0054/0060.mp4,1870765
datasets/data-final/中文/Raw/video_0054/0061.mp4,2284704
datasets/data-final/中文/Raw/video_0054/0062.mp4,2552858
datasets/data-final/中文/Raw/video_0054/0063.mp4,2264128
datasets/data-final/中文/Raw/video_0054/0064.mp4,1752123
datasets/data-final/中文/Raw/video_0054/0065.mp4,1777859
datasets/data-final/中文/Raw/video_0054/0066.mp4,2521919
datasets/data-final/中文/Raw/video_0054/0067.mp4,5601770
datasets/data-final/中文/Raw/video_0054/0068.mp4,2456367
datasets/data-final/中文/Raw/video_0054/0069.mp4,2206223
datasets/data-final/中文/Raw/video_0054/0070.mp4,2856705
datasets/data-final/中文/Raw/video_0054/0071.mp4,3867059
datasets/data-final/中文/Raw/video_0054/0072.mp4,1929454
datasets/data-final/中文/Raw/video_0054/0073.mp4,5503302
datasets/data-final/中文/Raw/video_0054/0074.mp4,4456059
datasets/data-final/中文/Raw/video_0054/0075.mp4,3903841
datasets/data-final/中文/Raw/video_0054/0076.mp4,1630261
datasets/data-final/中文/Raw/video_0054/0077.mp4,2410887
datasets/data-final/中文/Raw/video_0054/0078.mp4,2598854
datasets/data-final/中文/Raw/video_0054/0079.mp4,1694336
datasets/data-final/中文/Raw/video_0054/0080.mp4,2519115
datasets/data-final/中文/Raw/video_0054/0081.mp4,2483833
datasets/data-final/中文/Raw/video_0054/0082.mp4,2282946
datasets/data-final/中文/Raw/video_0054/0083.mp4,1991048
datasets/data-final/中文/Raw/video_0054/0084.mp4,6977750
datasets/data-final/中文/Raw/video_0054/0085.mp4,1653972
datasets/data-final/中文/Raw/video_0054/0086.mp4,2518973
datasets/data-final/中文/Raw/video_0054/0087.mp4,3671539
datasets/data-final/中文/Raw/video_0054/0088.mp4,1946796
datasets/data-final/中文/Raw/video_0054/0089.mp4,5867507
datasets/data-final/中文/Raw/video_0054/0090.mp4,2938572
datasets/data-final/中文/Raw/video_0054/0091.mp4,5156094
datasets/data-final/中文/Raw/video_0054/0092.mp4,4024447
datasets/data-final/中文/Raw/video_0054/0093.mp4,3202537
datasets/data-final/中文/Raw/video_0054/0094.mp4,1546275
datasets/data-final/中文/Raw/video_0054/0095.mp4,3213588
datasets/data-final/中文/Raw/video_0054/0096.mp4,2524265
datasets/data-final/中文/Raw/video_0054/0097.mp4,2879695
datasets/data-final/中文/Raw/video_0054/0098.mp4,2393158
datasets/data-final/中文/Raw/video_0054/0099.mp4,1632005
datasets/data-final/中文/Raw/video_0054/0100.mp4,1925415
datasets/data-final/中文/Raw/video_0054/0101.mp4,3114595
datasets/data-final/中文/Raw/video_0054/0102.mp4,1661541
datasets/data-final/中文/Raw/video_0054/0103.mp4,3827641
datasets/data-final/中文/Raw/video_0054/0104.mp4,3758985
datasets/data-final/中文/Raw/video_0054/0105.mp4,1400669
datasets/data-final/中文/Raw/video_0054/0106.mp4,3277548
datasets/data-final/中文/Raw/video_0054/0107.mp4,7005854
datasets/data-final/中文/Raw/video_0054/0108.mp4,4452146
datasets/data-final/中文/Raw/video_0054/0109.mp4,1991532
datasets/data-final/中文/Raw/video_0054/0110.mp4,1302411
datasets/data-final/中文/Raw/video_0054/0111.mp4,3469376
datasets/data-final/中文/Raw/video_0054/0112.mp4,6990442
datasets/data-final/中文/Raw/video_0054/0113.mp4,4134452
datasets/data-final/中文/Raw/video_0054/0114.mp4,2108982
datasets/data-final/中文/Raw/video_0054/0115.mp4,2025298
datasets/data-final/中文/Raw/video_0054/0116.mp4,1630650
datasets/data-final/中文/Raw/video_0054/0117.mp4,3617644
datasets/data-final/中文/Raw/video_0054/0118.mp4,4746095
datasets/data-final/中文/Raw/video_0054/0119.mp4,3659408
datasets/data-final/中文/Raw/video_0054/0120.mp4,2931704
datasets/data-final/中文/Raw/video_0054/0121.mp4,2087059
datasets/data-final/中文/Raw/video_0054/0122.mp4,3322398
datasets/data-final/中文/Raw/video_0054/0123.mp4,2806884
datasets/data-final/中文/Raw/video_0054/0124.mp4,3415114
datasets/data-final/中文/Raw/video_0054/0125.mp4,2537111
datasets/data-final/中文/Raw/video_0054/0126.mp4,4385564
datasets/data-final/中文/Raw/video_0054/0127.mp4,1796045
datasets/data-final/中文/Raw/video_0054/0128.mp4,2578986
datasets/data-final/中文/Raw/video_0054/0129.mp4,3779116
datasets/data-final/中文/Raw/video_0054/0130.mp4,1985572
datasets/data-final/中文/Raw/video_0054/0131.mp4,2805282
datasets/data-final/中文/Raw/video_0054/0132.mp4,4404891
datasets/data-final/中文/Raw/video_0054/0133.mp4,4232556
datasets/data-final/中文/Raw/video_0054/0134.mp4,3068570
datasets/data-final/中文/Raw/video_0054/0135.mp4,4013949
datasets/data-final/中文/Raw/video_0054/0136.mp4,2836967
datasets/data-final/中文/Raw/video_0054/0137.mp4,5264761
datasets/data-final/中文/Raw/video_0054/0138.mp4,3137338
datasets/data-final/中文/Raw/video_0054/0139.mp4,2048497
datasets/data-final/中文/Raw/video_0054/0140.mp4,3012858
datasets/data-final/中文/Raw/video_0054/0141.mp4,4402904
datasets/data-final/中文/Raw/video_0054/0142.mp4,2446778
datasets/data-final/中文/Raw/video_0054/0143.mp4,2214297
datasets/data-final/中文/Raw/video_0054/0144.mp4,4509513
datasets/data-final/中文/Raw/video_0054/0145.mp4,1861402
datasets/data-final/中文/Raw/video_0054/0146.mp4,946259
datasets/data-final/中文/Raw/video_0054/0147.mp4,2054981
datasets/data-final/中文/Raw/video_0054/0148.mp4,3071453
datasets/data-final/中文/Raw/video_0054/0149.mp4,5386802
datasets/data-final/中文/Raw/video_0054/0150.mp4,1972779
datasets/data-final/中文/Raw/video_0054/0151.mp4,3014068
datasets/data-final/中文/Raw/video_0054/0152.mp4,2863773
datasets/data-final/中文/Raw/video_0054/0153.mp4,3145141
datasets/data-final/中文/Raw/video_0054/0154.mp4,1679964
datasets/data-final/中文/Raw/video_0054/0155.mp4,4321919
datasets/data-final/中文/Raw/video_0054/0156.mp4,4504202
datasets/data-final/中文/Raw/video_0054/0157.mp4,6512440
datasets/data-final/中文/Raw/video_0054/0158.mp4,2804307
datasets/data-final/中文/Raw/video_0054/0159.mp4,1744403
datasets/data-final/中文/Raw/video_0054/0160.mp4,2623402
datasets/data-final/中文/Raw/video_0054/0161.mp4,1149077
datasets/data-final/中文/Raw/video_0054/0162.mp4,1850299
datasets/data-final/中文/Raw/video_0054/0163.mp4,4415357
datasets/data-final/中文/Raw/video_0054/0164.mp4,6583642
datasets/data-final/中文/Raw/video_0054/0165.mp4,3849447
datasets/data-final/中文/Raw/video_0054/0166.mp4,2831660
datasets/data-final/中文/Raw/video_0054/0167.mp4,3152033
datasets/data-final/中文/Raw/video_0054/0168.mp4,2739222
datasets/data-final/中文/Raw/video_0054/0169.mp4,3371592
datasets/data-final/中文/Raw/video_0054/0170.mp4,2661663
datasets/data-final/中文/Raw/video_0054/0171.mp4,2699950
datasets/data-final/中文/Raw/video_0054/0172.mp4,2425293
datasets/data-final/中文/Raw/video_0054/0173.mp4,1302542
datasets/data-final/中文/Raw/video_0054/0174.mp4,1058967
datasets/data-final/中文/Raw/video_0054/0175.mp4,1502951
datasets/data-final/中文/Raw/video_0054/0176.mp4,3560777
datasets/data-final/中文/Raw/video_0054/0177.mp4,2317650
datasets/data-final/中文/Raw/video_0054/0178.mp4,3115788
datasets/data-final/中文/Raw/video_0054/0179.mp4,1038016
datasets/data-final/中文/Raw/video_0054/0180.mp4,2156342
datasets/data-final/中文/Raw/video_0054/0181.mp4,3201250
datasets/data-final/中文/Raw/video_0054/0182.mp4,3428282
datasets/data-final/中文/Raw/video_0054/0183.mp4,5064264
datasets/data-final/中文/Raw/video_0054/0184.mp4,5194200
datasets/data-final/中文/Raw/video_0054/0185.mp4,2152391
datasets/data-final/中文/Raw/video_0054/0186.mp4,831645
datasets/data-final/中文/Raw/video_0054/0187.mp4,5616639
datasets/data-final/中文/Raw/video_0054/0188.mp4,1432699
datasets/data-final/中文/Raw/video_0055/0001.mp4,1850595
datasets/data-final/中文/Raw/video_0055/0002.mp4,2262199
datasets/data-final/中文/Raw/video_0055/0003.mp4,1566338
datasets/data-final/中文/Raw/video_0055/0004.mp4,1364848
datasets/data-final/中文/Raw/video_0055/0005.mp4,1343722
datasets/data-final/中文/Raw/video_0055/0006.mp4,1728903
datasets/data-final/中文/Raw/video_0055/0007.mp4,798000
datasets/data-final/中文/Raw/video_0055/0008.mp4,2333945
datasets/data-final/中文/Raw/video_0055/0009.mp4,2810310
datasets/data-final/中文/Raw/video_0055/0010.mp4,2565300
datasets/data-final/中文/Raw/video_0055/0011.mp4,1062039
datasets/data-final/中文/Raw/video_0055/0012.mp4,2251965
datasets/data-final/中文/Raw/video_0055/0013.mp4,2545198
datasets/data-final/中文/Raw/video_0055/0014.mp4,1230676
datasets/data-final/中文/Raw/video_0055/0015.mp4,1262742
datasets/data-final/中文/Raw/video_0055/0016.mp4,1272332
datasets/data-final/中文/Raw/video_0055/0017.mp4,1500880
datasets/data-final/中文/Raw/video_0055/0018.mp4,1944472
datasets/data-final/中文/Raw/video_0055/0019.mp4,2796986
datasets/data-final/中文/Raw/video_0055/0020.mp4,1719604
datasets/data-final/中文/Raw/video_0055/0021.mp4,1016134
datasets/data-final/中文/Raw/video_0055/0022.mp4,1092146
datasets/data-final/中文/Raw/video_0055/0023.mp4,2272568
datasets/data-final/中文/Raw/video_0055/0024.mp4,3251566
datasets/data-final/中文/Raw/video_0055/0025.mp4,3379904
datasets/data-final/中文/Raw/video_0055/0026.mp4,836876
datasets/data-final/中文/Raw/video_0055/0027.mp4,1543345
datasets/data-final/中文/Raw/video_0055/0028.mp4,3958228
datasets/data-final/中文/Raw/video_0055/0029.mp4,1140109
datasets/data-final/中文/Raw/video_0055/0030.mp4,1293885
datasets/data-final/中文/Raw/video_0055/0031.mp4,2045549
datasets/data-final/中文/Raw/video_0055/0032.mp4,1356297
datasets/data-final/中文/Raw/video_0055/0033.mp4,1492656
datasets/data-final/中文/Raw/video_0055/0034.mp4,948019
datasets/data-final/中文/Raw/video_0055/0035.mp4,1365632
datasets/data-final/中文/Raw/video_0056/0001.mp4,2544623
datasets/data-final/中文/Raw/video_0056/0002.mp4,4529537
datasets/data-final/中文/Raw/video_0056/0003.mp4,7087438
datasets/data-final/中文/Raw/video_0056/0004.mp4,2419550
datasets/data-final/中文/Raw/video_0056/0005.mp4,6790308
datasets/data-final/中文/Raw/video_0056/0006.mp4,3186618
datasets/data-final/中文/Raw/video_0056/0007.mp4,4484821
datasets/data-final/中文/Raw/video_0056/0008.mp4,1282797
datasets/data-final/中文/Raw/video_0056/0009.mp4,3578303
datasets/data-final/中文/Raw/video_0056/0010.mp4,1950263
datasets/data-final/中文/Raw/video_0056/0011.mp4,1839209
datasets/data-final/中文/Raw/video_0056/0012.mp4,2466148
datasets/data-final/中文/Raw/video_0056/0013.mp4,3197344
datasets/data-final/中文/Raw/video_0056/0014.mp4,4122296
datasets/data-final/中文/Raw/video_0056/0015.mp4,2130609
datasets/data-final/中文/Raw/video_0056/0016.mp4,5954017
datasets/data-final/中文/Raw/video_0056/0017.mp4,4485607
datasets/data-final/中文/Raw/video_0056/0018.mp4,2829920
datasets/data-final/中文/Raw/video_0056/0019.mp4,3812312
datasets/data-final/中文/Raw/video_0056/0020.mp4,2477569
datasets/data-final/中文/Raw/video_0056/0021.mp4,2520618
datasets/data-final/中文/Raw/video_0056/0022.mp4,5429877
datasets/data-final/中文/Raw/video_0056/0023.mp4,3349920
datasets/data-final/中文/Raw/video_0056/0024.mp4,6015824
datasets/data-final/中文/Raw/video_0056/0025.mp4,4111918
datasets/data-final/中文/Raw/video_0056/0026.mp4,1370286
datasets/data-final/中文/Raw/video_0056/0027.mp4,2419896
datasets/data-final/中文/Raw/video_0056/0028.mp4,3059953
datasets/data-final/中文/Raw/video_0056/0029.mp4,3333860
datasets/data-final/中文/Raw/video_0056/0030.mp4,3256937
datasets/data-final/中文/Raw/video_0056/0031.mp4,2352964
datasets/data-final/中文/Raw/video_0056/0032.mp4,1629823
datasets/data-final/中文/Raw/video_0056/0033.mp4,2081207
datasets/data-final/中文/Raw/video_0056/0034.mp4,2533558
datasets/data-final/中文/Raw/video_0056/0035.mp4,1848580
datasets/data-final/中文/Raw/video_0056/0036.mp4,3920362
datasets/data-final/中文/Raw/video_0056/0037.mp4,4303328
datasets/data-final/中文/Raw/video_0056/0038.mp4,1478972
datasets/data-final/中文/Raw/video_0056/0039.mp4,2170054
datasets/data-final/中文/Raw/video_0056/0040.mp4,2114937
datasets/data-final/中文/Raw/video_0056/0041.mp4,5269277
datasets/data-final/中文/Raw/video_0056/0042.mp4,2706264
datasets/data-final/中文/Raw/video_0056/0043.mp4,2934324
datasets/data-final/中文/Raw/video_0056/0044.mp4,2757786
datasets/data-final/中文/Raw/video_0056/0045.mp4,2196363
datasets/data-final/中文/Raw/video_0056/0046.mp4,3074971
datasets/data-final/中文/Raw/video_0056/0047.mp4,3865383
datasets/data-final/中文/Raw/video_0056/0048.mp4,2942512
datasets/data-final/中文/Raw/video_0056/0049.mp4,2079635
datasets/data-final/中文/Raw/video_0056/0050.mp4,4545904
datasets/data-final/中文/Raw/video_0056/0051.mp4,3383630
datasets/data-final/中文/Raw/video_0056/0052.mp4,6346320
datasets/data-final/中文/Raw/video_0056/0053.mp4,3159120
datasets/data-final/中文/Raw/video_0056/0054.mp4,4589406
datasets/data-final/中文/Raw/video_0056/0055.mp4,1339969
datasets/data-final/中文/Raw/video_0056/0056.mp4,2053852
datasets/data-final/中文/Raw/video_0056/0057.mp4,3865936
datasets/data-final/中文/Raw/video_0056/0058.mp4,3192199
datasets/data-final/中文/Raw/video_0056/0059.mp4,1724565
datasets/data-final/中文/Raw/video_0056/0060.mp4,2195089
datasets/data-final/中文/Raw/video_0056/0061.mp4,3294880
datasets/data-final/中文/Raw/video_0056/0062.mp4,5014148
datasets/data-final/中文/Raw/video_0056/0063.mp4,4563533
datasets/data-final/中文/Raw/video_0056/0064.mp4,4677812
datasets/data-final/中文/Raw/video_0056/0065.mp4,2699139
datasets/data-final/中文/Raw/video_0056/0066.mp4,6841710
datasets/data-final/中文/Raw/video_0056/0067.mp4,4702244
datasets/data-final/中文/Raw/video_0056/0068.mp4,1789868
datasets/data-final/中文/Raw/video_0056/0069.mp4,3685028
datasets/data-final/中文/Raw/video_0056/0070.mp4,2377980
datasets/data-final/中文/Raw/video_0056/0071.mp4,1470982
datasets/data-final/中文/Raw/video_0056/0072.mp4,5329158
datasets/data-final/中文/Raw/video_0056/0073.mp4,2923880
datasets/data-final/中文/Raw/video_0056/0074.mp4,2979870
datasets/data-final/中文/Raw/video_0056/0075.mp4,7188412
datasets/data-final/中文/Raw/video_0056/0076.mp4,3496514
datasets/data-final/中文/Raw/video_0056/0077.mp4,2231329
datasets/data-final/中文/Raw/video_0056/0078.mp4,2018859
datasets/data-final/中文/Raw/video_0056/0079.mp4,1539104
datasets/data-final/中文/Raw/video_0056/0080.mp4,2949629
datasets/data-final/中文/Raw/video_0056/0081.mp4,4180213
datasets/data-final/中文/Raw/video_0056/0082.mp4,2460135
datasets/data-final/中文/Raw/video_0056/0083.mp4,2591028
datasets/data-final/中文/Raw/video_0056/0084.mp4,2718127
datasets/data-final/中文/Raw/video_0056/0085.mp4,5055509
datasets/data-final/中文/Raw/video_0056/0086.mp4,6900020
datasets/data-final/中文/Raw/video_0056/0087.mp4,1811853
datasets/data-final/中文/Raw/video_0056/0088.mp4,1878016
datasets/data-final/中文/Raw/video_0056/0089.mp4,6165781
datasets/data-final/中文/Raw/video_0056/0090.mp4,3875976
datasets/data-final/中文/Raw/video_0056/0091.mp4,4210106
datasets/data-final/中文/Raw/video_0057/0001.mp4,5656967
datasets/data-final/中文/Raw/video_0057/0002.mp4,3391180
datasets/data-final/中文/Raw/video_0057/0003.mp4,5132323
datasets/data-final/中文/Raw/video_0057/0004.mp4,1823236
datasets/data-final/中文/Raw/video_0057/0005.mp4,2106512
datasets/data-final/中文/Raw/video_0057/0006.mp4,5306417
datasets/data-final/中文/Raw/video_0057/0007.mp4,1616570
datasets/data-final/中文/Raw/video_0057/0008.mp4,4426986
datasets/data-final/中文/Raw/video_0057/0009.mp4,3849886
datasets/data-final/中文/Raw/video_0057/0010.mp4,2091263
datasets/data-final/中文/Raw/video_0057/0011.mp4,4565050
datasets/data-final/中文/Raw/video_0057/0012.mp4,3606053
datasets/data-final/中文/Raw/video_0057/0013.mp4,2845800
datasets/data-final/中文/Raw/video_0057/0014.mp4,5111982
datasets/data-final/中文/Raw/video_0057/0015.mp4,1932477
datasets/data-final/中文/Raw/video_0057/0016.mp4,2461073
datasets/data-final/中文/Raw/video_0057/0017.mp4,3273329
datasets/data-final/中文/Raw/video_0057/0018.mp4,7179730
datasets/data-final/中文/Raw/video_0057/0019.mp4,3304390
datasets/data-final/中文/Raw/video_0057/0020.mp4,3937333
datasets/data-final/中文/Raw/video_0057/0021.mp4,4374002
datasets/data-final/中文/Raw/video_0057/0022.mp4,1953357
datasets/data-final/中文/Raw/video_0057/0023.mp4,2909053
datasets/data-final/中文/Raw/video_0057/0024.mp4,1904000
datasets/data-final/中文/Raw/video_0057/0025.mp4,3154283
datasets/data-final/中文/Raw/video_0058/0001.mp4,2488509
datasets/data-final/中文/Raw/video_0058/0002.mp4,2106058
datasets/data-final/中文/Raw/video_0058/0003.mp4,2318481
datasets/data-final/中文/Raw/video_0058/0004.mp4,1810895
datasets/data-final/中文/Raw/video_0058/0005.mp4,3280806
datasets/data-final/中文/Raw/video_0058/0006.mp4,3483071
datasets/data-final/中文/Raw/video_0058/0007.mp4,1379179
datasets/data-final/中文/Raw/video_0058/0008.mp4,2565556
datasets/data-final/中文/Raw/video_0058/0009.mp4,3543356
datasets/data-final/中文/Raw/video_0058/0010.mp4,3127923
datasets/data-final/中文/Raw/video_0058/0011.mp4,3290129
datasets/data-final/中文/Raw/video_0058/0012.mp4,3032327
datasets/data-final/中文/Raw/video_0058/0013.mp4,2134153
datasets/data-final/中文/Raw/video_0058/0014.mp4,806805
datasets/data-final/中文/Raw/video_0058/0015.mp4,1415602
datasets/data-final/中文/Raw/video_0058/0016.mp4,1512780
datasets/data-final/中文/Raw/video_0059/0001.mp4,4623814
datasets/data-final/中文/Raw/video_0059/0002.mp4,2021900
datasets/data-final/中文/Raw/video_0059/0003.mp4,2973341
datasets/data-final/中文/Raw/video_0059/0004.mp4,4761514
datasets/data-final/中文/Raw/video_0059/0005.mp4,4913698
datasets/data-final/中文/Raw/video_0059/0006.mp4,1873694
datasets/data-final/中文/Raw/video_0059/0007.mp4,3049267
datasets/data-final/中文/Raw/video_0059/0008.mp4,3306559
datasets/data-final/中文/Raw/video_0059/0009.mp4,2864405
datasets/data-final/中文/Raw/video_0059/0010.mp4,2180772
datasets/data-final/中文/Raw/video_0059/0011.mp4,3046434
datasets/data-final/中文/Raw/video_0059/0012.mp4,5229475
datasets/data-final/中文/Raw/video_0059/0013.mp4,3185913
datasets/data-final/中文/Raw/video_0059/0014.mp4,3751898
datasets/data-final/中文/Raw/video_0059/0015.mp4,2794462
datasets/data-final/中文/Raw/video_0060/0001.mp4,629899
datasets/data-final/中文/Raw/video_0060/0002.mp4,860938
datasets/data-final/中文/Raw/video_0060/0003.mp4,2458288
datasets/data-final/中文/Raw/video_0060/0004.mp4,1781905
datasets/data-final/中文/Raw/video_0060/0005.mp4,425549
datasets/data-final/中文/Raw/video_0060/0006.mp4,437919
datasets/data-final/中文/Raw/video_0060/0007.mp4,1244033
datasets/data-final/中文/Raw/video_0060/0008.mp4,1869999
datasets/data-final/中文/Raw/video_0060/0009.mp4,1425280
datasets/data-final/中文/Raw/video_0060/0010.mp4,2067822
datasets/data-final/中文/Raw/video_0060/0011.mp4,1266309
datasets/data-final/中文/Raw/video_0060/0012.mp4,1482317
datasets/data-final/中文/Raw/video_0060/0013.mp4,2034671
datasets/data-final/中文/Raw/video_0060/0014.mp4,2542336
datasets/data-final/中文/Raw/video_0060/0015.mp4,2554210
datasets/data-final/中文/Raw/video_0060/0016.mp4,1119225
datasets/data-final/中文/Raw/video_0060/0017.mp4,1507314
datasets/data-final/中文/Raw/video_0060/0018.mp4,1334934
datasets/data-final/中文/Raw/video_0060/0019.mp4,1087371
datasets/data-final/中文/Raw/video_0060/0020.mp4,2417618
datasets/data-final/中文/Raw/video_0060/0021.mp4,984877
datasets/data-final/中文/Raw/video_0060/0022.mp4,3204011
datasets/data-final/中文/Raw/video_0060/0023.mp4,1194521
datasets/data-final/中文/Raw/video_0060/0024.mp4,662025
datasets/data-final/中文/Raw/video_0060/0025.mp4,4163736
datasets/data-final/中文/Raw/video_0060/0026.mp4,1470988
datasets/data-final/中文/Raw/video_0060/0027.mp4,1727272
datasets/data-final/中文/Raw/video_0060/0028.mp4,3208036
datasets/data-final/中文/Raw/video_0060/0029.mp4,4589251
datasets/data-final/中文/Raw/video_0060/0030.mp4,1520150
datasets/data-final/中文/Raw/video_0060/0031.mp4,3202261
datasets/data-final/中文/Raw/video_0060/0032.mp4,5215160
datasets/data-final/中文/Raw/video_0060/0033.mp4,4393120
datasets/data-final/中文/Raw/video_0060/0034.mp4,1668792
datasets/data-final/中文/Raw/video_0060/0035.mp4,2477739
datasets/data-final/中文/Raw/video_0060/0036.mp4,3124918
datasets/data-final/中文/Raw/video_0060/0037.mp4,1259751
datasets/data-final/中文/Raw/video_0060/0038.mp4,1546311
datasets/data-final/中文/Raw/video_0060/0039.mp4,4289839
datasets/data-final/中文/Raw/video_0060/0040.mp4,929663
datasets/data-final/中文/Raw/video_0060/0041.mp4,172317
datasets/data-final/中文/Raw/video_0060/0042.mp4,991708
datasets/data-final/中文/Raw/video_0060/0043.mp4,1151124
datasets/data-final/中文/Raw/video_xjzw/00001.mp4,1109620
datasets/data-final/中文/Raw/video_xjzw/00002.mp4,573607
datasets/data-final/中文/Raw/video_xjzw/00003.mp4,552000
datasets/data-final/中文/Raw/video_xjzw/00004.mp4,478456
datasets/data-final/中文/Raw/video_xjzw/00005.mp4,340022
datasets/data-final/中文/Raw/video_xjzw/00006.mp4,278012
datasets/data-final/中文/Raw/video_xjzw/00007.mp4,239588
datasets/data-final/中文/Raw/video_xjzw/00008.mp4,371839
datasets/data-final/中文/Raw/video_xjzw/00009.mp4,368097
datasets/data-final/中文/Raw/video_xjzw/00010.mp4,1035417
datasets/data-final/中文/Raw/video_xjzw/00011.mp4,508799
datasets/data-final/中文/Raw/video_xjzw/00012.mp4,645515
datasets/data-final/中文/Raw/video_xjzw/00013.mp4,774402
datasets/data-final/中文/Raw/video_xjzw/00014.mp4,677165
datasets/data-final/中文/Raw/video_xjzw/00015.mp4,397256
datasets/data-final/中文/Raw/video_xjzw/00016.mp4,245275
datasets/data-final/中文/Raw/video_xjzw/00017.mp4,233644
datasets/data-final/中文/Raw/video_xjzw/00018.mp4,438922
datasets/data-final/中文/Raw/video_xjzw/00019.mp4,444257
datasets/data-final/中文/Raw/video_xjzw/00020.mp4,1483097
datasets/data-final/中文/Raw/video_xjzw/00021.mp4,546961
datasets/data-final/中文/Raw/video_xjzw/00022.mp4,609083
datasets/data-final/中文/Raw/video_xjzw/00023.mp4,868446
datasets/data-final/中文/Raw/video_xjzw/00024.mp4,517360
datasets/data-final/中文/Raw/video_xjzw/00025.mp4,589292
datasets/data-final/中文/Raw/video_xjzw/00026.mp4,461933
datasets/data-final/中文/Raw/video_xjzw/00027.mp4,304796
datasets/data-final/中文/Raw/video_xjzw/00028.mp4,377233
datasets/data-final/中文/Raw/video_xjzw/00029.mp4,535211
datasets/data-final/中文/Raw/video_xjzw/00030.mp4,422205
datasets/data-final/中文/Raw/video_xjzw/00031.mp4,254454
datasets/data-final/中文/Raw/video_xjzw/00032.mp4,322623
datasets/data-final/中文/Raw/video_xjzw/00033.mp4,322174
datasets/data-final/中文/Raw/video_xjzw/00034.mp4,767357
datasets/data-final/中文/Raw/video_xjzw/00035.mp4,539795
datasets/data-final/中文/Raw/video_xjzw/00036.mp4,1011081
datasets/data-final/中文/Raw/video_xjzw/00037.mp4,262242
datasets/data-final/中文/Raw/video_xjzw/00038.mp4,273500
datasets/data-final/中文/Raw/video_xjzw/00039.mp4,613925
datasets/data-final/中文/Raw/video_xjzw/00040.mp4,626806
datasets/data-final/中文/Raw/video_xjzw/00041.mp4,624787
datasets/data-final/中文/Raw/video_xjzw/00042.mp4,459845
datasets/data-final/中文/Raw/video_xjzw/00043.mp4,438098
datasets/data-final/中文/Raw/video_xjzw/00044.mp4,272805
datasets/data-final/中文/Raw/video_xjzw/00045.mp4,458029
datasets/data-final/中文/Raw/video_xjzw/00046.mp4,458028
datasets/data-final/中文/Raw/video_xjzw/00047.mp4,347325
datasets/data-final/中文/Raw/video_xjzw/00048.mp4,386049
datasets/data-final/中文/Raw/video_xjzw/00049.mp4,397471
datasets/data-final/中文/Raw/video_xjzw/00050.mp4,518845
datasets/data-final/中文/Raw/video_xjzw/00051.mp4,413568
datasets/data-final/中文/Raw/video_xjzw/00052.mp4,770640
datasets/data-final/中文/Raw/video_xjzw/00053.mp4,202851
datasets/data-final/中文/Raw/video_xjzw/00054.mp4,270383
datasets/data-final/中文/Raw/video_xjzw/00055.mp4,254297
datasets/data-final/中文/Raw/video_xjzw/00056.mp4,439693
datasets/data-final/中文/Raw/video_xjzw/00057.mp4,294576
datasets/data-final/中文/Raw/video_xjzw/00058.mp4,270666
datasets/data-final/中文/Raw/video_xjzw/00059.mp4,335185
datasets/data-final/中文/Raw/video_xjzw/00060.mp4,340420
datasets/data-final/中文/Raw/video_xjzw/00061.mp4,320896
datasets/data-final/中文/Raw/video_xjzw/00062.mp4,222271
datasets/data-final/中文/Raw/video_xjzw/00063.mp4,392407
datasets/data-final/中文/Raw/video_xjzw/00064.mp4,298420
datasets/data-final/中文/Raw/video_xjzw/00065.mp4,613592
datasets/data-final/中文/Raw/video_xjzw/00066.mp4,398067
datasets/data-final/中文/Raw/video_xjzw/00067.mp4,331689
datasets/data-final/中文/Raw/video_xjzw/00068.mp4,507968
datasets/data-final/中文/Raw/video_xjzw/00069.mp4,378029
datasets/data-final/中文/Raw/video_xjzw/00070.mp4,481465
datasets/data-final/中文/Raw/video_xjzw/00071.mp4,510907
datasets/data-final/中文/Raw/video_xjzw/00072.mp4,456199
datasets/data-final/中文/Raw/video_xjzw/00073.mp4,274420
datasets/data-final/中文/Raw/video_xjzw/00074.mp4,343373
datasets/data-final/中文/Raw/video_xjzw/00075.mp4,448532
datasets/data-final/中文/basic7/basic7_ds_high_confidence.xlsx,312756
datasets/data-final/中文/basic7/basic7_ds_low_confidence.xlsx,46693
datasets/data-final/中文/goemotion/after2500_training_data.xlsx,302236
datasets/data-final/中文/goemotion/front2500_training_data.xlsx,463607
datasets/data-final/中文/goemotion/training_data_merged.xlsx,732505
datasets/data-final/英文/basic7/3000_basic7_high_confidence_ge0.5.xlsx,251446
datasets/data-final/英文/basic7/3000_basic7_low_confidence_lt0.5.xlsx,27886
datasets/data-final/英文/basic7/last2000_basic7_high_confidence_ge0.5.xlsx,168137
datasets/data-final/英文/basic7/last2000_basic7_low_confidence_lt0.5.xlsx,8665
datasets/data-final/英文/goemotion/goemotion_soft_labels_first3000.xlsx,498478
datasets/data-final/英文/goemotion/goemotion_soft_labels_last2000.xlsx,360813
datasets/data-final/英文/train_splits/dia0_utt0.mp4,597313
datasets/data-final/英文/train_splits/dia0_utt11.mp4,1351468
datasets/data-final/英文/train_splits/dia0_utt2.mp4,364331
datasets/data-final/英文/train_splits/dia0_utt3.mp4,274856
datasets/data-final/英文/train_splits/dia0_utt5.mp4,330930
datasets/data-final/英文/train_splits/dia0_utt7.mp4,538230
datasets/data-final/英文/train_splits/dia0_utt9.mp4,234575
datasets/data-final/英文/train_splits/dia1000_utt0.mp4,1112455
datasets/data-final/英文/train_splits/dia1000_utt1.mp4,739336
datasets/data-final/英文/train_splits/dia1000_utt2.mp4,952341
datasets/data-final/英文/train_splits/dia1000_utt3.mp4,1684243
datasets/data-final/英文/train_splits/dia1001_utt1.mp4,1654331
datasets/data-final/英文/train_splits/dia1001_utt11.mp4,526061
datasets/data-final/英文/train_splits/dia1001_utt2.mp4,748790
datasets/data-final/英文/train_splits/dia1001_utt3.mp4,708060
datasets/data-final/英文/train_splits/dia1001_utt4.mp4,730928
datasets/data-final/英文/train_splits/dia1001_utt6.mp4,750077
datasets/data-final/英文/train_splits/dia1001_utt7.mp4,750840
datasets/data-final/英文/train_splits/dia1002_utt1.mp4,529302
datasets/data-final/英文/train_splits/dia1002_utt3.mp4,943612
datasets/data-final/英文/train_splits/dia1002_utt4.mp4,885124
datasets/data-final/英文/train_splits/dia1002_utt5.mp4,1336339
datasets/data-final/英文/train_splits/dia1003_utt0.mp4,1524617
datasets/data-final/英文/train_splits/dia1003_utt2.mp4,1028275
datasets/data-final/英文/train_splits/dia1003_utt3.mp4,1579673
datasets/data-final/英文/train_splits/dia1003_utt4.mp4,1671680
datasets/data-final/英文/train_splits/dia1003_utt7.mp4,901221
datasets/data-final/英文/train_splits/dia1004_utt1.mp4,945930
datasets/data-final/英文/train_splits/dia1004_utt2.mp4,1584676
datasets/data-final/英文/train_splits/dia1005_utt11.mp4,1418745
datasets/data-final/英文/train_splits/dia1005_utt12.mp4,527864
datasets/data-final/英文/train_splits/dia1005_utt13.mp4,547870
datasets/data-final/英文/train_splits/dia1005_utt15.mp4,1202491
datasets/data-final/英文/train_splits/dia1005_utt16.mp4,1285234
datasets/data-final/英文/train_splits/dia1005_utt17.mp4,593171
datasets/data-final/英文/train_splits/dia1005_utt2.mp4,1156141
datasets/data-final/英文/train_splits/dia1005_utt21.mp4,1406184
datasets/data-final/英文/train_splits/dia1005_utt6.mp4,587877
datasets/data-final/英文/train_splits/dia1005_utt7.mp4,502037
datasets/data-final/英文/train_splits/dia1005_utt8.mp4,721278
datasets/data-final/英文/train_splits/dia1005_utt9.mp4,1426300
datasets/data-final/英文/train_splits/dia1006_utt0.mp4,1769470
datasets/data-final/英文/train_splits/dia1006_utt1.mp4,1110562
datasets/data-final/英文/train_splits/dia1006_utt2.mp4,736654
datasets/data-final/英文/train_splits/dia1006_utt3.mp4,1549552
datasets/data-final/英文/train_splits/dia1007_utt0.mp4,676762
datasets/data-final/英文/train_splits/dia1007_utt13.mp4,1064937
datasets/data-final/英文/train_splits/dia1007_utt14.mp4,1871300
datasets/data-final/英文/train_splits/dia1007_utt2.mp4,1679774
datasets/data-final/英文/train_splits/dia1007_utt3.mp4,1042278
datasets/data-final/英文/train_splits/dia1007_utt4.mp4,1424128
datasets/data-final/英文/train_splits/dia1007_utt5.mp4,2325415
datasets/data-final/英文/train_splits/dia1007_utt6.mp4,2516558
datasets/data-final/英文/train_splits/dia1007_utt7.mp4,572648
datasets/data-final/英文/train_splits/dia1007_utt8.mp4,619695
datasets/data-final/英文/train_splits/dia1007_utt9.mp4,541391
datasets/data-final/英文/train_splits/dia1008_utt1.mp4,3344824
datasets/data-final/英文/train_splits/dia1008_utt2.mp4,1117297
datasets/data-final/英文/train_splits/dia1008_utt6.mp4,866793
datasets/data-final/英文/train_splits/dia1008_utt9.mp4,939795
datasets/data-final/英文/train_splits/dia1009_utt0.mp4,971896
datasets/data-final/英文/train_splits/dia1009_utt1.mp4,1205156
datasets/data-final/英文/train_splits/dia1009_utt10.mp4,612760
datasets/data-final/英文/train_splits/dia1009_utt13.mp4,1182886
datasets/data-final/英文/train_splits/dia1009_utt14.mp4,1112760
datasets/data-final/英文/train_splits/dia1009_utt17.mp4,1466166
datasets/data-final/英文/train_splits/dia1009_utt6.mp4,651176
datasets/data-final/英文/train_splits/dia1009_utt7.mp4,1917347
datasets/data-final/英文/train_splits/dia1009_utt8.mp4,1110439
datasets/data-final/英文/train_splits/dia1009_utt9.mp4,1238464
datasets/data-final/英文/train_splits/dia100_utt1.mp4,780169
datasets/data-final/英文/train_splits/dia100_utt3.mp4,586365
datasets/data-final/英文/train_splits/dia100_utt4.mp4,2011714
datasets/data-final/英文/train_splits/dia100_utt5.mp4,932456
datasets/data-final/英文/train_splits/dia100_utt6.mp4,700899
datasets/data-final/英文/train_splits/dia1010_utt10.mp4,790160
datasets/data-final/英文/train_splits/dia1010_utt11.mp4,705208
datasets/data-final/英文/train_splits/dia1010_utt2.mp4,1281877
datasets/data-final/英文/train_splits/dia1010_utt5.mp4,755306
datasets/data-final/英文/train_splits/dia1010_utt9.mp4,910335
datasets/data-final/英文/train_splits/dia1011_utt0.mp4,1873309
datasets/data-final/英文/train_splits/dia1011_utt10.mp4,2026564
datasets/data-final/英文/train_splits/dia1011_utt12.mp4,666357
datasets/data-final/英文/train_splits/dia1011_utt4.mp4,1323249
datasets/data-final/英文/train_splits/dia1011_utt7.mp4,901498
datasets/data-final/英文/train_splits/dia1012_utt0.mp4,3160042
datasets/data-final/英文/train_splits/dia1012_utt11.mp4,623483
datasets/data-final/英文/train_splits/dia1012_utt2.mp4,821577
datasets/data-final/英文/train_splits/dia1012_utt3.mp4,1894799
datasets/data-final/英文/train_splits/dia1012_utt7.mp4,1103452
datasets/data-final/英文/train_splits/dia1013_utt0.mp4,1146777
datasets/data-final/英文/train_splits/dia1013_utt1.mp4,993105
datasets/data-final/英文/train_splits/dia1013_utt3.mp4,1860837
datasets/data-final/英文/train_splits/dia1014_utt1.mp4,1217021
datasets/data-final/英文/train_splits/dia1014_utt2.mp4,1452457
datasets/data-final/英文/train_splits/dia1015_utt0.mp4,926350
datasets/data-final/英文/train_splits/dia1015_utt2.mp4,534330
datasets/data-final/英文/train_splits/dia1015_utt3.mp4,995132
datasets/data-final/英文/train_splits/dia1015_utt7.mp4,816695
datasets/data-final/英文/train_splits/dia1015_utt9.mp4,1160376
datasets/data-final/英文/train_splits/dia1016_utt10.mp4,1078084
datasets/data-final/英文/train_splits/dia1016_utt11.mp4,853686
datasets/data-final/英文/train_splits/dia1016_utt12.mp4,458357
datasets/data-final/英文/train_splits/dia1016_utt14.mp4,1993038
datasets/data-final/英文/train_splits/dia1016_utt15.mp4,1123612
datasets/data-final/英文/train_splits/dia1016_utt17.mp4,631013
datasets/data-final/英文/train_splits/dia1016_utt18.mp4,1562229
datasets/data-final/英文/train_splits/dia1016_utt19.mp4,821979
datasets/data-final/英文/train_splits/dia1016_utt2.mp4,1712251
datasets/data-final/英文/train_splits/dia1016_utt20.mp4,1769449
datasets/data-final/英文/train_splits/dia1016_utt3.mp4,1027818
datasets/data-final/英文/train_splits/dia1016_utt4.mp4,442876
datasets/data-final/英文/train_splits/dia1016_utt5.mp4,1887228
datasets/data-final/英文/train_splits/dia1016_utt6.mp4,1205775
datasets/data-final/英文/train_splits/dia1017_utt11.mp4,932237
datasets/data-final/英文/train_splits/dia1017_utt2.mp4,555410
datasets/data-final/英文/train_splits/dia1017_utt3.mp4,1073639
datasets/data-final/英文/train_splits/dia1017_utt4.mp4,939858
datasets/data-final/英文/train_splits/dia1017_utt5.mp4,670148
datasets/data-final/英文/train_splits/dia1017_utt6.mp4,1124718
datasets/data-final/英文/train_splits/dia1017_utt7.mp4,1044549
datasets/data-final/英文/train_splits/dia1017_utt8.mp4,1162089
datasets/data-final/英文/train_splits/dia1018_utt0.mp4,912084
datasets/data-final/英文/train_splits/dia1018_utt14.mp4,796815
datasets/data-final/英文/train_splits/dia1018_utt3.mp4,1217391
datasets/data-final/英文/train_splits/dia1018_utt4.mp4,731874
datasets/data-final/英文/train_splits/dia1018_utt5.mp4,544946
datasets/data-final/英文/train_splits/dia1018_utt7.mp4,482624
datasets/data-final/英文/train_splits/dia1019_utt0.mp4,620759
datasets/data-final/英文/train_splits/dia1019_utt10.mp4,1519910
datasets/data-final/英文/train_splits/dia1019_utt11.mp4,2183958
datasets/data-final/英文/train_splits/dia1019_utt12.mp4,890530
datasets/data-final/英文/train_splits/dia1019_utt13.mp4,602161
datasets/data-final/英文/train_splits/dia1019_utt14.mp4,1192224
datasets/data-final/英文/train_splits/dia1019_utt2.mp4,628694
datasets/data-final/英文/train_splits/dia1019_utt3.mp4,573718
datasets/data-final/英文/train_splits/dia1019_utt4.mp4,621919
datasets/data-final/英文/train_splits/dia1019_utt5.mp4,675622
datasets/data-final/英文/train_splits/dia1019_utt6.mp4,499116
datasets/data-final/英文/train_splits/dia1019_utt7.mp4,489726
datasets/data-final/英文/train_splits/dia101_utt0.mp4,593980
datasets/data-final/英文/train_splits/dia1020_utt0.mp4,939480
datasets/data-final/英文/train_splits/dia1020_utt3.mp4,857135
datasets/data-final/英文/train_splits/dia1020_utt4.mp4,895613
datasets/data-final/英文/train_splits/dia1021_utt2.mp4,1467509
datasets/data-final/英文/train_splits/dia1021_utt6.mp4,519259
datasets/data-final/英文/train_splits/dia1022_utt1.mp4,1275638
datasets/data-final/英文/train_splits/dia1022_utt10.mp4,789767
datasets/data-final/英文/train_splits/dia1022_utt11.mp4,1280880
datasets/data-final/英文/train_splits/dia1022_utt12.mp4,781069
datasets/data-final/英文/train_splits/dia1022_utt15.mp4,1125368
datasets/data-final/英文/train_splits/dia1022_utt16.mp4,1934794
datasets/data-final/英文/train_splits/dia1022_utt3.mp4,939520
datasets/data-final/英文/train_splits/dia1022_utt5.mp4,943605
datasets/data-final/英文/train_splits/dia1022_utt6.mp4,767194
datasets/data-final/英文/train_splits/dia1023_utt1.mp4,967286
datasets/data-final/英文/train_splits/dia1023_utt2.mp4,899403
datasets/data-final/英文/train_splits/dia1023_utt4.mp4,1581839
datasets/data-final/英文/train_splits/dia1023_utt5.mp4,860800
datasets/data-final/英文/train_splits/dia1023_utt6.mp4,609108
datasets/data-final/英文/train_splits/dia1024_utt15.mp4,2585590
datasets/data-final/英文/train_splits/dia1024_utt3.mp4,1776688
datasets/data-final/英文/train_splits/dia1024_utt5.mp4,1393560
datasets/data-final/英文/train_splits/dia1024_utt7.mp4,830028
datasets/data-final/英文/train_splits/dia1025_utt0.mp4,655119
datasets/data-final/英文/train_splits/dia1025_utt11.mp4,1862858
datasets/data-final/英文/train_splits/dia1025_utt12.mp4,803530
datasets/data-final/英文/train_splits/dia1025_utt16.mp4,742535
datasets/data-final/英文/train_splits/dia1025_utt17.mp4,997525
datasets/data-final/英文/train_splits/dia1025_utt4.mp4,931241
datasets/data-final/英文/train_splits/dia1025_utt5.mp4,678274
datasets/data-final/英文/train_splits/dia1025_utt6.mp4,809210
datasets/data-final/英文/train_splits/dia1025_utt7.mp4,666428
datasets/data-final/英文/train_splits/dia1026_utt1.mp4,1073094
datasets/data-final/英文/train_splits/dia1026_utt10.mp4,1143664
datasets/data-final/英文/train_splits/dia1026_utt11.mp4,556578
datasets/data-final/英文/train_splits/dia1026_utt12.mp4,461702
datasets/data-final/英文/train_splits/dia1026_utt13.mp4,1285303
datasets/data-final/英文/train_splits/dia1026_utt15.mp4,374433
datasets/data-final/英文/train_splits/dia1026_utt2.mp4,510314
datasets/data-final/英文/train_splits/dia1026_utt3.mp4,641487
datasets/data-final/英文/train_splits/dia1026_utt5.mp4,863719
datasets/data-final/英文/train_splits/dia1027_utt1.mp4,1061597
datasets/data-final/英文/train_splits/dia1027_utt2.mp4,2040538
datasets/data-final/英文/train_splits/dia1027_utt3.mp4,1405370
datasets/data-final/英文/train_splits/dia1027_utt5.mp4,1627725
datasets/data-final/英文/train_splits/dia1027_utt6.mp4,1252152
datasets/data-final/英文/train_splits/dia1028_utt0.mp4,1511865
datasets/data-final/英文/train_splits/dia1028_utt1.mp4,739495
datasets/data-final/英文/train_splits/dia1028_utt2.mp4,1072168
datasets/data-final/英文/train_splits/dia1028_utt4.mp4,1206094
datasets/data-final/英文/train_splits/dia1029_utt1.mp4,3323104
datasets/data-final/英文/train_splits/dia1029_utt11.mp4,1748163
datasets/data-final/英文/train_splits/dia1029_utt12.mp4,1261829
datasets/data-final/英文/train_splits/dia1029_utt14.mp4,673063
datasets/data-final/英文/train_splits/dia1029_utt8.mp4,3196932
datasets/data-final/英文/train_splits/dia1029_utt9.mp4,2399814
datasets/data-final/英文/train_splits/dia102_utt0.mp4,1949305
datasets/data-final/英文/train_splits/dia102_utt2.mp4,545823
datasets/data-final/英文/train_splits/dia1030_utt4.mp4,1019128
datasets/data-final/英文/train_splits/dia1030_utt5.mp4,952903
datasets/data-final/英文/train_splits/dia1031_utt0.mp4,819290
datasets/data-final/英文/train_splits/dia1031_utt1.mp4,601617
datasets/data-final/英文/train_splits/dia1031_utt2.mp4,1128194
datasets/data-final/英文/train_splits/dia1031_utt3.mp4,781898
datasets/data-final/英文/train_splits/dia1032_utt0.mp4,485131
datasets/data-final/英文/train_splits/dia1032_utt1.mp4,993677
datasets/data-final/英文/train_splits/dia1032_utt2.mp4,989885
datasets/data-final/英文/train_splits/dia1032_utt3.mp4,520157
datasets/data-final/英文/train_splits/dia1032_utt4.mp4,890761
datasets/data-final/英文/train_splits/dia1032_utt5.mp4,717797
datasets/data-final/英文/train_splits/dia1032_utt7.mp4,1410491
datasets/data-final/英文/train_splits/dia1032_utt9.mp4,896244
datasets/data-final/英文/train_splits/dia1033_utt1.mp4,476843
datasets/data-final/英文/train_splits/dia1033_utt2.mp4,1217271
datasets/data-final/英文/train_splits/dia1033_utt3.mp4,521891
datasets/data-final/英文/train_splits/dia1034_utt0.mp4,945416
datasets/data-final/英文/train_splits/dia1035_utt1.mp4,1127097
datasets/data-final/英文/train_splits/dia1035_utt5.mp4,992347
datasets/data-final/英文/train_splits/dia1035_utt6.mp4,792927
datasets/data-final/英文/train_splits/dia1036_utt0.mp4,2816814
datasets/data-final/英文/train_splits/dia1036_utt1.mp4,1679036
datasets/data-final/英文/train_splits/dia1036_utt16.mp4,2784255
datasets/data-final/英文/train_splits/dia1036_utt20.mp4,2982895
datasets/data-final/英文/train_splits/dia1036_utt3.mp4,1153417
datasets/data-final/英文/train_splits/dia1036_utt7.mp4,1352081
datasets/data-final/英文/train_splits/dia1037_utt2.mp4,2102991
datasets/data-final/英文/train_splits/dia1038_utt11.mp4,1971219
datasets/data-final/英文/train_splits/dia1038_utt14.mp4,498965
datasets/data-final/英文/train_splits/dia1038_utt15.mp4,720877
datasets/data-final/英文/train_splits/dia1038_utt17.mp4,1046419
datasets/data-final/英文/train_splits/dia1038_utt4.mp4,564323
datasets/data-final/英文/train_splits/dia1038_utt5.mp4,1040469
datasets/data-final/英文/train_splits/dia1038_utt7.mp4,721830
datasets/data-final/英文/train_splits/dia1038_utt8.mp4,1009360
datasets/data-final/英文/train_splits/dia103_utt0.mp4,627560
datasets/data-final/英文/train_splits/dia103_utt1.mp4,1408500
datasets/data-final/英文/train_splits/dia103_utt3.mp4,286959
datasets/data-final/英文/train_splits/dia103_utt4.mp4,614632
datasets/data-final/英文/train_splits/dia103_utt5.mp4,582755
datasets/data-final/英文/train_splits/dia103_utt7.mp4,1177901
datasets/data-final/英文/train_splits/dia104_utt0.mp4,1125994
datasets/data-final/英文/train_splits/dia106_utt0.mp4,682132
datasets/data-final/英文/train_splits/dia106_utt2.mp4,1243090
datasets/data-final/英文/train_splits/dia106_utt3.mp4,755551
datasets/data-final/英文/train_splits/dia106_utt5.mp4,532772
datasets/data-final/英文/train_splits/dia107_utt10.mp4,3074114
datasets/data-final/英文/train_splits/dia107_utt4.mp4,656467
datasets/data-final/英文/train_splits/dia107_utt5.mp4,1148489
datasets/data-final/英文/train_splits/dia107_utt9.mp4,1595061
datasets/data-final/英文/train_splits/dia108_utt0.mp4,1681624
datasets/data-final/英文/train_splits/dia108_utt2.mp4,818729
datasets/data-final/英文/train_splits/dia108_utt4.mp4,273059
datasets/data-final/英文/train_splits/dia108_utt5.mp4,666769
datasets/data-final/英文/train_splits/dia108_utt6.mp4,1453857
datasets/data-final/英文/train_splits/dia109_utt0.mp4,1444780
datasets/data-final/英文/train_splits/dia109_utt12.mp4,746287
datasets/data-final/英文/train_splits/dia109_utt13.mp4,2246705
datasets/data-final/英文/train_splits/dia109_utt17.mp4,1142323
datasets/data-final/英文/train_splits/dia109_utt18.mp4,738593
datasets/data-final/英文/train_splits/dia109_utt21.mp4,430598
datasets/data-final/英文/train_splits/dia109_utt3.mp4,662952
datasets/data-final/英文/train_splits/dia109_utt5.mp4,1368240
datasets/data-final/英文/train_splits/dia109_utt6.mp4,1060994
datasets/data-final/英文/train_splits/dia109_utt7.mp4,822429
datasets/data-final/英文/train_splits/dia109_utt8.mp4,1068700
datasets/data-final/英文/train_splits/dia109_utt9.mp4,892081
datasets/data-final/英文/train_splits/dia10_utt4.mp4,1303400
datasets/data-final/英文/train_splits/dia110_utt2.mp4,1116189
datasets/data-final/英文/train_splits/dia111_utt13.mp4,501603
datasets/data-final/英文/train_splits/dia111_utt14.mp4,5902460
datasets/data-final/英文/train_splits/dia111_utt15.mp4,1188025
datasets/data-final/英文/train_splits/dia111_utt17.mp4,3526749
datasets/data-final/英文/train_splits/dia111_utt3.mp4,1489701
datasets/data-final/英文/train_splits/dia111_utt4.mp4,1339072
datasets/data-final/英文/train_splits/dia111_utt5.mp4,1836945
datasets/data-final/英文/train_splits/dia111_utt7.mp4,726351
datasets/data-final/英文/train_splits/dia112_utt1.mp4,607549
datasets/data-final/英文/train_splits/dia112_utt2.mp4,852206
datasets/data-final/英文/train_splits/dia112_utt3.mp4,1589247
datasets/data-final/英文/train_splits/dia112_utt4.mp4,1690960
datasets/data-final/英文/train_splits/dia113_utt0.mp4,1176632
datasets/data-final/英文/train_splits/dia113_utt10.mp4,870268
datasets/data-final/英文/train_splits/dia113_utt4.mp4,676279
datasets/data-final/英文/train_splits/dia113_utt5.mp4,1526622
datasets/data-final/英文/train_splits/dia113_utt6.mp4,705777
datasets/data-final/英文/train_splits/dia113_utt7.mp4,1023320
datasets/data-final/英文/train_splits/dia113_utt9.mp4,1740187
datasets/data-final/英文/train_splits/dia114_utt1.mp4,915385
datasets/data-final/英文/train_splits/dia114_utt2.mp4,643852
datasets/data-final/英文/train_splits/dia114_utt3.mp4,790908
datasets/data-final/英文/train_splits/dia114_utt4.mp4,637780
datasets/data-final/英文/train_splits/dia115_utt1.mp4,2649626
datasets/data-final/英文/train_splits/dia115_utt2.mp4,1953380
datasets/data-final/英文/train_splits/dia116_utt0.mp4,805569
datasets/data-final/英文/train_splits/dia116_utt1.mp4,943418
datasets/data-final/英文/train_splits/dia116_utt2.mp4,1235119
datasets/data-final/英文/train_splits/dia116_utt3.mp4,1024091
datasets/data-final/英文/train_splits/dia116_utt5.mp4,1782654
datasets/data-final/英文/train_splits/dia116_utt6.mp4,760019
datasets/data-final/英文/train_splits/dia116_utt7.mp4,1696757
datasets/data-final/英文/train_splits/dia117_utt1.mp4,637124
datasets/data-final/英文/train_splits/dia117_utt3.mp4,648725
datasets/data-final/英文/train_splits/dia118_utt0.mp4,962034
datasets/data-final/英文/train_splits/dia118_utt3.mp4,652803
datasets/data-final/英文/train_splits/dia118_utt5.mp4,769218
datasets/data-final/英文/train_splits/dia119_utt1.mp4,645005
datasets/data-final/英文/train_splits/dia119_utt10.mp4,435770
datasets/data-final/英文/train_splits/dia119_utt4.mp4,1212346
datasets/data-final/英文/train_splits/dia119_utt6.mp4,1110559
datasets/data-final/英文/train_splits/dia119_utt7.mp4,997538
datasets/data-final/英文/train_splits/dia119_utt8.mp4,661645
datasets/data-final/英文/train_splits/dia119_utt9.mp4,488703
datasets/data-final/英文/train_splits/dia11_utt1.mp4,841091
datasets/data-final/英文/train_splits/dia11_utt2.mp4,712356
datasets/data-final/英文/train_splits/dia11_utt3.mp4,968198
datasets/data-final/英文/train_splits/dia11_utt9.mp4,1610426
datasets/data-final/英文/train_splits/dia120_utt0.mp4,952758
datasets/data-final/英文/train_splits/dia120_utt1.mp4,1501148
datasets/data-final/英文/train_splits/dia120_utt10.mp4,2686272
datasets/data-final/英文/train_splits/dia120_utt3.mp4,605229
datasets/data-final/英文/train_splits/dia120_utt4.mp4,830405
datasets/data-final/英文/train_splits/dia121_utt0.mp4,1179123
datasets/data-final/英文/train_splits/dia121_utt4.mp4,1740024
datasets/data-final/英文/train_splits/dia121_utt5.mp4,1935005
datasets/data-final/英文/train_splits/dia122_utt0.mp4,2875999
datasets/data-final/英文/train_splits/dia122_utt1.mp4,1118991
datasets/data-final/英文/train_splits/dia122_utt10.mp4,1597293
datasets/data-final/英文/train_splits/dia122_utt11.mp4,353708
datasets/data-final/英文/train_splits/dia122_utt12.mp4,156662
datasets/data-final/英文/train_splits/dia122_utt13.mp4,2704488
datasets/data-final/英文/train_splits/dia122_utt14.mp4,1342792
datasets/data-final/英文/train_splits/dia122_utt2.mp4,955091
datasets/data-final/英文/train_splits/dia122_utt4.mp4,868162
datasets/data-final/英文/train_splits/dia122_utt6.mp4,1158436
datasets/data-final/英文/train_splits/dia122_utt7.mp4,2201352
datasets/data-final/英文/train_splits/dia122_utt8.mp4,836729
datasets/data-final/英文/train_splits/dia122_utt9.mp4,1766778
datasets/data-final/英文/train_splits/dia123_utt0.mp4,464817
datasets/data-final/英文/train_splits/dia123_utt1.mp4,621687
datasets/data-final/英文/train_splits/dia123_utt10.mp4,586592
datasets/data-final/英文/train_splits/dia123_utt3.mp4,633324
datasets/data-final/英文/train_splits/dia123_utt6.mp4,451792
datasets/data-final/英文/train_splits/dia123_utt7.mp4,595597
datasets/data-final/英文/train_splits/dia123_utt8.mp4,449806
datasets/data-final/英文/train_splits/dia124_utt0.mp4,1097990
datasets/data-final/英文/train_splits/dia124_utt11.mp4,2385603
datasets/data-final/英文/train_splits/dia124_utt2.mp4,847261
datasets/data-final/英文/train_splits/dia124_utt4.mp4,1746395
datasets/data-final/英文/train_splits/dia124_utt5.mp4,1141947
datasets/data-final/英文/train_splits/dia124_utt6.mp4,1152615
datasets/data-final/英文/train_splits/dia124_utt7.mp4,1167330
datasets/data-final/英文/train_splits/dia124_utt8.mp4,556602
datasets/data-final/英文/train_splits/dia125_utt0.mp4,1141127
datasets/data-final/英文/train_splits/dia125_utt1.mp4,767672
datasets/data-final/英文/train_splits/dia125_utt3.mp4,1938321
datasets/data-final/英文/train_splits/dia125_utt4.mp4,916727
datasets/data-final/英文/train_splits/dia126_utt0.mp4,3895672
datasets/data-final/英文/train_splits/dia126_utt2.mp4,1202176
datasets/data-final/英文/train_splits/dia126_utt4.mp4,1641588
datasets/data-final/英文/train_splits/dia126_utt5.mp4,2719378
datasets/data-final/英文/train_splits/dia126_utt6.mp4,926454
datasets/data-final/英文/train_splits/dia126_utt7.mp4,1074885
datasets/data-final/英文/train_splits/dia127_utt0.mp4,346625
datasets/data-final/英文/train_splits/dia127_utt3.mp4,542947
datasets/data-final/英文/train_splits/dia127_utt4.mp4,2542008
datasets/data-final/英文/train_splits/dia128_utt2.mp4,825393
datasets/data-final/英文/train_splits/dia128_utt3.mp4,195170
datasets/data-final/英文/train_splits/dia128_utt4.mp4,400520
datasets/data-final/英文/train_splits/dia128_utt6.mp4,177426
datasets/data-final/英文/train_splits/dia128_utt7.mp4,621618
datasets/data-final/英文/train_splits/dia128_utt9.mp4,417875
datasets/data-final/英文/train_splits/dia129_utt1.mp4,1977445
datasets/data-final/英文/train_splits/dia129_utt10.mp4,1012393
datasets/data-final/英文/train_splits/dia129_utt2.mp4,883680
datasets/data-final/英文/train_splits/dia129_utt4.mp4,1689642
datasets/data-final/英文/train_splits/dia129_utt5.mp4,1223780
datasets/data-final/英文/train_splits/dia12_utt1.mp4,1936446
datasets/data-final/英文/train_splits/dia12_utt11.mp4,1216167
datasets/data-final/英文/train_splits/dia12_utt2.mp4,584679
datasets/data-final/英文/train_splits/dia12_utt6.mp4,2240704
datasets/data-final/英文/train_splits/dia12_utt7.mp4,607768
datasets/data-final/英文/train_splits/dia12_utt8.mp4,605848
datasets/data-final/英文/train_splits/dia12_utt9.mp4,1674281
datasets/data-final/英文/train_splits/dia130_utt0.mp4,546669
datasets/data-final/英文/train_splits/dia130_utt1.mp4,3300544
datasets/data-final/英文/train_splits/dia130_utt10.mp4,497204
datasets/data-final/英文/train_splits/dia130_utt11.mp4,1204770
datasets/data-final/英文/train_splits/dia130_utt12.mp4,783379
datasets/data-final/英文/train_splits/dia130_utt3.mp4,1763475
datasets/data-final/英文/train_splits/dia130_utt6.mp4,710803
datasets/data-final/英文/train_splits/dia130_utt8.mp4,1050203
datasets/data-final/英文/train_splits/dia130_utt9.mp4,1201330
datasets/data-final/英文/train_splits/dia131_utt0.mp4,2760597
datasets/data-final/英文/train_splits/dia132_utt0.mp4,967697
datasets/data-final/英文/train_splits/dia132_utt1.mp4,1127302
datasets/data-final/英文/train_splits/dia132_utt6.mp4,669529
datasets/data-final/英文/train_splits/dia132_utt7.mp4,671364
datasets/data-final/英文/train_splits/dia135_utt2.mp4,1971785
datasets/data-final/英文/train_splits/dia135_utt6.mp4,587319
datasets/data-final/英文/train_splits/dia135_utt7.mp4,655587
datasets/data-final/英文/train_splits/dia136_utt4.mp4,903098
datasets/data-final/英文/train_splits/dia136_utt5.mp4,552714
datasets/data-final/英文/train_splits/dia137_utt2.mp4,414723
datasets/data-final/英文/train_splits/dia137_utt3.mp4,2137547
datasets/data-final/英文/train_splits/dia137_utt5.mp4,554295
datasets/data-final/英文/train_splits/dia137_utt6.mp4,654372
datasets/data-final/英文/train_splits/dia137_utt7.mp4,451836
datasets/data-final/英文/train_splits/dia138_utt0.mp4,897095
datasets/data-final/英文/train_splits/dia138_utt1.mp4,982425
datasets/data-final/英文/train_splits/dia138_utt10.mp4,1680165
datasets/data-final/英文/train_splits/dia138_utt11.mp4,1405106
datasets/data-final/英文/train_splits/dia138_utt12.mp4,1572926
datasets/data-final/英文/train_splits/dia138_utt14.mp4,1465273
datasets/data-final/英文/train_splits/dia138_utt15.mp4,676045
datasets/data-final/英文/train_splits/dia138_utt4.mp4,564459
datasets/data-final/英文/train_splits/dia138_utt5.mp4,772045
datasets/data-final/英文/train_splits/dia138_utt7.mp4,1158023
datasets/data-final/英文/train_splits/dia139_utt0.mp4,1018984
datasets/data-final/英文/train_splits/dia139_utt3.mp4,1725221
datasets/data-final/英文/train_splits/dia139_utt5.mp4,2300673
datasets/data-final/英文/train_splits/dia13_utt0.mp4,934701
datasets/data-final/英文/train_splits/dia13_utt1.mp4,1855255
datasets/data-final/英文/train_splits/dia13_utt2.mp4,1356423
datasets/data-final/英文/train_splits/dia140_utt0.mp4,1364575
datasets/data-final/英文/train_splits/dia140_utt1.mp4,1842271
datasets/data-final/英文/train_splits/dia140_utt2.mp4,1519553
datasets/data-final/英文/train_splits/dia141_utt0.mp4,593247
datasets/data-final/英文/train_splits/dia141_utt1.mp4,384020
datasets/data-final/英文/train_splits/dia141_utt4.mp4,507792
datasets/data-final/英文/train_splits/dia141_utt5.mp4,796128
datasets/data-final/英文/train_splits/dia141_utt7.mp4,822475
datasets/data-final/英文/train_splits/dia142_utt0.mp4,1597169
datasets/data-final/英文/train_splits/dia143_utt0.mp4,681892
datasets/data-final/英文/train_splits/dia143_utt1.mp4,624974
datasets/data-final/英文/train_splits/dia143_utt2.mp4,641647
datasets/data-final/英文/train_splits/dia143_utt3.mp4,1014771
datasets/data-final/英文/train_splits/dia144_utt1.mp4,566507
datasets/data-final/英文/train_splits/dia144_utt3.mp4,1363267
datasets/data-final/英文/train_splits/dia145_utt0.mp4,2920943
datasets/data-final/英文/train_splits/dia145_utt11.mp4,716441
datasets/data-final/英文/train_splits/dia145_utt15.mp4,1663190
datasets/data-final/英文/train_splits/dia145_utt17.mp4,1053585
datasets/data-final/英文/train_splits/dia145_utt18.mp4,562597
datasets/data-final/英文/train_splits/dia145_utt5.mp4,596054
datasets/data-final/英文/train_splits/dia145_utt6.mp4,1506589
datasets/data-final/英文/train_splits/dia145_utt7.mp4,2791070
datasets/data-final/英文/train_splits/dia145_utt8.mp4,2082316
datasets/data-final/英文/train_splits/dia145_utt9.mp4,668617
datasets/data-final/英文/train_splits/dia146_utt0.mp4,954676
datasets/data-final/英文/train_splits/dia146_utt1.mp4,2360060
datasets/data-final/英文/train_splits/dia146_utt11.mp4,2046016
datasets/data-final/英文/train_splits/dia146_utt12.mp4,1779665
datasets/data-final/英文/train_splits/dia146_utt2.mp4,1074141
datasets/data-final/英文/train_splits/dia146_utt7.mp4,470585
datasets/data-final/英文/train_splits/dia147_utt0.mp4,790318
datasets/data-final/英文/train_splits/dia147_utt1.mp4,1087257
datasets/data-final/英文/train_splits/dia147_utt11.mp4,916516
datasets/data-final/英文/train_splits/dia147_utt2.mp4,869096
datasets/data-final/英文/train_splits/dia147_utt3.mp4,1274113
datasets/data-final/英文/train_splits/dia147_utt6.mp4,1094391
datasets/data-final/英文/train_splits/dia147_utt7.mp4,849066
datasets/data-final/英文/train_splits/dia147_utt8.mp4,1090737
datasets/data-final/英文/train_splits/dia148_utt0.mp4,760347
datasets/data-final/英文/train_splits/dia148_utt10.mp4,641071
datasets/data-final/英文/train_splits/dia148_utt12.mp4,726745
datasets/data-final/英文/train_splits/dia148_utt17.mp4,849638
datasets/data-final/英文/train_splits/dia148_utt18.mp4,1378067
datasets/data-final/英文/train_splits/dia148_utt19.mp4,887655
datasets/data-final/英文/train_splits/dia148_utt2.mp4,993269
datasets/data-final/英文/train_splits/dia148_utt3.mp4,943562
datasets/data-final/英文/train_splits/dia148_utt4.mp4,715853
datasets/data-final/英文/train_splits/dia148_utt6.mp4,1757383
datasets/data-final/英文/train_splits/dia149_utt0.mp4,1000472
datasets/data-final/英文/train_splits/dia149_utt1.mp4,837357
datasets/data-final/英文/train_splits/dia149_utt2.mp4,1624420
datasets/data-final/英文/train_splits/dia14_utt0.mp4,2255826
datasets/data-final/英文/train_splits/dia14_utt2.mp4,1474929
datasets/data-final/英文/train_splits/dia14_utt5.mp4,691209
datasets/data-final/英文/train_splits/dia150_utt1.mp4,606473
datasets/data-final/英文/train_splits/dia150_utt2.mp4,992403
datasets/data-final/英文/train_splits/dia150_utt3.mp4,307223
datasets/data-final/英文/train_splits/dia151_utt0.mp4,806687
datasets/data-final/英文/train_splits/dia151_utt11.mp4,552190
datasets/data-final/英文/train_splits/dia151_utt15.mp4,1045995
datasets/data-final/英文/train_splits/dia151_utt16.mp4,748817
datasets/data-final/英文/train_splits/dia151_utt17.mp4,1117540
datasets/data-final/英文/train_splits/dia151_utt2.mp4,1022781
datasets/data-final/英文/train_splits/dia151_utt3.mp4,1387037
datasets/data-final/英文/train_splits/dia151_utt6.mp4,640101
datasets/data-final/英文/train_splits/dia151_utt7.mp4,1079938
datasets/data-final/英文/train_splits/dia151_utt9.mp4,2622784
datasets/data-final/英文/train_splits/dia152_utt1.mp4,1096995
datasets/data-final/英文/train_splits/dia152_utt11.mp4,2413098
datasets/data-final/英文/train_splits/dia152_utt4.mp4,1046265
datasets/data-final/英文/train_splits/dia152_utt5.mp4,789112
datasets/data-final/英文/train_splits/dia153_utt0.mp4,2243683
datasets/data-final/英文/train_splits/dia153_utt1.mp4,1630637
datasets/data-final/英文/train_splits/dia153_utt10.mp4,479530
datasets/data-final/英文/train_splits/dia153_utt4.mp4,863813
datasets/data-final/英文/train_splits/dia153_utt7.mp4,3858598
datasets/data-final/英文/train_splits/dia153_utt8.mp4,5545235
datasets/data-final/英文/train_splits/dia153_utt9.mp4,1165112
datasets/data-final/英文/train_splits/dia154_utt0.mp4,686658
datasets/data-final/英文/train_splits/dia154_utt1.mp4,1704438
datasets/data-final/英文/train_splits/dia154_utt4.mp4,717456
datasets/data-final/英文/train_splits/dia154_utt6.mp4,660610
datasets/data-final/英文/train_splits/dia154_utt7.mp4,465639
datasets/data-final/英文/train_splits/dia155_utt10.mp4,406034
datasets/data-final/英文/train_splits/dia155_utt2.mp4,530597
datasets/data-final/英文/train_splits/dia155_utt6.mp4,1096595
datasets/data-final/英文/train_splits/dia155_utt7.mp4,814282
datasets/data-final/英文/train_splits/dia156_utt0.mp4,1500369
datasets/data-final/英文/train_splits/dia156_utt2.mp4,601114
datasets/data-final/英文/train_splits/dia156_utt3.mp4,1277259
datasets/data-final/英文/train_splits/dia156_utt4.mp4,710210
datasets/data-final/英文/train_splits/dia156_utt5.mp4,871229
datasets/data-final/英文/train_splits/dia156_utt6.mp4,1095503
datasets/data-final/英文/train_splits/dia157_utt0.mp4,640944
datasets/data-final/英文/train_splits/dia157_utt1.mp4,890160
datasets/data-final/英文/train_splits/dia158_utt1.mp4,417910
datasets/data-final/英文/train_splits/dia158_utt7.mp4,1050044
datasets/data-final/英文/train_splits/dia158_utt8.mp4,680088
datasets/data-final/英文/train_splits/dia159_utt3.mp4,1287588
datasets/data-final/英文/train_splits/dia159_utt5.mp4,716943
datasets/data-final/英文/train_splits/dia159_utt7.mp4,1101344
datasets/data-final/英文/train_splits/dia15_utt10.mp4,1461367
datasets/data-final/英文/train_splits/dia15_utt11.mp4,940289
datasets/data-final/英文/train_splits/dia15_utt12.mp4,1321238
datasets/data-final/英文/train_splits/dia15_utt13.mp4,606588
datasets/data-final/英文/train_splits/dia15_utt18.mp4,605491
datasets/data-final/英文/train_splits/dia15_utt2.mp4,2653765
datasets/data-final/英文/train_splits/dia15_utt21.mp4,1177963
datasets/data-final/英文/train_splits/dia15_utt3.mp4,788522
datasets/data-final/英文/train_splits/dia15_utt4.mp4,1292742
datasets/data-final/英文/train_splits/dia15_utt5.mp4,1954742
datasets/data-final/英文/train_splits/dia15_utt6.mp4,645800
datasets/data-final/英文/train_splits/dia15_utt7.mp4,718965
datasets/data-final/英文/train_splits/dia160_utt10.mp4,2099797
datasets/data-final/英文/train_splits/dia160_utt12.mp4,1273385
datasets/data-final/英文/train_splits/dia160_utt7.mp4,390768
datasets/data-final/英文/train_splits/dia160_utt8.mp4,1241330
datasets/data-final/英文/train_splits/dia161_utt4.mp4,636557
datasets/data-final/英文/train_splits/dia163_utt0.mp4,653187
datasets/data-final/英文/train_splits/dia163_utt1.mp4,914680
datasets/data-final/英文/train_splits/dia163_utt8.mp4,979693
datasets/data-final/英文/train_splits/dia163_utt9.mp4,719056
datasets/data-final/英文/train_splits/dia164_utt0.mp4,1546986
datasets/data-final/英文/train_splits/dia164_utt2.mp4,1593390
datasets/data-final/英文/train_splits/dia164_utt5.mp4,3097082
datasets/data-final/英文/train_splits/dia164_utt9.mp4,3017248
datasets/data-final/英文/train_splits/dia165_utt0.mp4,941334
datasets/data-final/英文/train_splits/dia165_utt10.mp4,724348
datasets/data-final/英文/train_splits/dia165_utt16.mp4,889153
datasets/data-final/英文/train_splits/dia165_utt19.mp4,1042981
datasets/data-final/英文/train_splits/dia165_utt3.mp4,2364832
datasets/data-final/英文/train_splits/dia165_utt4.mp4,801706
datasets/data-final/英文/train_splits/dia165_utt5.mp4,649154
datasets/data-final/英文/train_splits/dia165_utt8.mp4,1921943
datasets/data-final/英文/train_splits/dia166_utt0.mp4,1083550
datasets/data-final/英文/train_splits/dia167_utt0.mp4,2087610
datasets/data-final/英文/train_splits/dia167_utt10.mp4,1681697
datasets/data-final/英文/train_splits/dia167_utt11.mp4,1736804
datasets/data-final/英文/train_splits/dia167_utt12.mp4,899814
datasets/data-final/英文/train_splits/dia167_utt2.mp4,1076235
datasets/data-final/英文/train_splits/dia167_utt4.mp4,984566
datasets/data-final/英文/train_splits/dia167_utt5.mp4,579243
datasets/data-final/英文/train_splits/dia167_utt7.mp4,2177793
datasets/data-final/英文/train_splits/dia167_utt8.mp4,924503
datasets/data-final/英文/train_splits/dia167_utt9.mp4,1153032
datasets/data-final/英文/train_splits/dia168_utt12.mp4,943616
datasets/data-final/英文/train_splits/dia168_utt13.mp4,472330
datasets/data-final/英文/train_splits/dia168_utt2.mp4,813039
datasets/data-final/英文/train_splits/dia168_utt7.mp4,476515
datasets/data-final/英文/train_splits/dia168_utt8.mp4,1454168
datasets/data-final/英文/train_splits/dia169_utt1.mp4,1217831
datasets/data-final/英文/train_splits/dia169_utt2.mp4,1220696
datasets/data-final/英文/train_splits/dia16_utt4.mp4,741651
datasets/data-final/英文/train_splits/dia16_utt5.mp4,729703
datasets/data-final/英文/train_splits/dia170_utt0.mp4,752687
datasets/data-final/英文/train_splits/dia170_utt1.mp4,575438
datasets/data-final/英文/train_splits/dia170_utt11.mp4,1543539
datasets/data-final/英文/train_splits/dia170_utt3.mp4,854306
datasets/data-final/英文/train_splits/dia170_utt6.mp4,1495658
datasets/data-final/英文/train_splits/dia170_utt9.mp4,1302912
datasets/data-final/英文/train_splits/dia171_utt1.mp4,3182133
datasets/data-final/英文/train_splits/dia171_utt3.mp4,1915981
datasets/data-final/英文/train_splits/dia171_utt6.mp4,708130
datasets/data-final/英文/train_splits/dia172_utt0.mp4,575698
datasets/data-final/英文/train_splits/dia172_utt4.mp4,794953
datasets/data-final/英文/train_splits/dia172_utt5.mp4,675018
datasets/data-final/英文/train_splits/dia173_utt0.mp4,2714170
datasets/data-final/英文/train_splits/dia173_utt3.mp4,1446175
datasets/data-final/英文/train_splits/dia173_utt4.mp4,1632475
datasets/data-final/英文/train_splits/dia173_utt6.mp4,1781656
datasets/data-final/英文/train_splits/dia174_utt2.mp4,658200
datasets/data-final/英文/train_splits/dia174_utt3.mp4,1508805
datasets/data-final/英文/train_splits/dia174_utt4.mp4,519137
datasets/data-final/英文/train_splits/dia174_utt5.mp4,831456
datasets/data-final/英文/train_splits/dia174_utt6.mp4,596284
datasets/data-final/英文/train_splits/dia175_utt1.mp4,709459
datasets/data-final/英文/train_splits/dia175_utt11.mp4,1064205
datasets/data-final/英文/train_splits/dia175_utt2.mp4,869955
datasets/data-final/英文/train_splits/dia175_utt3.mp4,2657581
datasets/data-final/英文/train_splits/dia175_utt4.mp4,688976
datasets/data-final/英文/train_splits/dia175_utt5.mp4,665986
datasets/data-final/英文/train_splits/dia175_utt9.mp4,977268
datasets/data-final/英文/train_splits/dia176_utt10.mp4,844107
datasets/data-final/英文/train_splits/dia176_utt2.mp4,662023
datasets/data-final/英文/train_splits/dia176_utt6.mp4,1633516
datasets/data-final/英文/train_splits/dia176_utt7.mp4,947859
datasets/data-final/英文/train_splits/dia176_utt8.mp4,1684325
datasets/data-final/英文/train_splits/dia176_utt9.mp4,652358
datasets/data-final/英文/train_splits/dia177_utt1.mp4,1594940
datasets/data-final/英文/train_splits/dia177_utt2.mp4,530488
datasets/data-final/英文/train_splits/dia177_utt3.mp4,1818372
datasets/data-final/英文/train_splits/dia177_utt5.mp4,1674036
datasets/data-final/英文/train_splits/dia177_utt6.mp4,469338
datasets/data-final/英文/train_splits/dia177_utt7.mp4,993315
datasets/data-final/英文/train_splits/dia178_utt1.mp4,1130640
datasets/data-final/英文/train_splits/dia179_utt10.mp4,549652
datasets/data-final/英文/train_splits/dia179_utt11.mp4,806389
datasets/data-final/英文/train_splits/dia179_utt17.mp4,675449
datasets/data-final/英文/train_splits/dia179_utt19.mp4,692134
datasets/data-final/英文/train_splits/dia17_utt0.mp4,718088
datasets/data-final/英文/train_splits/dia17_utt1.mp4,838218
datasets/data-final/英文/train_splits/dia17_utt2.mp4,456830
datasets/data-final/英文/train_splits/dia17_utt4.mp4,644549
datasets/data-final/英文/train_splits/dia17_utt6.mp4,639372
datasets/data-final/英文/train_splits/dia180_utt10.mp4,736071
datasets/data-final/英文/train_splits/dia180_utt11.mp4,1352273
datasets/data-final/英文/train_splits/dia180_utt12.mp4,791836
datasets/data-final/英文/train_splits/dia180_utt14.mp4,893910
datasets/data-final/英文/train_splits/dia180_utt15.mp4,503580
datasets/data-final/英文/train_splits/dia180_utt4.mp4,643912
datasets/data-final/英文/train_splits/dia180_utt5.mp4,861672
datasets/data-final/英文/train_splits/dia180_utt6.mp4,1031915
datasets/data-final/英文/train_splits/dia180_utt9.mp4,620713
datasets/data-final/英文/train_splits/dia181_utt0.mp4,1342730
datasets/data-final/英文/train_splits/dia181_utt1.mp4,768722
datasets/data-final/英文/train_splits/dia181_utt2.mp4,1125096
datasets/data-final/英文/train_splits/dia181_utt4.mp4,2668306
datasets/data-final/英文/train_splits/dia182_utt1.mp4,962980
datasets/data-final/英文/train_splits/dia182_utt10.mp4,1464702
datasets/data-final/英文/train_splits/dia182_utt13.mp4,772331
datasets/data-final/英文/train_splits/dia182_utt15.mp4,1420815
datasets/data-final/英文/train_splits/dia182_utt3.mp4,1337215
datasets/data-final/英文/train_splits/dia182_utt5.mp4,961909
datasets/data-final/英文/train_splits/dia182_utt6.mp4,650251
datasets/data-final/英文/train_splits/dia182_utt7.mp4,596681
datasets/data-final/英文/train_splits/dia183_utt11.mp4,1547303
datasets/data-final/英文/train_splits/dia183_utt13.mp4,1008082
datasets/data-final/英文/train_splits/dia183_utt14.mp4,2009423
datasets/data-final/英文/train_splits/dia183_utt19.mp4,2515167
datasets/data-final/英文/train_splits/dia183_utt5.mp4,824930
datasets/data-final/英文/train_splits/dia183_utt9.mp4,2462337
datasets/data-final/英文/train_splits/dia184_utt0.mp4,621637
datasets/data-final/英文/train_splits/dia184_utt1.mp4,562108
datasets/data-final/英文/train_splits/dia184_utt12.mp4,566709
datasets/data-final/英文/train_splits/dia184_utt13.mp4,1200176
datasets/data-final/英文/train_splits/dia184_utt16.mp4,1417117
datasets/data-final/英文/train_splits/dia184_utt17.mp4,722358
datasets/data-final/英文/train_splits/dia184_utt19.mp4,814080
datasets/data-final/英文/train_splits/dia184_utt21.mp4,1027349
datasets/data-final/英文/train_splits/dia184_utt6.mp4,953379
datasets/data-final/英文/train_splits/dia184_utt7.mp4,1734248
datasets/data-final/英文/train_splits/dia184_utt9.mp4,1132599
datasets/data-final/英文/train_splits/dia185_utt10.mp4,2546989
datasets/data-final/英文/train_splits/dia185_utt2.mp4,1132257
datasets/data-final/英文/train_splits/dia185_utt5.mp4,1803252
datasets/data-final/英文/train_splits/dia185_utt7.mp4,867764
datasets/data-final/英文/train_splits/dia185_utt8.mp4,1929765
datasets/data-final/英文/train_splits/dia185_utt9.mp4,987664
datasets/data-final/英文/train_splits/dia186_utt1.mp4,1188377
datasets/data-final/英文/train_splits/dia187_utt0.mp4,1348932
datasets/data-final/英文/train_splits/dia187_utt1.mp4,1020925
datasets/data-final/英文/train_splits/dia187_utt4.mp4,776343
datasets/data-final/英文/train_splits/dia187_utt5.mp4,909136
datasets/data-final/英文/train_splits/dia187_utt6.mp4,803472
datasets/data-final/英文/train_splits/dia188_utt3.mp4,2349168
datasets/data-final/英文/train_splits/dia188_utt4.mp4,1018043
datasets/data-final/英文/train_splits/dia189_utt0.mp4,629069
datasets/data-final/英文/train_splits/dia189_utt10.mp4,1565914
datasets/data-final/英文/train_splits/dia189_utt12.mp4,1164477
datasets/data-final/英文/train_splits/dia189_utt13.mp4,838204
datasets/data-final/英文/train_splits/dia189_utt14.mp4,1169501
datasets/data-final/英文/train_splits/dia189_utt15.mp4,2766184
datasets/data-final/英文/train_splits/dia189_utt2.mp4,393910
datasets/data-final/英文/train_splits/dia189_utt3.mp4,934734
datasets/data-final/英文/train_splits/dia189_utt6.mp4,1350762
datasets/data-final/英文/train_splits/dia189_utt8.mp4,916858
datasets/data-final/英文/train_splits/dia18_utt0.mp4,1026157
datasets/data-final/英文/train_splits/dia18_utt10.mp4,879263
datasets/data-final/英文/train_splits/dia18_utt3.mp4,1206395
datasets/data-final/英文/train_splits/dia18_utt8.mp4,619124
datasets/data-final/英文/train_splits/dia18_utt9.mp4,583346
datasets/data-final/英文/train_splits/dia190_utt2.mp4,803538
datasets/data-final/英文/train_splits/dia191_utt0.mp4,1223713
datasets/data-final/英文/train_splits/dia191_utt3.mp4,571198
datasets/data-final/英文/train_splits/dia191_utt4.mp4,706236
datasets/data-final/英文/train_splits/dia192_utt0.mp4,536707
datasets/data-final/英文/train_splits/dia192_utt2.mp4,576116
datasets/data-final/英文/train_splits/dia192_utt3.mp4,606345
datasets/data-final/英文/train_splits/dia192_utt5.mp4,992904
datasets/data-final/英文/train_splits/dia193_utt0.mp4,4985449
datasets/data-final/英文/train_splits/dia193_utt3.mp4,2500047
datasets/data-final/英文/train_splits/dia193_utt4.mp4,643270
datasets/data-final/英文/train_splits/dia193_utt6.mp4,1071111
datasets/data-final/英文/train_splits/dia193_utt7.mp4,682538
datasets/data-final/英文/train_splits/dia194_utt0.mp4,663044
datasets/data-final/英文/train_splits/dia194_utt1.mp4,1959219
datasets/data-final/英文/train_splits/dia195_utt1.mp4,1372232
datasets/data-final/英文/train_splits/dia195_utt13.mp4,724361
datasets/data-final/英文/train_splits/dia195_utt14.mp4,951749
datasets/data-final/英文/train_splits/dia195_utt15.mp4,738887
datasets/data-final/英文/train_splits/dia195_utt19.mp4,1350792
datasets/data-final/英文/train_splits/dia195_utt7.mp4,867406
datasets/data-final/英文/train_splits/dia195_utt8.mp4,823526
datasets/data-final/英文/train_splits/dia195_utt9.mp4,484671
datasets/data-final/英文/train_splits/dia196_utt1.mp4,652237
datasets/data-final/英文/train_splits/dia197_utt0.mp4,1230462
datasets/data-final/英文/train_splits/dia197_utt5.mp4,419094
datasets/data-final/英文/train_splits/dia198_utt5.mp4,2318957
datasets/data-final/英文/train_splits/dia199_utt0.mp4,584627
datasets/data-final/英文/train_splits/dia199_utt11.mp4,565234
datasets/data-final/英文/train_splits/dia199_utt3.mp4,960973
datasets/data-final/英文/train_splits/dia199_utt4.mp4,640983
datasets/data-final/英文/train_splits/dia199_utt8.mp4,1543187
datasets/data-final/英文/train_splits/dia199_utt9.mp4,1014857
datasets/data-final/英文/train_splits/dia1_utt0.mp4,516742
datasets/data-final/英文/train_splits/dia1_utt2.mp4,1743816
datasets/data-final/英文/train_splits/dia1_utt3.mp4,665851
datasets/data-final/英文/train_splits/dia200_utt0.mp4,749061
datasets/data-final/英文/train_splits/dia200_utt4.mp4,1729268
datasets/data-final/英文/train_splits/dia200_utt5.mp4,2106947
datasets/data-final/英文/train_splits/dia200_utt6.mp4,1374858
datasets/data-final/英文/train_splits/dia201_utt1.mp4,636088
datasets/data-final/英文/train_splits/dia201_utt3.mp4,4109166
datasets/data-final/英文/train_splits/dia201_utt4.mp4,813101
datasets/data-final/英文/train_splits/dia201_utt6.mp4,1862818
datasets/data-final/英文/train_splits/dia201_utt7.mp4,1660117
datasets/data-final/英文/train_splits/dia201_utt9.mp4,963395
datasets/data-final/英文/train_splits/dia202_utt12.mp4,927683
datasets/data-final/英文/train_splits/dia202_utt13.mp4,582794
datasets/data-final/英文/train_splits/dia202_utt16.mp4,689243
datasets/data-final/英文/train_splits/dia202_utt2.mp4,1326327
datasets/data-final/英文/train_splits/dia202_utt4.mp4,625160
datasets/data-final/英文/train_splits/dia202_utt6.mp4,586521
datasets/data-final/英文/train_splits/dia202_utt8.mp4,835104
datasets/data-final/英文/train_splits/dia203_utt2.mp4,495367
datasets/data-final/英文/train_splits/dia203_utt4.mp4,238166
datasets/data-final/英文/train_splits/dia204_utt0.mp4,776334
datasets/data-final/英文/train_splits/dia204_utt1.mp4,1329480
datasets/data-final/英文/train_splits/dia204_utt12.mp4,1245864
datasets/data-final/英文/train_splits/dia204_utt13.mp4,3863373
datasets/data-final/英文/train_splits/dia204_utt2.mp4,865798
datasets/data-final/英文/train_splits/dia204_utt4.mp4,764239
datasets/data-final/英文/train_splits/dia204_utt7.mp4,1138951
datasets/data-final/英文/train_splits/dia204_utt9.mp4,1478595
datasets/data-final/英文/train_splits/dia205_utt0.mp4,854579
datasets/data-final/英文/train_splits/dia205_utt1.mp4,1329527
datasets/data-final/英文/train_splits/dia205_utt2.mp4,1249501
datasets/data-final/英文/train_splits/dia205_utt4.mp4,1326973
datasets/data-final/英文/train_splits/dia206_utt1.mp4,2298436
datasets/data-final/英文/train_splits/dia206_utt13.mp4,1875197
datasets/data-final/英文/train_splits/dia206_utt2.mp4,1598071
datasets/data-final/英文/train_splits/dia206_utt3.mp4,1261566
datasets/data-final/英文/train_splits/dia206_utt4.mp4,921948
datasets/data-final/英文/train_splits/dia206_utt7.mp4,799874
datasets/data-final/英文/train_splits/dia206_utt9.mp4,1002663
datasets/data-final/英文/train_splits/dia207_utt0.mp4,2150192
datasets/data-final/英文/train_splits/dia207_utt1.mp4,729593
datasets/data-final/英文/train_splits/dia207_utt10.mp4,2072412
datasets/data-final/英文/train_splits/dia207_utt11.mp4,1333243
datasets/data-final/英文/train_splits/dia207_utt13.mp4,590777
datasets/data-final/英文/train_splits/dia207_utt16.mp4,781464
datasets/data-final/英文/train_splits/dia207_utt17.mp4,1751930
datasets/data-final/英文/train_splits/dia207_utt18.mp4,667753
datasets/data-final/英文/train_splits/dia207_utt2.mp4,1439989
datasets/data-final/英文/train_splits/dia207_utt4.mp4,1945203
datasets/data-final/英文/train_splits/dia208_utt0.mp4,1787679
datasets/data-final/英文/train_splits/dia208_utt1.mp4,713011
datasets/data-final/英文/train_splits/dia208_utt11.mp4,780509
datasets/data-final/英文/train_splits/dia208_utt2.mp4,474115
datasets/data-final/英文/train_splits/dia208_utt3.mp4,1249442
datasets/data-final/英文/train_splits/dia208_utt4.mp4,631536
datasets/data-final/英文/train_splits/dia208_utt5.mp4,644612
datasets/data-final/英文/train_splits/dia208_utt6.mp4,848567
datasets/data-final/英文/train_splits/dia208_utt8.mp4,983471
datasets/data-final/英文/train_splits/dia20_utt0.mp4,1131410
datasets/data-final/英文/train_splits/dia20_utt14.mp4,2986804
datasets/data-final/英文/train_splits/dia20_utt15.mp4,2900132
datasets/data-final/英文/train_splits/dia20_utt2.mp4,1429405
datasets/data-final/英文/train_splits/dia20_utt7.mp4,505455
datasets/data-final/英文/train_splits/dia20_utt9.mp4,516840
datasets/data-final/英文/train_splits/dia210_utt2.mp4,906037
datasets/data-final/英文/train_splits/dia210_utt3.mp4,637566
datasets/data-final/英文/train_splits/dia210_utt4.mp4,829755
datasets/data-final/英文/train_splits/dia210_utt5.mp4,1465848
datasets/data-final/英文/train_splits/dia210_utt8.mp4,1091170
datasets/data-final/英文/train_splits/dia210_utt9.mp4,1405081
datasets/data-final/英文/train_splits/dia211_utt0.mp4,1184888
datasets/data-final/英文/train_splits/dia211_utt1.mp4,521968
datasets/data-final/英文/train_splits/dia211_utt10.mp4,2394425
datasets/data-final/英文/train_splits/dia211_utt13.mp4,612165
datasets/data-final/英文/train_splits/dia211_utt14.mp4,786021
datasets/data-final/英文/train_splits/dia211_utt2.mp4,511162
datasets/data-final/英文/train_splits/dia211_utt5.mp4,1550081
datasets/data-final/英文/train_splits/dia211_utt6.mp4,1144220
datasets/data-final/英文/train_splits/dia211_utt8.mp4,791804
datasets/data-final/英文/train_splits/dia212_utt0.mp4,845441
datasets/data-final/英文/train_splits/dia212_utt2.mp4,1421651
datasets/data-final/英文/train_splits/dia212_utt3.mp4,1248856
datasets/data-final/英文/train_splits/dia212_utt5.mp4,1404244
datasets/data-final/英文/train_splits/dia212_utt6.mp4,793909
datasets/data-final/英文/train_splits/dia212_utt7.mp4,660586
datasets/data-final/英文/train_splits/dia212_utt8.mp4,916922
datasets/data-final/英文/train_splits/dia212_utt9.mp4,594438
datasets/data-final/英文/train_splits/dia213_utt0.mp4,940935
datasets/data-final/英文/train_splits/dia213_utt2.mp4,615038
datasets/data-final/英文/train_splits/dia214_utt2.mp4,1946749
datasets/data-final/英文/train_splits/dia214_utt4.mp4,771856
datasets/data-final/英文/train_splits/dia214_utt6.mp4,691941
datasets/data-final/英文/train_splits/dia214_utt7.mp4,679107
datasets/data-final/英文/train_splits/dia214_utt8.mp4,1251204
datasets/data-final/英文/train_splits/dia214_utt9.mp4,645446
datasets/data-final/英文/train_splits/dia216_utt0.mp4,2091969
datasets/data-final/英文/train_splits/dia216_utt2.mp4,1656658
datasets/data-final/英文/train_splits/dia218_utt10.mp4,605332
datasets/data-final/英文/train_splits/dia218_utt12.mp4,602855
datasets/data-final/英文/train_splits/dia218_utt2.mp4,1089099
datasets/data-final/英文/train_splits/dia218_utt3.mp4,590012
datasets/data-final/英文/train_splits/dia218_utt4.mp4,857367
datasets/data-final/英文/train_splits/dia218_utt5.mp4,1312721
datasets/data-final/英文/train_splits/dia218_utt6.mp4,1336064
datasets/data-final/英文/train_splits/dia218_utt9.mp4,985758
datasets/data-final/英文/train_splits/dia219_utt1.mp4,463789
datasets/data-final/英文/train_splits/dia219_utt12.mp4,557739
datasets/data-final/英文/train_splits/dia219_utt3.mp4,483690
datasets/data-final/英文/train_splits/dia219_utt4.mp4,591024
datasets/data-final/英文/train_splits/dia219_utt7.mp4,1527196
datasets/data-final/英文/train_splits/dia219_utt8.mp4,559375
datasets/data-final/英文/train_splits/dia219_utt9.mp4,1300727
datasets/data-final/英文/train_splits/dia21_utt0.mp4,580316
datasets/data-final/英文/train_splits/dia21_utt1.mp4,791552
datasets/data-final/英文/train_splits/dia21_utt10.mp4,1306716
datasets/data-final/英文/train_splits/dia21_utt2.mp4,1973550
datasets/data-final/英文/train_splits/dia21_utt3.mp4,764148
datasets/data-final/英文/train_splits/dia21_utt8.mp4,2576676
datasets/data-final/英文/train_splits/dia220_utt3.mp4,2411114
datasets/data-final/英文/train_splits/dia221_utt3.mp4,1420729
datasets/data-final/英文/train_splits/dia222_utt0.mp4,725578
datasets/data-final/英文/train_splits/dia222_utt11.mp4,1374491
datasets/data-final/英文/train_splits/dia222_utt12.mp4,909715
datasets/data-final/英文/train_splits/dia222_utt14.mp4,461112
datasets/data-final/英文/train_splits/dia222_utt18.mp4,629809
datasets/data-final/英文/train_splits/dia222_utt19.mp4,525863
datasets/data-final/英文/train_splits/dia222_utt3.mp4,763210
datasets/data-final/英文/train_splits/dia222_utt4.mp4,397426
datasets/data-final/英文/train_splits/dia222_utt5.mp4,1385766
datasets/data-final/英文/train_splits/dia222_utt6.mp4,779316
datasets/data-final/英文/train_splits/dia222_utt8.mp4,640521
datasets/data-final/英文/train_splits/dia222_utt9.mp4,469120
datasets/data-final/英文/train_splits/dia223_utt0.mp4,2091261
datasets/data-final/英文/train_splits/dia223_utt1.mp4,1051915
datasets/data-final/英文/train_splits/dia223_utt10.mp4,1585015
datasets/data-final/英文/train_splits/dia223_utt11.mp4,792110
datasets/data-final/英文/train_splits/dia223_utt4.mp4,889322
datasets/data-final/英文/train_splits/dia223_utt5.mp4,1716530
datasets/data-final/英文/train_splits/dia223_utt8.mp4,2661267
datasets/data-final/英文/train_splits/dia224_utt0.mp4,1874795
datasets/data-final/英文/train_splits/dia224_utt2.mp4,1538903
datasets/data-final/英文/train_splits/dia224_utt4.mp4,1019781
datasets/data-final/英文/train_splits/dia224_utt5.mp4,5227228
datasets/data-final/英文/train_splits/dia225_utt1.mp4,1385959
datasets/data-final/英文/train_splits/dia225_utt11.mp4,144618
datasets/data-final/英文/train_splits/dia225_utt4.mp4,704400
datasets/data-final/英文/train_splits/dia225_utt5.mp4,1101231
datasets/data-final/英文/train_splits/dia225_utt7.mp4,1981852
datasets/data-final/英文/train_splits/dia225_utt9.mp4,1422804
datasets/data-final/英文/train_splits/dia226_utt0.mp4,850326
datasets/data-final/英文/train_splits/dia226_utt11.mp4,612739
datasets/data-final/英文/train_splits/dia226_utt13.mp4,851664
datasets/data-final/英文/train_splits/dia226_utt17.mp4,477495
datasets/data-final/英文/train_splits/dia226_utt18.mp4,1186471
datasets/data-final/英文/train_splits/dia226_utt19.mp4,1546022
datasets/data-final/英文/train_splits/dia226_utt2.mp4,953145
datasets/data-final/英文/train_splits/dia226_utt4.mp4,1463473
datasets/data-final/英文/train_splits/dia226_utt6.mp4,2901809
datasets/data-final/英文/train_splits/dia226_utt8.mp4,798782
datasets/data-final/英文/train_splits/dia226_utt9.mp4,1109209
datasets/data-final/英文/train_splits/dia228_utt0.mp4,1006382
datasets/data-final/英文/train_splits/dia228_utt1.mp4,3017819
datasets/data-final/英文/train_splits/dia228_utt2.mp4,830917
datasets/data-final/英文/train_splits/dia229_utt1.mp4,2231719
datasets/data-final/英文/train_splits/dia229_utt2.mp4,2217906
datasets/data-final/英文/train_splits/dia229_utt3.mp4,1413072
datasets/data-final/英文/train_splits/dia229_utt4.mp4,2261860
datasets/data-final/英文/train_splits/dia22_utt0.mp4,807694
datasets/data-final/英文/train_splits/dia22_utt1.mp4,558164
datasets/data-final/英文/train_splits/dia22_utt2.mp4,711762
datasets/data-final/英文/train_splits/dia230_utt0.mp4,3280289
datasets/data-final/英文/train_splits/dia230_utt1.mp4,3399001
datasets/data-final/英文/train_splits/dia231_utt0.mp4,1098049
datasets/data-final/英文/train_splits/dia231_utt1.mp4,902741
datasets/data-final/英文/train_splits/dia231_utt10.mp4,615208
datasets/data-final/英文/train_splits/dia231_utt11.mp4,1157782
datasets/data-final/英文/train_splits/dia231_utt14.mp4,618558
datasets/data-final/英文/train_splits/dia231_utt4.mp4,1658491
datasets/data-final/英文/train_splits/dia231_utt5.mp4,794462
datasets/data-final/英文/train_splits/dia232_utt10.mp4,841177
datasets/data-final/英文/train_splits/dia232_utt12.mp4,1080350
datasets/data-final/英文/train_splits/dia232_utt14.mp4,1268287
datasets/data-final/英文/train_splits/dia232_utt16.mp4,1997255
datasets/data-final/英文/train_splits/dia232_utt17.mp4,1773446
datasets/data-final/英文/train_splits/dia232_utt2.mp4,1191150
datasets/data-final/英文/train_splits/dia232_utt5.mp4,662135
datasets/data-final/英文/train_splits/dia232_utt7.mp4,638766
datasets/data-final/英文/train_splits/dia233_utt0.mp4,2521755
datasets/data-final/英文/train_splits/dia233_utt1.mp4,728729
datasets/data-final/英文/train_splits/dia234_utt1.mp4,883355
datasets/data-final/英文/train_splits/dia234_utt10.mp4,720794
datasets/data-final/英文/train_splits/dia234_utt11.mp4,1252453
datasets/data-final/英文/train_splits/dia234_utt4.mp4,854211
datasets/data-final/英文/train_splits/dia235_utt0.mp4,1593741
datasets/data-final/英文/train_splits/dia235_utt1.mp4,1064947
datasets/data-final/英文/train_splits/dia235_utt2.mp4,1839586
datasets/data-final/英文/train_splits/dia235_utt3.mp4,2101931
datasets/data-final/英文/train_splits/dia235_utt4.mp4,777164
datasets/data-final/英文/train_splits/dia235_utt5.mp4,1052944
datasets/data-final/英文/train_splits/dia235_utt6.mp4,1544977
datasets/data-final/英文/train_splits/dia235_utt7.mp4,1256136
datasets/data-final/英文/train_splits/dia235_utt9.mp4,851536
datasets/data-final/英文/train_splits/dia236_utt1.mp4,1452576
datasets/data-final/英文/train_splits/dia236_utt11.mp4,1779775
datasets/data-final/英文/train_splits/dia236_utt12.mp4,2475499
datasets/data-final/英文/train_splits/dia236_utt15.mp4,1641468
datasets/data-final/英文/train_splits/dia236_utt2.mp4,2663692
datasets/data-final/英文/train_splits/dia236_utt3.mp4,770865
datasets/data-final/英文/train_splits/dia236_utt5.mp4,1125525
datasets/data-final/英文/train_splits/dia236_utt7.mp4,704613
datasets/data-final/英文/train_splits/dia236_utt9.mp4,1164362
datasets/data-final/英文/train_splits/dia237_utt0.mp4,623688
datasets/data-final/英文/train_splits/dia237_utt10.mp4,2367919
datasets/data-final/英文/train_splits/dia237_utt2.mp4,2106912
datasets/data-final/英文/train_splits/dia237_utt3.mp4,1165148
datasets/data-final/英文/train_splits/dia237_utt8.mp4,1677729
datasets/data-final/英文/train_splits/dia237_utt9.mp4,826036
datasets/data-final/英文/train_splits/dia238_utt0.mp4,1356200
datasets/data-final/英文/train_splits/dia238_utt1.mp4,724536
datasets/data-final/英文/train_splits/dia238_utt2.mp4,680988
datasets/data-final/英文/train_splits/dia238_utt3.mp4,675369
datasets/data-final/英文/train_splits/dia238_utt5.mp4,764327
datasets/data-final/英文/train_splits/dia239_utt0.mp4,1748504
datasets/data-final/英文/train_splits/dia239_utt1.mp4,558231
datasets/data-final/英文/train_splits/dia239_utt2.mp4,645574
datasets/data-final/英文/train_splits/dia239_utt3.mp4,1195904
datasets/data-final/英文/train_splits/dia239_utt4.mp4,561714
datasets/data-final/英文/train_splits/dia23_utt0.mp4,1866831
datasets/data-final/英文/train_splits/dia23_utt8.mp4,3644670
datasets/data-final/英文/train_splits/dia240_utt0.mp4,1351896
datasets/data-final/英文/train_splits/dia240_utt1.mp4,1485073
datasets/data-final/英文/train_splits/dia240_utt3.mp4,796007
datasets/data-final/英文/train_splits/dia240_utt4.mp4,580205
datasets/data-final/英文/train_splits/dia240_utt5.mp4,1352960
datasets/data-final/英文/train_splits/dia240_utt6.mp4,3023118
datasets/data-final/英文/train_splits/dia241_utt0.mp4,1627013
datasets/data-final/英文/train_splits/dia241_utt1.mp4,428489
datasets/data-final/英文/train_splits/dia241_utt11.mp4,841801
datasets/data-final/英文/train_splits/dia241_utt12.mp4,212967
datasets/data-final/英文/train_splits/dia241_utt4.mp4,1210522
datasets/data-final/英文/train_splits/dia241_utt7.mp4,818550
datasets/data-final/英文/train_splits/dia241_utt8.mp4,1267866
datasets/data-final/英文/train_splits/dia241_utt9.mp4,1561131
datasets/data-final/英文/train_splits/dia242_utt0.mp4,641464
datasets/data-final/英文/train_splits/dia242_utt2.mp4,549425
datasets/data-final/英文/train_splits/dia242_utt4.mp4,2906619
datasets/data-final/英文/train_splits/dia242_utt6.mp4,1800035
datasets/data-final/英文/train_splits/dia243_utt1.mp4,1315722
datasets/data-final/英文/train_splits/dia244_utt1.mp4,1160738
datasets/data-final/英文/train_splits/dia244_utt3.mp4,951062
datasets/data-final/英文/train_splits/dia244_utt5.mp4,675485
datasets/data-final/英文/train_splits/dia244_utt6.mp4,1595392
datasets/data-final/英文/train_splits/dia245_utt1.mp4,2550919
datasets/data-final/英文/train_splits/dia245_utt10.mp4,1427981
datasets/data-final/英文/train_splits/dia245_utt11.mp4,1336453
datasets/data-final/英文/train_splits/dia245_utt14.mp4,1166301
datasets/data-final/英文/train_splits/dia245_utt15.mp4,1115431
datasets/data-final/英文/train_splits/dia245_utt3.mp4,934600
datasets/data-final/英文/train_splits/dia245_utt5.mp4,1707415
datasets/data-final/英文/train_splits/dia245_utt7.mp4,1781761
datasets/data-final/英文/train_splits/dia245_utt8.mp4,1432527
datasets/data-final/英文/train_splits/dia245_utt9.mp4,2914684
datasets/data-final/英文/train_splits/dia246_utt1.mp4,866349
datasets/data-final/英文/train_splits/dia246_utt3.mp4,842369
datasets/data-final/英文/train_splits/dia246_utt6.mp4,1530271
datasets/data-final/英文/train_splits/dia247_utt0.mp4,592263
datasets/data-final/英文/train_splits/dia247_utt2.mp4,635002
datasets/data-final/英文/train_splits/dia248_utt5.mp4,986909
datasets/data-final/英文/train_splits/dia248_utt6.mp4,631785
datasets/data-final/英文/train_splits/dia248_utt7.mp4,661994
datasets/data-final/英文/train_splits/dia249_utt0.mp4,526688
datasets/data-final/英文/train_splits/dia249_utt1.mp4,1708248
datasets/data-final/英文/train_splits/dia249_utt11.mp4,809348
datasets/data-final/英文/train_splits/dia249_utt2.mp4,1092865
datasets/data-final/英文/train_splits/dia249_utt3.mp4,816790
datasets/data-final/英文/train_splits/dia249_utt4.mp4,1196664
datasets/data-final/英文/train_splits/dia249_utt5.mp4,550999
datasets/data-final/英文/train_splits/dia249_utt6.mp4,564697
datasets/data-final/英文/train_splits/dia249_utt7.mp4,521628
datasets/data-final/英文/train_splits/dia249_utt8.mp4,716134
datasets/data-final/英文/train_splits/dia24_utt0.mp4,650341
datasets/data-final/英文/train_splits/dia24_utt1.mp4,843914
datasets/data-final/英文/train_splits/dia24_utt5.mp4,511866
datasets/data-final/英文/train_splits/dia24_utt6.mp4,462204
datasets/data-final/英文/train_splits/dia24_utt7.mp4,845222
datasets/data-final/英文/train_splits/dia24_utt8.mp4,775106
datasets/data-final/英文/train_splits/dia250_utt0.mp4,2086451
datasets/data-final/英文/train_splits/dia250_utt2.mp4,586161
datasets/data-final/英文/train_splits/dia250_utt3.mp4,1769707
datasets/data-final/英文/train_splits/dia250_utt4.mp4,1300893
datasets/data-final/英文/train_splits/dia251_utt0.mp4,1671544
datasets/data-final/英文/train_splits/dia251_utt1.mp4,1000209
datasets/data-final/英文/train_splits/dia251_utt5.mp4,1758842
datasets/data-final/英文/train_splits/dia252_utt1.mp4,1799408
datasets/data-final/英文/train_splits/dia252_utt10.mp4,772914
datasets/data-final/英文/train_splits/dia252_utt14.mp4,1365689
datasets/data-final/英文/train_splits/dia252_utt15.mp4,1143121
datasets/data-final/英文/train_splits/dia252_utt17.mp4,2237972
datasets/data-final/英文/train_splits/dia252_utt18.mp4,1125626
datasets/data-final/英文/train_splits/dia252_utt19.mp4,1424273
datasets/data-final/英文/train_splits/dia252_utt2.mp4,737163
datasets/data-final/英文/train_splits/dia252_utt6.mp4,816430
datasets/data-final/英文/train_splits/dia252_utt7.mp4,562902
datasets/data-final/英文/train_splits/dia252_utt8.mp4,740123
datasets/data-final/英文/train_splits/dia252_utt9.mp4,563769
datasets/data-final/英文/train_splits/dia253_utt0.mp4,1118623
datasets/data-final/英文/train_splits/dia253_utt10.mp4,814877
datasets/data-final/英文/train_splits/dia253_utt11.mp4,451813
datasets/data-final/英文/train_splits/dia253_utt5.mp4,898615
datasets/data-final/英文/train_splits/dia253_utt8.mp4,1030979
datasets/data-final/英文/train_splits/dia253_utt9.mp4,855639
datasets/data-final/英文/train_splits/dia254_utt1.mp4,1572817
datasets/data-final/英文/train_splits/dia254_utt9.mp4,687861
datasets/data-final/英文/train_splits/dia255_utt0.mp4,1698613
datasets/data-final/英文/train_splits/dia255_utt11.mp4,868138
datasets/data-final/英文/train_splits/dia255_utt13.mp4,1627429
datasets/data-final/英文/train_splits/dia255_utt2.mp4,691825
datasets/data-final/英文/train_splits/dia255_utt3.mp4,698959
datasets/data-final/英文/train_splits/dia255_utt4.mp4,2175061
datasets/data-final/英文/train_splits/dia255_utt5.mp4,914500
datasets/data-final/英文/train_splits/dia256_utt0.mp4,1171021
datasets/data-final/英文/train_splits/dia256_utt1.mp4,1217461
datasets/data-final/英文/train_splits/dia256_utt10.mp4,320535
datasets/data-final/英文/train_splits/dia256_utt2.mp4,1203410
datasets/data-final/英文/train_splits/dia256_utt3.mp4,779236
datasets/data-final/英文/train_splits/dia256_utt5.mp4,825015
datasets/data-final/英文/train_splits/dia256_utt6.mp4,580269
datasets/data-final/英文/train_splits/dia256_utt7.mp4,1315995
datasets/data-final/英文/train_splits/dia256_utt8.mp4,337780
datasets/data-final/英文/train_splits/dia257_utt0.mp4,1248371
datasets/data-final/英文/train_splits/dia257_utt1.mp4,310609
datasets/data-final/英文/train_splits/dia257_utt4.mp4,436761
datasets/data-final/英文/train_splits/dia258_utt1.mp4,550211
datasets/data-final/英文/train_splits/dia258_utt2.mp4,772270
datasets/data-final/英文/train_splits/dia258_utt3.mp4,1687490
datasets/data-final/英文/train_splits/dia258_utt4.mp4,870558
datasets/data-final/英文/train_splits/dia258_utt5.mp4,3095442
datasets/data-final/英文/train_splits/dia259_utt0.mp4,748259
datasets/data-final/英文/train_splits/dia259_utt1.mp4,362526
datasets/data-final/英文/train_splits/dia25_utt0.mp4,767434
datasets/data-final/英文/train_splits/dia25_utt1.mp4,765414
datasets/data-final/英文/train_splits/dia25_utt10.mp4,547500
datasets/data-final/英文/train_splits/dia25_utt12.mp4,427279
datasets/data-final/英文/train_splits/dia25_utt2.mp4,1322033
datasets/data-final/英文/train_splits/dia25_utt3.mp4,805767
datasets/data-final/英文/train_splits/dia25_utt5.mp4,809745
datasets/data-final/英文/train_splits/dia25_utt6.mp4,1290622
datasets/data-final/英文/train_splits/dia260_utt1.mp4,637840
datasets/data-final/英文/train_splits/dia260_utt10.mp4,493319
datasets/data-final/英文/train_splits/dia260_utt11.mp4,713761
datasets/data-final/英文/train_splits/dia260_utt4.mp4,853680
datasets/data-final/英文/train_splits/dia260_utt7.mp4,1754967
datasets/data-final/英文/train_splits/dia260_utt9.mp4,1345757
datasets/data-final/英文/train_splits/dia261_utt4.mp4,1292015
datasets/data-final/英文/train_splits/dia261_utt5.mp4,823840
datasets/data-final/英文/train_splits/dia261_utt6.mp4,1164094
datasets/data-final/英文/train_splits/dia261_utt8.mp4,791915
datasets/data-final/英文/train_splits/dia262_utt2.mp4,1165329
datasets/data-final/英文/train_splits/dia262_utt3.mp4,4322825
datasets/data-final/英文/train_splits/dia263_utt0.mp4,1008856
datasets/data-final/英文/train_splits/dia263_utt1.mp4,1632656
datasets/data-final/英文/train_splits/dia263_utt4.mp4,667849
datasets/data-final/英文/train_splits/dia263_utt5.mp4,2837192
datasets/data-final/英文/train_splits/dia263_utt6.mp4,2158851
datasets/data-final/英文/train_splits/dia263_utt8.mp4,1424825
datasets/data-final/英文/train_splits/dia264_utt1.mp4,982151
datasets/data-final/英文/train_splits/dia264_utt13.mp4,911822
datasets/data-final/英文/train_splits/dia264_utt14.mp4,784160
datasets/data-final/英文/train_splits/dia264_utt15.mp4,951644
datasets/data-final/英文/train_splits/dia264_utt18.mp4,752563
datasets/data-final/英文/train_splits/dia264_utt3.mp4,791574
datasets/data-final/英文/train_splits/dia264_utt4.mp4,750754
datasets/data-final/英文/train_splits/dia264_utt7.mp4,673235
datasets/data-final/英文/train_splits/dia264_utt8.mp4,1125091
datasets/data-final/英文/train_splits/dia265_utt0.mp4,946651
datasets/data-final/英文/train_splits/dia265_utt2.mp4,1589219
datasets/data-final/英文/train_splits/dia265_utt4.mp4,1820780
datasets/data-final/英文/train_splits/dia266_utt0.mp4,1095856
datasets/data-final/英文/train_splits/dia267_utt0.mp4,812651
datasets/data-final/英文/train_splits/dia268_utt1.mp4,837290
datasets/data-final/英文/train_splits/dia269_utt0.mp4,781172
datasets/data-final/英文/train_splits/dia269_utt1.mp4,3384457
datasets/data-final/英文/train_splits/dia26_utt0.mp4,541369
datasets/data-final/英文/train_splits/dia26_utt1.mp4,522295
datasets/data-final/英文/train_splits/dia26_utt10.mp4,518481
datasets/data-final/英文/train_splits/dia26_utt11.mp4,871194
datasets/data-final/英文/train_splits/dia26_utt13.mp4,554065
datasets/data-final/英文/train_splits/dia26_utt2.mp4,516876
datasets/data-final/英文/train_splits/dia26_utt4.mp4,1920787
datasets/data-final/英文/train_splits/dia26_utt5.mp4,2750311
datasets/data-final/英文/train_splits/dia26_utt6.mp4,709136
datasets/data-final/英文/train_splits/dia26_utt9.mp4,871478
datasets/data-final/英文/train_splits/dia270_utt0.mp4,875536
datasets/data-final/英文/train_splits/dia270_utt1.mp4,1180743
datasets/data-final/英文/train_splits/dia270_utt2.mp4,631575
datasets/data-final/英文/train_splits/dia271_utt0.mp4,1898983
datasets/data-final/英文/train_splits/dia271_utt1.mp4,615035
datasets/data-final/英文/train_splits/dia271_utt2.mp4,553252
datasets/data-final/英文/train_splits/dia271_utt5.mp4,795255
datasets/data-final/英文/train_splits/dia271_utt7.mp4,521572
datasets/data-final/英文/train_splits/dia271_utt9.mp4,1595814
datasets/data-final/英文/train_splits/dia272_utt0.mp4,1406595
datasets/data-final/英文/train_splits/dia272_utt1.mp4,664802
datasets/data-final/英文/train_splits/dia272_utt2.mp4,1222401
datasets/data-final/英文/train_splits/dia272_utt5.mp4,529866
datasets/data-final/英文/train_splits/dia273_utt0.mp4,1482683
datasets/data-final/英文/train_splits/dia273_utt13.mp4,869205
datasets/data-final/英文/train_splits/dia273_utt15.mp4,816931
datasets/data-final/英文/train_splits/dia273_utt16.mp4,1088002
datasets/data-final/英文/train_splits/dia273_utt3.mp4,713820
datasets/data-final/英文/train_splits/dia273_utt6.mp4,1330734
datasets/data-final/英文/train_splits/dia273_utt8.mp4,3185904
datasets/data-final/英文/train_splits/dia273_utt9.mp4,1990672
datasets/data-final/英文/train_splits/dia274_utt0.mp4,1800976
datasets/data-final/英文/train_splits/dia274_utt10.mp4,732910
datasets/data-final/英文/train_splits/dia274_utt4.mp4,2289010
datasets/data-final/英文/train_splits/dia275_utt0.mp4,569091
datasets/data-final/英文/train_splits/dia275_utt1.mp4,1708316
datasets/data-final/英文/train_splits/dia275_utt10.mp4,943790
datasets/data-final/英文/train_splits/dia275_utt11.mp4,808213
datasets/data-final/英文/train_splits/dia275_utt12.mp4,1804300
datasets/data-final/英文/train_splits/dia275_utt15.mp4,3284685
datasets/data-final/英文/train_splits/dia275_utt4.mp4,500870
datasets/data-final/英文/train_splits/dia275_utt5.mp4,1076634
datasets/data-final/英文/train_splits/dia275_utt6.mp4,2874811
datasets/data-final/英文/train_splits/dia275_utt7.mp4,1388269
datasets/data-final/英文/train_splits/dia275_utt9.mp4,711838
datasets/data-final/英文/train_splits/dia276_utt0.mp4,578315
datasets/data-final/英文/train_splits/dia276_utt3.mp4,861139
datasets/data-final/英文/train_splits/dia277_utt0.mp4,1227595
datasets/data-final/英文/train_splits/dia277_utt1.mp4,923790
datasets/data-final/英文/train_splits/dia277_utt2.mp4,1228529
datasets/data-final/英文/train_splits/dia277_utt3.mp4,889721
datasets/data-final/英文/train_splits/dia277_utt4.mp4,409466
datasets/data-final/英文/train_splits/dia277_utt5.mp4,459837
datasets/data-final/英文/train_splits/dia278_utt3.mp4,1104004
datasets/data-final/英文/train_splits/dia278_utt4.mp4,486499
datasets/data-final/英文/train_splits/dia278_utt6.mp4,1401135
datasets/data-final/英文/train_splits/dia279_utt0.mp4,778104
datasets/data-final/英文/train_splits/dia279_utt1.mp4,1126852
datasets/data-final/英文/train_splits/dia279_utt11.mp4,950139
datasets/data-final/英文/train_splits/dia279_utt12.mp4,450358
datasets/data-final/英文/train_splits/dia279_utt3.mp4,696062
datasets/data-final/英文/train_splits/dia279_utt4.mp4,809344
datasets/data-final/英文/train_splits/dia279_utt5.mp4,1090264
datasets/data-final/英文/train_splits/dia279_utt6.mp4,676097
datasets/data-final/英文/train_splits/dia279_utt7.mp4,1948346
datasets/data-final/英文/train_splits/dia27_utt0.mp4,1732683
datasets/data-final/英文/train_splits/dia27_utt1.mp4,1604022
datasets/data-final/英文/train_splits/dia280_utt1.mp4,862488
datasets/data-final/英文/train_splits/dia281_utt2.mp4,1949892
datasets/data-final/英文/train_splits/dia281_utt4.mp4,1607250
datasets/data-final/英文/train_splits/dia281_utt6.mp4,1584657
datasets/data-final/英文/train_splits/dia281_utt7.mp4,929490
datasets/data-final/英文/train_splits/dia282_utt0.mp4,1456772
datasets/data-final/英文/train_splits/dia282_utt2.mp4,2538049
datasets/data-final/英文/train_splits/dia283_utt0.mp4,907796
datasets/data-final/英文/train_splits/dia283_utt1.mp4,1421819
datasets/data-final/英文/train_splits/dia283_utt2.mp4,937674
datasets/data-final/英文/train_splits/dia283_utt3.mp4,2198868
datasets/data-final/英文/train_splits/dia283_utt4.mp4,970706
datasets/data-final/英文/train_splits/dia284_utt2.mp4,574686
datasets/data-final/英文/train_splits/dia285_utt0.mp4,629221
datasets/data-final/英文/train_splits/dia285_utt1.mp4,719929
datasets/data-final/英文/train_splits/dia285_utt11.mp4,572517
datasets/data-final/英文/train_splits/dia285_utt16.mp4,460443
datasets/data-final/英文/train_splits/dia285_utt2.mp4,741927
datasets/data-final/英文/train_splits/dia285_utt4.mp4,1444281
datasets/data-final/英文/train_splits/dia285_utt5.mp4,2269380
datasets/data-final/英文/train_splits/dia285_utt6.mp4,1591119
datasets/data-final/英文/train_splits/dia285_utt8.mp4,1043882
datasets/data-final/英文/train_splits/dia286_utt1.mp4,596512
datasets/data-final/英文/train_splits/dia286_utt3.mp4,2427810
datasets/data-final/英文/train_splits/dia287_utt0.mp4,653798
datasets/data-final/英文/train_splits/dia287_utt1.mp4,580727
datasets/data-final/英文/train_splits/dia287_utt12.mp4,1783494
datasets/data-final/英文/train_splits/dia287_utt3.mp4,2141851
datasets/data-final/英文/train_splits/dia287_utt4.mp4,1315526
datasets/data-final/英文/train_splits/dia287_utt6.mp4,804040
datasets/data-final/英文/train_splits/dia287_utt9.mp4,602336
datasets/data-final/英文/train_splits/dia288_utt13.mp4,1784997
datasets/data-final/英文/train_splits/dia288_utt15.mp4,1432469
datasets/data-final/英文/train_splits/dia288_utt16.mp4,739748
datasets/data-final/英文/train_splits/dia288_utt17.mp4,965990
datasets/data-final/英文/train_splits/dia288_utt18.mp4,1703168
datasets/data-final/英文/train_splits/dia288_utt19.mp4,810063
datasets/data-final/英文/train_splits/dia288_utt3.mp4,680294
datasets/data-final/英文/train_splits/dia288_utt5.mp4,545824
datasets/data-final/英文/train_splits/dia288_utt9.mp4,685099
datasets/data-final/英文/train_splits/dia289_utt1.mp4,1361383
datasets/data-final/英文/train_splits/dia289_utt2.mp4,2475523
datasets/data-final/英文/train_splits/dia289_utt3.mp4,703817
datasets/data-final/英文/train_splits/dia289_utt4.mp4,1205668
datasets/data-final/英文/train_splits/dia28_utt4.mp4,1151845
datasets/data-final/英文/train_splits/dia28_utt5.mp4,554068
datasets/data-final/英文/train_splits/dia28_utt6.mp4,2077853
datasets/data-final/英文/train_splits/dia28_utt7.mp4,660165
datasets/data-final/英文/train_splits/dia291_utt0.mp4,1793801
datasets/data-final/英文/train_splits/dia292_utt0.mp4,874859
datasets/data-final/英文/train_splits/dia292_utt1.mp4,1969999
datasets/data-final/英文/train_splits/dia293_utt0.mp4,2107974
datasets/data-final/英文/train_splits/dia293_utt1.mp4,793127
datasets/data-final/英文/train_splits/dia293_utt10.mp4,615942
datasets/data-final/英文/train_splits/dia293_utt3.mp4,974703
datasets/data-final/英文/train_splits/dia293_utt4.mp4,2433309
datasets/data-final/英文/train_splits/dia293_utt5.mp4,1865505
datasets/data-final/英文/train_splits/dia293_utt7.mp4,1677815
datasets/data-final/英文/train_splits/dia293_utt8.mp4,802811
datasets/data-final/英文/train_splits/dia293_utt9.mp4,877736
datasets/data-final/英文/train_splits/dia295_utt1.mp4,631452
datasets/data-final/英文/train_splits/dia295_utt10.mp4,790853
datasets/data-final/英文/train_splits/dia295_utt11.mp4,896041
datasets/data-final/英文/train_splits/dia295_utt13.mp4,741003
datasets/data-final/英文/train_splits/dia295_utt16.mp4,1145100
datasets/data-final/英文/train_splits/dia295_utt21.mp4,923497
datasets/data-final/英文/train_splits/dia295_utt3.mp4,2058096
datasets/data-final/英文/train_splits/dia296_utt0.mp4,988804
datasets/data-final/英文/train_splits/dia296_utt11.mp4,1379126
datasets/data-final/英文/train_splits/dia296_utt14.mp4,771592
datasets/data-final/英文/train_splits/dia296_utt18.mp4,723503
datasets/data-final/英文/train_splits/dia296_utt5.mp4,1515201
datasets/data-final/英文/train_splits/dia296_utt9.mp4,1550781
datasets/data-final/英文/train_splits/dia297_utt0.mp4,1113587
datasets/data-final/英文/train_splits/dia297_utt1.mp4,1776418
datasets/data-final/英文/train_splits/dia297_utt2.mp4,868208
datasets/data-final/英文/train_splits/dia297_utt6.mp4,570288
datasets/data-final/英文/train_splits/dia298_utt2.mp4,472766
datasets/data-final/英文/train_splits/dia298_utt3.mp4,602810
datasets/data-final/英文/train_splits/dia298_utt4.mp4,1272043
datasets/data-final/英文/train_splits/dia299_utt3.mp4,436884
datasets/data-final/英文/train_splits/dia29_utt0.mp4,2262855
datasets/data-final/英文/train_splits/dia29_utt1.mp4,1324634
datasets/data-final/英文/train_splits/dia29_utt10.mp4,1963645
datasets/data-final/英文/train_splits/dia29_utt11.mp4,2533750
datasets/data-final/英文/train_splits/dia29_utt13.mp4,2363502
datasets/data-final/英文/train_splits/dia29_utt2.mp4,1054703
datasets/data-final/英文/train_splits/dia29_utt6.mp4,527888
datasets/data-final/英文/train_splits/dia29_utt7.mp4,758045
datasets/data-final/英文/train_splits/dia29_utt8.mp4,750824
datasets/data-final/英文/train_splits/dia2_utt5.mp4,561444
datasets/data-final/英文/train_splits/dia2_utt6.mp4,1093007
datasets/data-final/英文/train_splits/dia300_utt0.mp4,1179424
datasets/data-final/英文/train_splits/dia300_utt10.mp4,1414611
datasets/data-final/英文/train_splits/dia300_utt5.mp4,2140467
datasets/data-final/英文/train_splits/dia300_utt8.mp4,1902032
datasets/data-final/英文/train_splits/dia300_utt9.mp4,885070
datasets/data-final/英文/train_splits/dia301_utt0.mp4,2259764
datasets/data-final/英文/train_splits/dia301_utt1.mp4,1502458
datasets/data-final/英文/train_splits/dia301_utt10.mp4,2342697
datasets/data-final/英文/train_splits/dia301_utt11.mp4,851082
datasets/data-final/英文/train_splits/dia301_utt12.mp4,2013431
datasets/data-final/英文/train_splits/dia301_utt13.mp4,2138415
datasets/data-final/英文/train_splits/dia301_utt15.mp4,1403797
datasets/data-final/英文/train_splits/dia301_utt16.mp4,626001
datasets/data-final/英文/train_splits/dia301_utt3.mp4,1062263
datasets/data-final/英文/train_splits/dia301_utt4.mp4,702043
datasets/data-final/英文/train_splits/dia301_utt9.mp4,1556682
datasets/data-final/英文/train_splits/dia302_utt0.mp4,1310504
datasets/data-final/英文/train_splits/dia302_utt2.mp4,2460118
datasets/data-final/英文/train_splits/dia302_utt3.mp4,990916
datasets/data-final/英文/train_splits/dia302_utt4.mp4,897353
datasets/data-final/英文/train_splits/dia302_utt7.mp4,2538954
datasets/data-final/英文/train_splits/dia302_utt8.mp4,614975
datasets/data-final/英文/train_splits/dia303_utt1.mp4,944331
datasets/data-final/英文/train_splits/dia304_utt0.mp4,1024627
datasets/data-final/英文/train_splits/dia304_utt10.mp4,586970
datasets/data-final/英文/train_splits/dia304_utt3.mp4,4663996
datasets/data-final/英文/train_splits/dia304_utt4.mp4,672437
datasets/data-final/英文/train_splits/dia304_utt7.mp4,1602120
datasets/data-final/英文/train_splits/dia304_utt8.mp4,763302
datasets/data-final/英文/train_splits/dia305_utt0.mp4,674003
datasets/data-final/英文/train_splits/dia305_utt10.mp4,373895
datasets/data-final/英文/train_splits/dia305_utt11.mp4,1085082
datasets/data-final/英文/train_splits/dia305_utt13.mp4,515412
datasets/data-final/英文/train_splits/dia305_utt3.mp4,2187224
datasets/data-final/英文/train_splits/dia305_utt4.mp4,881839
datasets/data-final/英文/train_splits/dia305_utt6.mp4,722164
datasets/data-final/英文/train_splits/dia306_utt0.mp4,1212460
datasets/data-final/英文/train_splits/dia306_utt1.mp4,621267
datasets/data-final/英文/train_splits/dia306_utt3.mp4,760186
datasets/data-final/英文/train_splits/dia306_utt4.mp4,1971821
datasets/data-final/英文/train_splits/dia306_utt5.mp4,603795
datasets/data-final/英文/train_splits/dia306_utt7.mp4,1110407
datasets/data-final/英文/train_splits/dia307_utt1.mp4,792133
datasets/data-final/英文/train_splits/dia307_utt12.mp4,2709174
datasets/data-final/英文/train_splits/dia307_utt4.mp4,921511
datasets/data-final/英文/train_splits/dia307_utt5.mp4,882668
datasets/data-final/英文/train_splits/dia307_utt7.mp4,944746
datasets/data-final/英文/train_splits/dia307_utt9.mp4,519889
datasets/data-final/英文/train_splits/dia308_utt0.mp4,1895978
datasets/data-final/英文/train_splits/dia308_utt1.mp4,1752892
datasets/data-final/英文/train_splits/dia308_utt2.mp4,988379
datasets/data-final/英文/train_splits/dia308_utt3.mp4,2089375
datasets/data-final/英文/train_splits/dia308_utt5.mp4,562027
datasets/data-final/英文/train_splits/dia309_utt0.mp4,7012093
datasets/data-final/英文/train_splits/dia309_utt1.mp4,654201
datasets/data-final/英文/train_splits/dia30_utt0.mp4,1118449
datasets/data-final/英文/train_splits/dia30_utt1.mp4,736034
datasets/data-final/英文/train_splits/dia30_utt10.mp4,493792
datasets/data-final/英文/train_splits/dia30_utt11.mp4,1341468
datasets/data-final/英文/train_splits/dia30_utt14.mp4,1367083
datasets/data-final/英文/train_splits/dia30_utt2.mp4,889697
datasets/data-final/英文/train_splits/dia30_utt4.mp4,1070779
datasets/data-final/英文/train_splits/dia30_utt7.mp4,2059086
datasets/data-final/英文/train_splits/dia310_utt0.mp4,825586
datasets/data-final/英文/train_splits/dia310_utt1.mp4,466530
datasets/data-final/英文/train_splits/dia310_utt3.mp4,2313020
datasets/data-final/英文/train_splits/dia310_utt5.mp4,916914
datasets/data-final/英文/train_splits/dia310_utt6.mp4,1583666
datasets/data-final/英文/train_splits/dia311_utt11.mp4,799369
datasets/data-final/英文/train_splits/dia311_utt12.mp4,482637
datasets/data-final/英文/train_splits/dia311_utt2.mp4,1538476
datasets/data-final/英文/train_splits/dia311_utt4.mp4,1229457
datasets/data-final/英文/train_splits/dia311_utt7.mp4,647874
datasets/data-final/英文/train_splits/dia311_utt9.mp4,679233
datasets/data-final/英文/train_splits/dia312_utt1.mp4,1518108
datasets/data-final/英文/train_splits/dia312_utt12.mp4,2558319
datasets/data-final/英文/train_splits/dia312_utt14.mp4,1322128
datasets/data-final/英文/train_splits/dia312_utt17.mp4,1780359
datasets/data-final/英文/train_splits/dia312_utt19.mp4,1571801
datasets/data-final/英文/train_splits/dia312_utt21.mp4,535830
datasets/data-final/英文/train_splits/dia312_utt7.mp4,478590
datasets/data-final/英文/train_splits/dia312_utt8.mp4,817038
datasets/data-final/英文/train_splits/dia313_utt2.mp4,1368452
datasets/data-final/英文/train_splits/dia314_utt0.mp4,1839943
datasets/data-final/英文/train_splits/dia314_utt1.mp4,724283
datasets/data-final/英文/train_splits/dia314_utt11.mp4,1051510
datasets/data-final/英文/train_splits/dia314_utt12.mp4,960679
datasets/data-final/英文/train_splits/dia314_utt2.mp4,934285
datasets/data-final/英文/train_splits/dia314_utt5.mp4,610199
datasets/data-final/英文/train_splits/dia314_utt7.mp4,1202406
datasets/data-final/英文/train_splits/dia314_utt9.mp4,1754990
datasets/data-final/英文/train_splits/dia315_utt0.mp4,906409
datasets/data-final/英文/train_splits/dia315_utt2.mp4,642878
datasets/data-final/英文/train_splits/dia315_utt3.mp4,1433479
datasets/data-final/英文/train_splits/dia315_utt4.mp4,572458
datasets/data-final/英文/train_splits/dia315_utt5.mp4,1089924
datasets/data-final/英文/train_splits/dia315_utt7.mp4,1934688
datasets/data-final/英文/train_splits/dia315_utt9.mp4,1923120
datasets/data-final/英文/train_splits/dia316_utt2.mp4,1756787
datasets/data-final/英文/train_splits/dia316_utt4.mp4,841949
datasets/data-final/英文/train_splits/dia316_utt6.mp4,1722454
datasets/data-final/英文/train_splits/dia316_utt8.mp4,1495191
datasets/data-final/英文/train_splits/dia317_utt0.mp4,1760462
datasets/data-final/英文/train_splits/dia317_utt10.mp4,1606978
datasets/data-final/英文/train_splits/dia317_utt13.mp4,668268
datasets/data-final/英文/train_splits/dia317_utt14.mp4,777910
datasets/data-final/英文/train_splits/dia317_utt15.mp4,1289361
datasets/data-final/英文/train_splits/dia317_utt2.mp4,1679350
datasets/data-final/英文/train_splits/dia317_utt3.mp4,1090073
datasets/data-final/英文/train_splits/dia317_utt4.mp4,828620
datasets/data-final/英文/train_splits/dia317_utt5.mp4,867754
datasets/data-final/英文/train_splits/dia317_utt7.mp4,1208759
datasets/data-final/英文/train_splits/dia317_utt8.mp4,1645207
datasets/data-final/英文/train_splits/dia317_utt9.mp4,551231
datasets/data-final/英文/train_splits/dia318_utt0.mp4,597845
datasets/data-final/英文/train_splits/dia319_utt10.mp4,500340
datasets/data-final/英文/train_splits/dia319_utt12.mp4,1521714
datasets/data-final/英文/train_splits/dia319_utt14.mp4,1378344
datasets/data-final/英文/train_splits/dia319_utt16.mp4,1512689
datasets/data-final/英文/train_splits/dia319_utt17.mp4,485002
datasets/data-final/英文/train_splits/dia319_utt19.mp4,622003
datasets/data-final/英文/train_splits/dia319_utt2.mp4,740591
datasets/data-final/英文/train_splits/dia319_utt20.mp4,412788
datasets/data-final/英文/train_splits/dia319_utt22.mp4,424048
datasets/data-final/英文/train_splits/dia319_utt3.mp4,647295
datasets/data-final/英文/train_splits/dia319_utt4.mp4,1213826
datasets/data-final/英文/train_splits/dia319_utt6.mp4,2073882
datasets/data-final/英文/train_splits/dia31_utt0.mp4,1156443
datasets/data-final/英文/train_splits/dia31_utt2.mp4,1417753
datasets/data-final/英文/train_splits/dia31_utt3.mp4,1497308
datasets/data-final/英文/train_splits/dia320_utt1.mp4,2023631
datasets/data-final/英文/train_splits/dia320_utt10.mp4,973841
datasets/data-final/英文/train_splits/dia320_utt11.mp4,2609342
datasets/data-final/英文/train_splits/dia320_utt13.mp4,2946332
datasets/data-final/英文/train_splits/dia320_utt14.mp4,456073
datasets/data-final/英文/train_splits/dia320_utt2.mp4,549156
datasets/data-final/英文/train_splits/dia320_utt4.mp4,663716
datasets/data-final/英文/train_splits/dia320_utt5.mp4,1071827
datasets/data-final/英文/train_splits/dia320_utt8.mp4,1334939
datasets/data-final/英文/train_splits/dia320_utt9.mp4,580920
datasets/data-final/英文/train_splits/dia321_utt10.mp4,688086
datasets/data-final/英文/train_splits/dia321_utt2.mp4,449615
datasets/data-final/英文/train_splits/dia321_utt9.mp4,847694
datasets/data-final/英文/train_splits/dia322_utt0.mp4,926998
datasets/data-final/英文/train_splits/dia322_utt1.mp4,488597
datasets/data-final/英文/train_splits/dia323_utt0.mp4,1914001
datasets/data-final/英文/train_splits/dia324_utt2.mp4,864774
datasets/data-final/英文/train_splits/dia324_utt4.mp4,2042980
datasets/data-final/英文/train_splits/dia324_utt5.mp4,3971076
datasets/data-final/英文/train_splits/dia324_utt6.mp4,1712483
datasets/data-final/英文/train_splits/dia324_utt7.mp4,676578
datasets/data-final/英文/train_splits/dia325_utt0.mp4,1287011
datasets/data-final/英文/train_splits/dia326_utt0.mp4,473362
datasets/data-final/英文/train_splits/dia326_utt4.mp4,523965
datasets/data-final/英文/train_splits/dia326_utt6.mp4,513313
datasets/data-final/英文/train_splits/dia326_utt8.mp4,759604
datasets/data-final/英文/train_splits/dia327_utt0.mp4,465193
datasets/data-final/英文/train_splits/dia327_utt2.mp4,730369
datasets/data-final/英文/train_splits/dia327_utt3.mp4,490558
datasets/data-final/英文/train_splits/dia327_utt5.mp4,866249
datasets/data-final/英文/train_splits/dia327_utt6.mp4,910859
datasets/data-final/英文/train_splits/dia328_utt0.mp4,841520
datasets/data-final/英文/train_splits/dia328_utt1.mp4,1503699
datasets/data-final/英文/train_splits/dia328_utt4.mp4,1059477
datasets/data-final/英文/train_splits/dia328_utt8.mp4,2063649
datasets/data-final/英文/train_splits/dia329_utt1.mp4,1452358
datasets/data-final/英文/train_splits/dia329_utt5.mp4,1063000
datasets/data-final/英文/train_splits/dia329_utt6.mp4,1453830
datasets/data-final/英文/train_splits/dia32_utt1.mp4,4694016
datasets/data-final/英文/train_splits/dia32_utt11.mp4,978578
datasets/data-final/英文/train_splits/dia32_utt12.mp4,2108271
datasets/data-final/英文/train_splits/dia32_utt3.mp4,544465
datasets/data-final/英文/train_splits/dia330_utt1.mp4,1519078
datasets/data-final/英文/train_splits/dia331_utt1.mp4,379231
datasets/data-final/英文/train_splits/dia331_utt3.mp4,494436
datasets/data-final/英文/train_splits/dia331_utt4.mp4,734734
datasets/data-final/英文/train_splits/dia331_utt8.mp4,1120812
datasets/data-final/英文/train_splits/dia332_utt0.mp4,704184
datasets/data-final/英文/train_splits/dia332_utt14.mp4,573476
datasets/data-final/英文/train_splits/dia332_utt3.mp4,730521
datasets/data-final/英文/train_splits/dia332_utt7.mp4,1178072
datasets/data-final/英文/train_splits/dia332_utt8.mp4,987370
datasets/data-final/英文/train_splits/dia333_utt0.mp4,882332
datasets/data-final/英文/train_splits/dia333_utt2.mp4,612235
datasets/data-final/英文/train_splits/dia333_utt4.mp4,1783945
datasets/data-final/英文/train_splits/dia334_utt0.mp4,775945
datasets/data-final/英文/train_splits/dia334_utt12.mp4,743482
datasets/data-final/英文/train_splits/dia334_utt2.mp4,621986
datasets/data-final/英文/train_splits/dia334_utt5.mp4,849100
datasets/data-final/英文/train_splits/dia334_utt6.mp4,672889
datasets/data-final/英文/train_splits/dia334_utt7.mp4,496679
datasets/data-final/英文/train_splits/dia335_utt0.mp4,1412753
datasets/data-final/英文/train_splits/dia335_utt2.mp4,739343
datasets/data-final/英文/train_splits/dia335_utt3.mp4,464932
datasets/data-final/英文/train_splits/dia336_utt0.mp4,2541810
datasets/data-final/英文/train_splits/dia336_utt10.mp4,520457
datasets/data-final/英文/train_splits/dia336_utt12.mp4,1294581
datasets/data-final/英文/train_splits/dia336_utt13.mp4,2403607
datasets/data-final/英文/train_splits/dia336_utt14.mp4,1093954
datasets/data-final/英文/train_splits/dia336_utt15.mp4,2145563
datasets/data-final/英文/train_splits/dia336_utt16.mp4,2288421
datasets/data-final/英文/train_splits/dia336_utt17.mp4,533177
datasets/data-final/英文/train_splits/dia336_utt18.mp4,670408
datasets/data-final/英文/train_splits/dia336_utt19.mp4,1870544
datasets/data-final/英文/train_splits/dia336_utt2.mp4,1836257
datasets/data-final/英文/train_splits/dia336_utt20.mp4,772410
datasets/data-final/英文/train_splits/dia336_utt7.mp4,1157725
datasets/data-final/英文/train_splits/dia336_utt8.mp4,2260685
datasets/data-final/英文/train_splits/dia336_utt9.mp4,2726670
datasets/data-final/英文/train_splits/dia337_utt1.mp4,767390
datasets/data-final/英文/train_splits/dia337_utt10.mp4,1257015
datasets/data-final/英文/train_splits/dia337_utt14.mp4,409550
datasets/data-final/英文/train_splits/dia337_utt16.mp4,1077214
datasets/data-final/英文/train_splits/dia337_utt17.mp4,1031719
datasets/data-final/英文/train_splits/dia337_utt2.mp4,1236987
datasets/data-final/英文/train_splits/dia337_utt3.mp4,1867416
datasets/data-final/英文/train_splits/dia337_utt5.mp4,1078571
datasets/data-final/英文/train_splits/dia337_utt9.mp4,811030
datasets/data-final/英文/train_splits/dia338_utt1.mp4,1295515
datasets/data-final/英文/train_splits/dia338_utt10.mp4,618234
datasets/data-final/英文/train_splits/dia338_utt11.mp4,568956
datasets/data-final/英文/train_splits/dia338_utt12.mp4,1167827
datasets/data-final/英文/train_splits/dia338_utt13.mp4,1183909
datasets/data-final/英文/train_splits/dia338_utt16.mp4,1122422
datasets/data-final/英文/train_splits/dia338_utt2.mp4,1102419
datasets/data-final/英文/train_splits/dia338_utt4.mp4,1267229
datasets/data-final/英文/train_splits/dia338_utt5.mp4,1481316
datasets/data-final/英文/train_splits/dia338_utt6.mp4,3401541
datasets/data-final/英文/train_splits/dia339_utt0.mp4,1219623
datasets/data-final/英文/train_splits/dia33_utt1.mp4,628349
datasets/data-final/英文/train_splits/dia33_utt10.mp4,1364614
datasets/data-final/英文/train_splits/dia33_utt3.mp4,3116944
datasets/data-final/英文/train_splits/dia33_utt5.mp4,1293869
datasets/data-final/英文/train_splits/dia33_utt6.mp4,762902
datasets/data-final/英文/train_splits/dia33_utt9.mp4,1896991
datasets/data-final/英文/train_splits/dia342_utt10.mp4,643685
datasets/data-final/英文/train_splits/dia342_utt14.mp4,709770
datasets/data-final/英文/train_splits/dia342_utt15.mp4,1268676
datasets/data-final/英文/train_splits/dia342_utt18.mp4,435838
datasets/data-final/英文/train_splits/dia342_utt19.mp4,728215
datasets/data-final/英文/train_splits/dia342_utt2.mp4,986373
datasets/data-final/英文/train_splits/dia342_utt3.mp4,679243
datasets/data-final/英文/train_splits/dia342_utt5.mp4,842029
datasets/data-final/英文/train_splits/dia342_utt7.mp4,566266
datasets/data-final/英文/train_splits/dia342_utt8.mp4,524908
datasets/data-final/英文/train_splits/dia342_utt9.mp4,834215
datasets/data-final/英文/train_splits/dia343_utt0.mp4,810397
datasets/data-final/英文/train_splits/dia344_utt13.mp4,488559
datasets/data-final/英文/train_splits/dia344_utt14.mp4,804006
datasets/data-final/英文/train_splits/dia344_utt15.mp4,5538989
datasets/data-final/英文/train_splits/dia344_utt3.mp4,524879
datasets/data-final/英文/train_splits/dia344_utt6.mp4,610097
datasets/data-final/英文/train_splits/dia345_utt2.mp4,775062
datasets/data-final/英文/train_splits/dia345_utt3.mp4,1961162
datasets/data-final/英文/train_splits/dia345_utt4.mp4,3485671
datasets/data-final/英文/train_splits/dia346_utt0.mp4,1230717
datasets/data-final/英文/train_splits/dia346_utt3.mp4,680941
datasets/data-final/英文/train_splits/dia346_utt4.mp4,1888359
datasets/data-final/英文/train_splits/dia346_utt5.mp4,796566
datasets/data-final/英文/train_splits/dia346_utt6.mp4,2247410
datasets/data-final/英文/train_splits/dia347_utt3.mp4,2082636
datasets/data-final/英文/train_splits/dia347_utt4.mp4,680949
datasets/data-final/英文/train_splits/dia347_utt5.mp4,491556
datasets/data-final/英文/train_splits/dia347_utt7.mp4,678885
datasets/data-final/英文/train_splits/dia347_utt8.mp4,1362667
datasets/data-final/英文/train_splits/dia347_utt9.mp4,883796
datasets/data-final/英文/train_splits/dia348_utt0.mp4,546008
datasets/data-final/英文/train_splits/dia348_utt2.mp4,826048
datasets/data-final/英文/train_splits/dia348_utt4.mp4,1069583
datasets/data-final/英文/train_splits/dia349_utt10.mp4,1103716
datasets/data-final/英文/train_splits/dia349_utt11.mp4,1314542
datasets/data-final/英文/train_splits/dia349_utt3.mp4,1352064
datasets/data-final/英文/train_splits/dia349_utt7.mp4,1860061
datasets/data-final/英文/train_splits/dia349_utt9.mp4,933106
datasets/data-final/英文/train_splits/dia34_utt1.mp4,808918
datasets/data-final/英文/train_splits/dia34_utt10.mp4,784962
datasets/data-final/英文/train_splits/dia34_utt13.mp4,624231
datasets/data-final/英文/train_splits/dia34_utt2.mp4,718214
datasets/data-final/英文/train_splits/dia34_utt5.mp4,489284
datasets/data-final/英文/train_splits/dia34_utt8.mp4,542800
datasets/data-final/英文/train_splits/dia350_utt2.mp4,2439595
datasets/data-final/英文/train_splits/dia350_utt3.mp4,727120
datasets/data-final/英文/train_splits/dia350_utt4.mp4,1309112
datasets/data-final/英文/train_splits/dia350_utt5.mp4,559722
datasets/data-final/英文/train_splits/dia350_utt6.mp4,1302009
datasets/data-final/英文/train_splits/dia351_utt0.mp4,980020
datasets/data-final/英文/train_splits/dia351_utt13.mp4,366891
datasets/data-final/英文/train_splits/dia351_utt15.mp4,481142
datasets/data-final/英文/train_splits/dia351_utt4.mp4,639341
datasets/data-final/英文/train_splits/dia351_utt5.mp4,559677
datasets/data-final/英文/train_splits/dia351_utt6.mp4,637899
datasets/data-final/英文/train_splits/dia351_utt8.mp4,677373
datasets/data-final/英文/train_splits/dia352_utt1.mp4,609553
datasets/data-final/英文/train_splits/dia352_utt3.mp4,738099
datasets/data-final/英文/train_splits/dia353_utt0.mp4,2267534
datasets/data-final/英文/train_splits/dia353_utt1.mp4,1440808
datasets/data-final/英文/train_splits/dia354_utt1.mp4,1361779
datasets/data-final/英文/train_splits/dia354_utt13.mp4,1779829
datasets/data-final/英文/train_splits/dia354_utt15.mp4,1825897
datasets/data-final/英文/train_splits/dia354_utt2.mp4,886995
datasets/data-final/英文/train_splits/dia354_utt4.mp4,1628013
datasets/data-final/英文/train_splits/dia354_utt6.mp4,824144
datasets/data-final/英文/train_splits/dia354_utt8.mp4,2038334
datasets/data-final/英文/train_splits/dia354_utt9.mp4,967388
datasets/data-final/英文/train_splits/dia356_utt0.mp4,2261396
datasets/data-final/英文/train_splits/dia356_utt1.mp4,1194684
datasets/data-final/英文/train_splits/dia356_utt10.mp4,1281384
datasets/data-final/英文/train_splits/dia356_utt13.mp4,1424215
datasets/data-final/英文/train_splits/dia356_utt16.mp4,674513
datasets/data-final/英文/train_splits/dia356_utt17.mp4,781696
datasets/data-final/英文/train_splits/dia356_utt2.mp4,1212755
datasets/data-final/英文/train_splits/dia356_utt7.mp4,808654
datasets/data-final/英文/train_splits/dia356_utt8.mp4,775302
datasets/data-final/英文/train_splits/dia356_utt9.mp4,1740226
datasets/data-final/英文/train_splits/dia357_utt2.mp4,670454
datasets/data-final/英文/train_splits/dia358_utt0.mp4,774390
datasets/data-final/英文/train_splits/dia358_utt10.mp4,2025155
datasets/data-final/英文/train_splits/dia358_utt12.mp4,1373878
datasets/data-final/英文/train_splits/dia358_utt13.mp4,586096
datasets/data-final/英文/train_splits/dia358_utt15.mp4,1671408
datasets/data-final/英文/train_splits/dia358_utt16.mp4,1031920
datasets/data-final/英文/train_splits/dia358_utt18.mp4,585072
datasets/data-final/英文/train_splits/dia358_utt5.mp4,759522
datasets/data-final/英文/train_splits/dia358_utt6.mp4,956011
datasets/data-final/英文/train_splits/dia358_utt7.mp4,650914
datasets/data-final/英文/train_splits/dia358_utt9.mp4,826471
datasets/data-final/英文/train_splits/dia359_utt3.mp4,1127266
datasets/data-final/英文/train_splits/dia359_utt4.mp4,2399274
datasets/data-final/英文/train_splits/dia359_utt5.mp4,1460871
datasets/data-final/英文/train_splits/dia359_utt6.mp4,756112
datasets/data-final/英文/train_splits/dia35_utt3.mp4,674324
datasets/data-final/英文/train_splits/dia35_utt5.mp4,2784496
datasets/data-final/英文/train_splits/dia360_utt0.mp4,847268
datasets/data-final/英文/train_splits/dia360_utt1.mp4,1031203
datasets/data-final/英文/train_splits/dia360_utt3.mp4,1050717
datasets/data-final/英文/train_splits/dia360_utt4.mp4,1258706
datasets/data-final/英文/train_splits/dia361_utt11.mp4,1408254
datasets/data-final/英文/train_splits/dia361_utt13.mp4,1225874
datasets/data-final/英文/train_splits/dia361_utt14.mp4,719077
datasets/data-final/英文/train_splits/dia361_utt2.mp4,777527
datasets/data-final/英文/train_splits/dia361_utt3.mp4,489592
datasets/data-final/英文/train_splits/dia361_utt4.mp4,727727
datasets/data-final/英文/train_splits/dia361_utt9.mp4,1010504
datasets/data-final/英文/train_splits/dia362_utt0.mp4,2025388
datasets/data-final/英文/train_splits/dia362_utt2.mp4,820343
datasets/data-final/英文/train_splits/dia362_utt3.mp4,850942
datasets/data-final/英文/train_splits/dia362_utt4.mp4,622274
datasets/data-final/英文/train_splits/dia362_utt5.mp4,2383340
datasets/data-final/英文/train_splits/dia362_utt6.mp4,711114
datasets/data-final/英文/train_splits/dia362_utt8.mp4,676551
datasets/data-final/英文/train_splits/dia362_utt9.mp4,1972012
datasets/data-final/英文/train_splits/dia363_utt1.mp4,708631
datasets/data-final/英文/train_splits/dia365_utt10.mp4,1308822
datasets/data-final/英文/train_splits/dia365_utt12.mp4,916428
datasets/data-final/英文/train_splits/dia365_utt13.mp4,1508069
datasets/data-final/英文/train_splits/dia365_utt3.mp4,1115761
datasets/data-final/英文/train_splits/dia365_utt5.mp4,985211
datasets/data-final/英文/train_splits/dia365_utt7.mp4,1418947
datasets/data-final/英文/train_splits/dia366_utt10.mp4,1956377
datasets/data-final/英文/train_splits/dia366_utt17.mp4,582863
datasets/data-final/英文/train_splits/dia366_utt5.mp4,1272245
datasets/data-final/英文/train_splits/dia366_utt6.mp4,1351569
datasets/data-final/英文/train_splits/dia366_utt7.mp4,2169832
datasets/data-final/英文/train_splits/dia366_utt8.mp4,1867280
datasets/data-final/英文/train_splits/dia367_utt1.mp4,639101
datasets/data-final/英文/train_splits/dia367_utt10.mp4,969372
datasets/data-final/英文/train_splits/dia367_utt13.mp4,1048710
datasets/data-final/英文/train_splits/dia367_utt14.mp4,915235
datasets/data-final/英文/train_splits/dia367_utt15.mp4,959660
datasets/data-final/英文/train_splits/dia367_utt2.mp4,1259400
datasets/data-final/英文/train_splits/dia367_utt4.mp4,592493
datasets/data-final/英文/train_splits/dia368_utt0.mp4,3071615
datasets/data-final/英文/train_splits/dia368_utt1.mp4,2692766
datasets/data-final/英文/train_splits/dia36_utt0.mp4,702362
datasets/data-final/英文/train_splits/dia36_utt1.mp4,1708555
datasets/data-final/英文/train_splits/dia36_utt3.mp4,609490
datasets/data-final/英文/train_splits/dia370_utt1.mp4,1785529
datasets/data-final/英文/train_splits/dia371_utt7.mp4,973446
datasets/data-final/英文/train_splits/dia371_utt9.mp4,821766
datasets/data-final/英文/train_splits/dia372_utt5.mp4,488903
datasets/data-final/英文/train_splits/dia372_utt6.mp4,492018
datasets/data-final/英文/train_splits/dia372_utt8.mp4,1310850
datasets/data-final/英文/train_splits/dia372_utt9.mp4,761766
datasets/data-final/英文/train_splits/dia373_utt4.mp4,1718928
datasets/data-final/英文/train_splits/dia374_utt1.mp4,531204
datasets/data-final/英文/train_splits/dia374_utt11.mp4,418318
datasets/data-final/英文/train_splits/dia374_utt13.mp4,583857
datasets/data-final/英文/train_splits/dia374_utt14.mp4,446309
datasets/data-final/英文/train_splits/dia374_utt3.mp4,741498
datasets/data-final/英文/train_splits/dia374_utt4.mp4,779135
datasets/data-final/英文/train_splits/dia374_utt6.mp4,642657
datasets/data-final/英文/train_splits/dia374_utt7.mp4,531111
datasets/data-final/英文/train_splits/dia374_utt9.mp4,565467
datasets/data-final/英文/train_splits/dia375_utt1.mp4,720904
datasets/data-final/英文/train_splits/dia375_utt4.mp4,801588
datasets/data-final/英文/train_splits/dia376_utt2.mp4,3046061
datasets/data-final/英文/train_splits/dia376_utt3.mp4,1492558
datasets/data-final/英文/train_splits/dia377_utt0.mp4,494466
datasets/data-final/英文/train_splits/dia377_utt2.mp4,478964
datasets/data-final/英文/train_splits/dia377_utt3.mp4,640680
datasets/data-final/英文/train_splits/dia377_utt4.mp4,295041
datasets/data-final/英文/train_splits/dia377_utt5.mp4,487090
datasets/data-final/英文/train_splits/dia377_utt6.mp4,1172894
datasets/data-final/英文/train_splits/dia378_utt2.mp4,878669
datasets/data-final/英文/train_splits/dia379_utt0.mp4,722052
datasets/data-final/英文/train_splits/dia379_utt2.mp4,450034
datasets/data-final/英文/train_splits/dia379_utt3.mp4,745994
datasets/data-final/英文/train_splits/dia379_utt4.mp4,538105
datasets/data-final/英文/train_splits/dia379_utt5.mp4,548756
datasets/data-final/英文/train_splits/dia379_utt9.mp4,632195
datasets/data-final/英文/train_splits/dia37_utt0.mp4,2256238
datasets/data-final/英文/train_splits/dia37_utt2.mp4,1646158
datasets/data-final/英文/train_splits/dia37_utt3.mp4,805184
datasets/data-final/英文/train_splits/dia380_utt0.mp4,1902702
datasets/data-final/英文/train_splits/dia380_utt2.mp4,1391861
datasets/data-final/英文/train_splits/dia381_utt0.mp4,815460
datasets/data-final/英文/train_splits/dia382_utt0.mp4,717990
datasets/data-final/英文/train_splits/dia383_utt1.mp4,669009
datasets/data-final/英文/train_splits/dia383_utt2.mp4,251754
datasets/data-final/英文/train_splits/dia383_utt3.mp4,289440
datasets/data-final/英文/train_splits/dia383_utt4.mp4,247430
datasets/data-final/英文/train_splits/dia383_utt5.mp4,443283
datasets/data-final/英文/train_splits/dia383_utt8.mp4,489066
datasets/data-final/英文/train_splits/dia384_utt1.mp4,1604191
datasets/data-final/英文/train_splits/dia384_utt2.mp4,1328516
datasets/data-final/英文/train_splits/dia384_utt3.mp4,837863
datasets/data-final/英文/train_splits/dia384_utt4.mp4,1185924
datasets/data-final/英文/train_splits/dia385_utt0.mp4,768317
datasets/data-final/英文/train_splits/dia385_utt1.mp4,1156726
datasets/data-final/英文/train_splits/dia385_utt3.mp4,688970
datasets/data-final/英文/train_splits/dia385_utt4.mp4,1969085
datasets/data-final/英文/train_splits/dia387_utt0.mp4,1359757
datasets/data-final/英文/train_splits/dia388_utt0.mp4,1049246
datasets/data-final/英文/train_splits/dia388_utt1.mp4,1264022
datasets/data-final/英文/train_splits/dia388_utt11.mp4,739246
datasets/data-final/英文/train_splits/dia388_utt14.mp4,1056804
datasets/data-final/英文/train_splits/dia388_utt16.mp4,1094110
datasets/data-final/英文/train_splits/dia388_utt2.mp4,2040455
datasets/data-final/英文/train_splits/dia388_utt4.mp4,711671
datasets/data-final/英文/train_splits/dia388_utt6.mp4,1765726
datasets/data-final/英文/train_splits/dia388_utt7.mp4,554638
datasets/data-final/英文/train_splits/dia388_utt8.mp4,1113145
datasets/data-final/英文/train_splits/dia388_utt9.mp4,399719
datasets/data-final/英文/train_splits/dia389_utt10.mp4,633688
datasets/data-final/英文/train_splits/dia389_utt3.mp4,1632463
datasets/data-final/英文/train_splits/dia389_utt6.mp4,1102033
datasets/data-final/英文/train_splits/dia389_utt7.mp4,1585708
datasets/data-final/英文/train_splits/dia389_utt8.mp4,937624
datasets/data-final/英文/train_splits/dia38_utt3.mp4,615580
datasets/data-final/英文/train_splits/dia38_utt4.mp4,403447
datasets/data-final/英文/train_splits/dia38_utt5.mp4,586739
datasets/data-final/英文/train_splits/dia38_utt6.mp4,1171049
datasets/data-final/英文/train_splits/dia38_utt9.mp4,612519
datasets/data-final/英文/train_splits/dia392_utt11.mp4,496536
datasets/data-final/英文/train_splits/dia392_utt12.mp4,508050
datasets/data-final/英文/train_splits/dia392_utt5.mp4,677139
datasets/data-final/英文/train_splits/dia392_utt6.mp4,1078804
datasets/data-final/英文/train_splits/dia392_utt7.mp4,1150390
datasets/data-final/英文/train_splits/dia392_utt9.mp4,583963
datasets/data-final/英文/train_splits/dia393_utt2.mp4,953637
datasets/data-final/英文/train_splits/dia393_utt5.mp4,1010905
datasets/data-final/英文/train_splits/dia393_utt6.mp4,2356821
datasets/data-final/英文/train_splits/dia394_utt0.mp4,672763
datasets/data-final/英文/train_splits/dia394_utt1.mp4,1884627
datasets/data-final/英文/train_splits/dia395_utt0.mp4,601427
datasets/data-final/英文/train_splits/dia395_utt3.mp4,808388
datasets/data-final/英文/train_splits/dia395_utt5.mp4,1145207
datasets/data-final/英文/train_splits/dia397_utt0.mp4,1087799
datasets/data-final/英文/train_splits/dia398_utt12.mp4,585660
datasets/data-final/英文/train_splits/dia398_utt2.mp4,4447520
datasets/data-final/英文/train_splits/dia398_utt4.mp4,1434084
datasets/data-final/英文/train_splits/dia398_utt7.mp4,969302
datasets/data-final/英文/train_splits/dia39_utt0.mp4,844923
datasets/data-final/英文/train_splits/dia39_utt10.mp4,1123316
datasets/data-final/英文/train_splits/dia39_utt11.mp4,1456879
datasets/data-final/英文/train_splits/dia39_utt13.mp4,699021
datasets/data-final/英文/train_splits/dia39_utt14.mp4,821357
datasets/data-final/英文/train_splits/dia39_utt15.mp4,3048616
datasets/data-final/英文/train_splits/dia39_utt16.mp4,2379485
datasets/data-final/英文/train_splits/dia39_utt17.mp4,576732
datasets/data-final/英文/train_splits/dia39_utt3.mp4,602629
datasets/data-final/英文/train_splits/dia39_utt4.mp4,727357
datasets/data-final/英文/train_splits/dia39_utt7.mp4,1546773
datasets/data-final/英文/train_splits/dia3_utt0.mp4,444633
datasets/data-final/英文/train_splits/dia3_utt3.mp4,517348
datasets/data-final/英文/train_splits/dia3_utt4.mp4,666253
datasets/data-final/英文/train_splits/dia3_utt5.mp4,634447
datasets/data-final/英文/train_splits/dia3_utt6.mp4,604804
datasets/data-final/英文/train_splits/dia3_utt8.mp4,505521
datasets/data-final/英文/train_splits/dia400_utt1.mp4,2193316
datasets/data-final/英文/train_splits/dia400_utt2.mp4,3483084
datasets/data-final/英文/train_splits/dia400_utt7.mp4,911477
datasets/data-final/英文/train_splits/dia400_utt8.mp4,855350
datasets/data-final/英文/train_splits/dia401_utt1.mp4,815248
datasets/data-final/英文/train_splits/dia401_utt10.mp4,1942993
datasets/data-final/英文/train_splits/dia401_utt11.mp4,1456898
datasets/data-final/英文/train_splits/dia401_utt12.mp4,1019835
datasets/data-final/英文/train_splits/dia401_utt2.mp4,892207
datasets/data-final/英文/train_splits/dia401_utt4.mp4,1146419
datasets/data-final/英文/train_splits/dia401_utt7.mp4,1097545
datasets/data-final/英文/train_splits/dia401_utt9.mp4,2112864
datasets/data-final/英文/train_splits/dia402_utt0.mp4,787134
datasets/data-final/英文/train_splits/dia403_utt0.mp4,1139249
datasets/data-final/英文/train_splits/dia404_utt0.mp4,924958
datasets/data-final/英文/train_splits/dia404_utt1.mp4,2243980
datasets/data-final/英文/train_splits/dia404_utt15.mp4,899361
datasets/data-final/英文/train_splits/dia404_utt4.mp4,946636
datasets/data-final/英文/train_splits/dia404_utt5.mp4,1086649
datasets/data-final/英文/train_splits/dia404_utt8.mp4,1218990
datasets/data-final/英文/train_splits/dia405_utt0.mp4,1181492
datasets/data-final/英文/train_splits/dia405_utt6.mp4,1141853
datasets/data-final/英文/train_splits/dia406_utt0.mp4,796802
datasets/data-final/英文/train_splits/dia407_utt0.mp4,535577
datasets/data-final/英文/train_splits/dia407_utt1.mp4,1012920
datasets/data-final/英文/train_splits/dia407_utt10.mp4,1564697
datasets/data-final/英文/train_splits/dia407_utt2.mp4,714311
datasets/data-final/英文/train_splits/dia407_utt4.mp4,791292
datasets/data-final/英文/train_splits/dia407_utt5.mp4,991093
datasets/data-final/英文/train_splits/dia407_utt6.mp4,553224
datasets/data-final/英文/train_splits/dia407_utt9.mp4,733115
datasets/data-final/英文/train_splits/dia408_utt2.mp4,675716
datasets/data-final/英文/train_splits/dia408_utt4.mp4,438925
datasets/data-final/英文/train_splits/dia409_utt1.mp4,1709976
datasets/data-final/英文/train_splits/dia409_utt10.mp4,761382
datasets/data-final/英文/train_splits/dia409_utt2.mp4,2201492
datasets/data-final/英文/train_splits/dia409_utt6.mp4,1063866
datasets/data-final/英文/train_splits/dia409_utt8.mp4,665991
datasets/data-final/英文/train_splits/dia40_utt1.mp4,597816
datasets/data-final/英文/train_splits/dia40_utt11.mp4,644463
datasets/data-final/英文/train_splits/dia40_utt4.mp4,455992
datasets/data-final/英文/train_splits/dia40_utt6.mp4,422665
datasets/data-final/英文/train_splits/dia40_utt8.mp4,765312
datasets/data-final/英文/train_splits/dia410_utt0.mp4,1176633
datasets/data-final/英文/train_splits/dia410_utt1.mp4,908216
datasets/data-final/英文/train_splits/dia410_utt14.mp4,885360
datasets/data-final/英文/train_splits/dia410_utt15.mp4,491374
datasets/data-final/英文/train_splits/dia410_utt2.mp4,649354
datasets/data-final/英文/train_splits/dia410_utt3.mp4,665515
datasets/data-final/英文/train_splits/dia410_utt4.mp4,534384
datasets/data-final/英文/train_splits/dia410_utt5.mp4,649160
datasets/data-final/英文/train_splits/dia410_utt6.mp4,734817
datasets/data-final/英文/train_splits/dia410_utt7.mp4,788742
datasets/data-final/英文/train_splits/dia410_utt8.mp4,741359
datasets/data-final/英文/train_splits/dia410_utt9.mp4,875942
datasets/data-final/英文/train_splits/dia411_utt0.mp4,1563236
datasets/data-final/英文/train_splits/dia411_utt1.mp4,591225
datasets/data-final/英文/train_splits/dia411_utt2.mp4,1335879
datasets/data-final/英文/train_splits/dia412_utt0.mp4,3031209
datasets/data-final/英文/train_splits/dia412_utt1.mp4,2114795
datasets/data-final/英文/train_splits/dia412_utt12.mp4,562775
datasets/data-final/英文/train_splits/dia412_utt13.mp4,1280903
datasets/data-final/英文/train_splits/dia412_utt14.mp4,781733
datasets/data-final/英文/train_splits/dia412_utt16.mp4,726802
datasets/data-final/英文/train_splits/dia412_utt2.mp4,945568
datasets/data-final/英文/train_splits/dia412_utt6.mp4,1339572
datasets/data-final/英文/train_splits/dia412_utt7.mp4,773991
datasets/data-final/英文/train_splits/dia413_utt2.mp4,782043
datasets/data-final/英文/train_splits/dia413_utt4.mp4,496200
datasets/data-final/英文/train_splits/dia414_utt3.mp4,839665
datasets/data-final/英文/train_splits/dia414_utt4.mp4,2035222
datasets/data-final/英文/train_splits/dia414_utt6.mp4,1577051
datasets/data-final/英文/train_splits/dia414_utt7.mp4,554836
datasets/data-final/英文/train_splits/dia414_utt8.mp4,507694
datasets/data-final/英文/train_splits/dia415_utt10.mp4,1031800
datasets/data-final/英文/train_splits/dia415_utt3.mp4,618697
datasets/data-final/英文/train_splits/dia415_utt8.mp4,645913
datasets/data-final/英文/train_splits/dia416_utt0.mp4,815589
datasets/data-final/英文/train_splits/dia416_utt1.mp4,589569
datasets/data-final/英文/train_splits/dia416_utt2.mp4,1330258
datasets/data-final/英文/train_splits/dia416_utt4.mp4,757353
datasets/data-final/英文/train_splits/dia418_utt0.mp4,1193836
datasets/data-final/英文/train_splits/dia418_utt1.mp4,384385
datasets/data-final/英文/train_splits/dia418_utt10.mp4,367804
datasets/data-final/英文/train_splits/dia418_utt11.mp4,420833
datasets/data-final/英文/train_splits/dia418_utt13.mp4,635643
datasets/data-final/英文/train_splits/dia418_utt15.mp4,1134986
datasets/data-final/英文/train_splits/dia418_utt16.mp4,536902
datasets/data-final/英文/train_splits/dia418_utt18.mp4,438593
datasets/data-final/英文/train_splits/dia418_utt19.mp4,673134
datasets/data-final/英文/train_splits/dia418_utt2.mp4,695852
datasets/data-final/英文/train_splits/dia418_utt21.mp4,526637
datasets/data-final/英文/train_splits/dia418_utt3.mp4,980040
datasets/data-final/英文/train_splits/dia418_utt5.mp4,1313611
datasets/data-final/英文/train_splits/dia419_utt0.mp4,804166
datasets/data-final/英文/train_splits/dia41_utt0.mp4,2293039
datasets/data-final/英文/train_splits/dia41_utt1.mp4,2513918
datasets/data-final/英文/train_splits/dia41_utt11.mp4,517051
datasets/data-final/英文/train_splits/dia41_utt13.mp4,1870511
datasets/data-final/英文/train_splits/dia41_utt14.mp4,691546
datasets/data-final/英文/train_splits/dia41_utt15.mp4,726122
datasets/data-final/英文/train_splits/dia41_utt2.mp4,934405
datasets/data-final/英文/train_splits/dia41_utt3.mp4,879333
datasets/data-final/英文/train_splits/dia41_utt4.mp4,1983402
datasets/data-final/英文/train_splits/dia41_utt6.mp4,560541
datasets/data-final/英文/train_splits/dia41_utt7.mp4,1125566
datasets/data-final/英文/train_splits/dia420_utt0.mp4,694150
datasets/data-final/英文/train_splits/dia420_utt3.mp4,992374
datasets/data-final/英文/train_splits/dia420_utt4.mp4,1029402
datasets/data-final/英文/train_splits/dia420_utt5.mp4,1871842
datasets/data-final/英文/train_splits/dia420_utt6.mp4,1728821
datasets/data-final/英文/train_splits/dia420_utt7.mp4,641861
datasets/data-final/英文/train_splits/dia421_utt3.mp4,578526
datasets/data-final/英文/train_splits/dia421_utt4.mp4,665027
datasets/data-final/英文/train_splits/dia421_utt7.mp4,953981
datasets/data-final/英文/train_splits/dia422_utt0.mp4,975989
datasets/data-final/英文/train_splits/dia422_utt1.mp4,576171
datasets/data-final/英文/train_splits/dia422_utt7.mp4,884781
datasets/data-final/英文/train_splits/dia423_utt4.mp4,876250
datasets/data-final/英文/train_splits/dia423_utt7.mp4,1484521
datasets/data-final/英文/train_splits/dia423_utt9.mp4,656417
datasets/data-final/英文/train_splits/dia424_utt0.mp4,845442
datasets/data-final/英文/train_splits/dia424_utt11.mp4,1870472
datasets/data-final/英文/train_splits/dia424_utt12.mp4,919293
datasets/data-final/英文/train_splits/dia424_utt15.mp4,836126
datasets/data-final/英文/train_splits/dia424_utt2.mp4,920203
datasets/data-final/英文/train_splits/dia424_utt4.mp4,1065310
datasets/data-final/英文/train_splits/dia424_utt5.mp4,1481049
datasets/data-final/英文/train_splits/dia424_utt6.mp4,794663
datasets/data-final/英文/train_splits/dia424_utt8.mp4,1329482
datasets/data-final/英文/train_splits/dia425_utt1.mp4,1503662
datasets/data-final/英文/train_splits/dia425_utt2.mp4,868824
datasets/data-final/英文/train_splits/dia425_utt5.mp4,3379363
datasets/data-final/英文/train_splits/dia426_utt1.mp4,958967
datasets/data-final/英文/train_splits/dia426_utt2.mp4,1438132
datasets/data-final/英文/train_splits/dia426_utt7.mp4,924391
datasets/data-final/英文/train_splits/dia427_utt0.mp4,1004450
datasets/data-final/英文/train_splits/dia427_utt1.mp4,753972
datasets/data-final/英文/train_splits/dia428_utt0.mp4,644232
datasets/data-final/英文/train_splits/dia428_utt2.mp4,987198
datasets/data-final/英文/train_splits/dia428_utt4.mp4,721084
datasets/data-final/英文/train_splits/dia428_utt5.mp4,605917
datasets/data-final/英文/train_splits/dia428_utt7.mp4,579294
datasets/data-final/英文/train_splits/dia428_utt8.mp4,1417734
datasets/data-final/英文/train_splits/dia429_utt1.mp4,626105
datasets/data-final/英文/train_splits/dia429_utt2.mp4,2529546
datasets/data-final/英文/train_splits/dia429_utt3.mp4,591155
datasets/data-final/英文/train_splits/dia429_utt4.mp4,2264406
datasets/data-final/英文/train_splits/dia429_utt7.mp4,995451
datasets/data-final/英文/train_splits/dia429_utt8.mp4,627056
datasets/data-final/英文/train_splits/dia42_utt0.mp4,1616567
datasets/data-final/英文/train_splits/dia42_utt1.mp4,3036547
datasets/data-final/英文/train_splits/dia430_utt0.mp4,2389490
datasets/data-final/英文/train_splits/dia430_utt1.mp4,2233368
datasets/data-final/英文/train_splits/dia430_utt5.mp4,920109
datasets/data-final/英文/train_splits/dia431_utt12.mp4,533812
datasets/data-final/英文/train_splits/dia431_utt13.mp4,731139
datasets/data-final/英文/train_splits/dia431_utt14.mp4,749588
datasets/data-final/英文/train_splits/dia431_utt16.mp4,2672891
datasets/data-final/英文/train_splits/dia431_utt17.mp4,502919
datasets/data-final/英文/train_splits/dia431_utt18.mp4,449167
datasets/data-final/英文/train_splits/dia431_utt3.mp4,1349066
datasets/data-final/英文/train_splits/dia431_utt5.mp4,1301035
datasets/data-final/英文/train_splits/dia431_utt6.mp4,1052033
datasets/data-final/英文/train_splits/dia431_utt7.mp4,1896350
datasets/data-final/英文/train_splits/dia433_utt0.mp4,516909
datasets/data-final/英文/train_splits/dia434_utt0.mp4,315650
datasets/data-final/英文/train_splits/dia434_utt1.mp4,641253
datasets/data-final/英文/train_splits/dia434_utt10.mp4,901547
datasets/data-final/英文/train_splits/dia434_utt12.mp4,782327
datasets/data-final/英文/train_splits/dia434_utt4.mp4,1322605
datasets/data-final/英文/train_splits/dia434_utt6.mp4,861276
datasets/data-final/英文/train_splits/dia435_utt2.mp4,2000095
datasets/data-final/英文/train_splits/dia435_utt4.mp4,608781
datasets/data-final/英文/train_splits/dia435_utt5.mp4,628886
datasets/data-final/英文/train_splits/dia435_utt7.mp4,554418
datasets/data-final/英文/train_splits/dia435_utt8.mp4,532124
datasets/data-final/英文/train_splits/dia436_utt1.mp4,1180391
datasets/data-final/英文/train_splits/dia436_utt2.mp4,982876
datasets/data-final/英文/train_splits/dia436_utt3.mp4,2857786
datasets/data-final/英文/train_splits/dia436_utt5.mp4,1821175
datasets/data-final/英文/train_splits/dia437_utt1.mp4,1004128
datasets/data-final/英文/train_splits/dia438_utt1.mp4,1595565
datasets/data-final/英文/train_splits/dia438_utt11.mp4,1014476
datasets/data-final/英文/train_splits/dia438_utt13.mp4,1562053
datasets/data-final/英文/train_splits/dia438_utt14.mp4,1154033
datasets/data-final/英文/train_splits/dia438_utt2.mp4,475359
datasets/data-final/英文/train_splits/dia438_utt4.mp4,473414
datasets/data-final/英文/train_splits/dia438_utt5.mp4,1057755
datasets/data-final/英文/train_splits/dia438_utt7.mp4,1283598
datasets/data-final/英文/train_splits/dia439_utt0.mp4,701182
datasets/data-final/英文/train_splits/dia439_utt1.mp4,1063163
datasets/data-final/英文/train_splits/dia439_utt6.mp4,995966
datasets/data-final/英文/train_splits/dia43_utt0.mp4,887073
datasets/data-final/英文/train_splits/dia43_utt1.mp4,1337850
datasets/data-final/英文/train_splits/dia43_utt2.mp4,615306
datasets/data-final/英文/train_splits/dia43_utt3.mp4,1140314
datasets/data-final/英文/train_splits/dia43_utt4.mp4,1213061
datasets/data-final/英文/train_splits/dia440_utt0.mp4,1436861
datasets/data-final/英文/train_splits/dia440_utt1.mp4,559025
datasets/data-final/英文/train_splits/dia440_utt12.mp4,1224950
datasets/data-final/英文/train_splits/dia440_utt2.mp4,2846869
datasets/data-final/英文/train_splits/dia440_utt3.mp4,1064924
datasets/data-final/英文/train_splits/dia440_utt4.mp4,889972
datasets/data-final/英文/train_splits/dia440_utt5.mp4,767506
datasets/data-final/英文/train_splits/dia440_utt6.mp4,1746113
datasets/data-final/英文/train_splits/dia440_utt7.mp4,1028865
datasets/data-final/英文/train_splits/dia440_utt8.mp4,942866
datasets/data-final/英文/train_splits/dia441_utt0.mp4,548523
datasets/data-final/英文/train_splits/dia441_utt1.mp4,737528
datasets/data-final/英文/train_splits/dia441_utt5.mp4,471853
datasets/data-final/英文/train_splits/dia442_utt2.mp4,538270
datasets/data-final/英文/train_splits/dia442_utt3.mp4,1108073
datasets/data-final/英文/train_splits/dia442_utt5.mp4,1682829
datasets/data-final/英文/train_splits/dia443_utt0.mp4,1161217
datasets/data-final/英文/train_splits/dia443_utt4.mp4,1132995
datasets/data-final/英文/train_splits/dia443_utt5.mp4,662588
datasets/data-final/英文/train_splits/dia443_utt7.mp4,1612288
datasets/data-final/英文/train_splits/dia444_utt0.mp4,712091
datasets/data-final/英文/train_splits/dia444_utt1.mp4,1298639
datasets/data-final/英文/train_splits/dia444_utt3.mp4,482823
datasets/data-final/英文/train_splits/dia444_utt4.mp4,1906849
datasets/data-final/英文/train_splits/dia444_utt5.mp4,696051
datasets/data-final/英文/train_splits/dia444_utt6.mp4,448329
datasets/data-final/英文/train_splits/dia445_utt0.mp4,520429
datasets/data-final/英文/train_splits/dia445_utt1.mp4,1077542
datasets/data-final/英文/train_splits/dia445_utt16.mp4,314590
datasets/data-final/英文/train_splits/dia445_utt17.mp4,353177
datasets/data-final/英文/train_splits/dia445_utt2.mp4,841002
datasets/data-final/英文/train_splits/dia445_utt20.mp4,503254
datasets/data-final/英文/train_splits/dia445_utt3.mp4,677385
datasets/data-final/英文/train_splits/dia445_utt6.mp4,517512
datasets/data-final/英文/train_splits/dia445_utt9.mp4,356093
datasets/data-final/英文/train_splits/dia446_utt1.mp4,446745
datasets/data-final/英文/train_splits/dia446_utt13.mp4,678108
datasets/data-final/英文/train_splits/dia446_utt14.mp4,941794
datasets/data-final/英文/train_splits/dia446_utt16.mp4,878821
datasets/data-final/英文/train_splits/dia446_utt17.mp4,2220848
datasets/data-final/英文/train_splits/dia446_utt18.mp4,2667215
datasets/data-final/英文/train_splits/dia446_utt2.mp4,1009677
datasets/data-final/英文/train_splits/dia446_utt5.mp4,924312
datasets/data-final/英文/train_splits/dia446_utt7.mp4,747278
datasets/data-final/英文/train_splits/dia446_utt8.mp4,895632
datasets/data-final/英文/train_splits/dia447_utt1.mp4,1324721
datasets/data-final/英文/train_splits/dia447_utt2.mp4,1261963
datasets/data-final/英文/train_splits/dia448_utt0.mp4,1680826
datasets/data-final/英文/train_splits/dia448_utt10.mp4,847416
datasets/data-final/英文/train_splits/dia448_utt11.mp4,953131
datasets/data-final/英文/train_splits/dia448_utt5.mp4,1289394
datasets/data-final/英文/train_splits/dia448_utt6.mp4,774294
datasets/data-final/英文/train_splits/dia448_utt8.mp4,1403882
datasets/data-final/英文/train_splits/dia449_utt0.mp4,852568
datasets/data-final/英文/train_splits/dia449_utt1.mp4,473465
datasets/data-final/英文/train_splits/dia449_utt10.mp4,911975
datasets/data-final/英文/train_splits/dia449_utt12.mp4,1612499
datasets/data-final/英文/train_splits/dia449_utt2.mp4,566249
datasets/data-final/英文/train_splits/dia449_utt5.mp4,765891
datasets/data-final/英文/train_splits/dia449_utt8.mp4,489916
datasets/data-final/英文/train_splits/dia449_utt9.mp4,299142
datasets/data-final/英文/train_splits/dia44_utt0.mp4,1687396
datasets/data-final/英文/train_splits/dia450_utt0.mp4,1095076
datasets/data-final/英文/train_splits/dia450_utt1.mp4,1087857
datasets/data-final/英文/train_splits/dia450_utt11.mp4,1615612
datasets/data-final/英文/train_splits/dia450_utt13.mp4,1111267
datasets/data-final/英文/train_splits/dia450_utt14.mp4,1213882
datasets/data-final/英文/train_splits/dia450_utt17.mp4,1455249
datasets/data-final/英文/train_splits/dia450_utt18.mp4,759579
datasets/data-final/英文/train_splits/dia450_utt2.mp4,1443860
datasets/data-final/英文/train_splits/dia450_utt20.mp4,1253334
datasets/data-final/英文/train_splits/dia450_utt22.mp4,2712179
datasets/data-final/英文/train_splits/dia450_utt23.mp4,1381410
datasets/data-final/英文/train_splits/dia450_utt4.mp4,1873319
datasets/data-final/英文/train_splits/dia450_utt6.mp4,2121667
datasets/data-final/英文/train_splits/dia450_utt7.mp4,2182463
datasets/data-final/英文/train_splits/dia450_utt8.mp4,1995968
datasets/data-final/英文/train_splits/dia450_utt9.mp4,2131726
datasets/data-final/英文/train_splits/dia451_utt0.mp4,791641
datasets/data-final/英文/train_splits/dia451_utt1.mp4,551541
datasets/data-final/英文/train_splits/dia451_utt3.mp4,851531
datasets/data-final/英文/train_splits/dia451_utt4.mp4,695378
datasets/data-final/英文/train_splits/dia451_utt5.mp4,626983
datasets/data-final/英文/train_splits/dia451_utt6.mp4,831718
datasets/data-final/英文/train_splits/dia451_utt7.mp4,652337
datasets/data-final/英文/train_splits/dia452_utt0.mp4,568306
datasets/data-final/英文/train_splits/dia452_utt1.mp4,675417
datasets/data-final/英文/train_splits/dia452_utt3.mp4,481622
datasets/data-final/英文/train_splits/dia452_utt4.mp4,1141446
datasets/data-final/英文/train_splits/dia453_utt0.mp4,680360
datasets/data-final/英文/train_splits/dia453_utt1.mp4,777099
datasets/data-final/英文/train_splits/dia454_utt0.mp4,721992
datasets/data-final/英文/train_splits/dia454_utt1.mp4,1615967
datasets/data-final/英文/train_splits/dia454_utt2.mp4,583864
datasets/data-final/英文/train_splits/dia455_utt11.mp4,2668793
datasets/data-final/英文/train_splits/dia455_utt12.mp4,1062282
datasets/data-final/英文/train_splits/dia455_utt13.mp4,636788
datasets/data-final/英文/train_splits/dia455_utt14.mp4,2017182
datasets/data-final/英文/train_splits/dia455_utt17.mp4,3246377
datasets/data-final/英文/train_splits/dia455_utt2.mp4,659663
datasets/data-final/英文/train_splits/dia455_utt3.mp4,943582
datasets/data-final/英文/train_splits/dia455_utt4.mp4,1025606
datasets/data-final/英文/train_splits/dia455_utt5.mp4,2385937
datasets/data-final/英文/train_splits/dia455_utt8.mp4,2382839
datasets/data-final/英文/train_splits/dia455_utt9.mp4,1161616
datasets/data-final/英文/train_splits/dia456_utt1.mp4,872160
datasets/data-final/英文/train_splits/dia456_utt2.mp4,1280048
datasets/data-final/英文/train_splits/dia456_utt4.mp4,1006474
datasets/data-final/英文/train_splits/dia456_utt6.mp4,1201707
datasets/data-final/英文/train_splits/dia456_utt7.mp4,899233
datasets/data-final/英文/train_splits/dia456_utt8.mp4,1935182
datasets/data-final/英文/train_splits/dia456_utt9.mp4,1193297
datasets/data-final/英文/train_splits/dia457_utt0.mp4,937465
datasets/data-final/英文/train_splits/dia457_utt1.mp4,2148538
datasets/data-final/英文/train_splits/dia457_utt11.mp4,1831505
datasets/data-final/英文/train_splits/dia457_utt13.mp4,511236
datasets/data-final/英文/train_splits/dia457_utt2.mp4,2327917
datasets/data-final/英文/train_splits/dia457_utt3.mp4,1016776
datasets/data-final/英文/train_splits/dia457_utt4.mp4,1296463
datasets/data-final/英文/train_splits/dia457_utt5.mp4,675300
datasets/data-final/英文/train_splits/dia457_utt7.mp4,1495236
datasets/data-final/英文/train_splits/dia458_utt0.mp4,670857
datasets/data-final/英文/train_splits/dia459_utt11.mp4,580750
datasets/data-final/英文/train_splits/dia459_utt4.mp4,707285
datasets/data-final/英文/train_splits/dia459_utt9.mp4,691707
datasets/data-final/英文/train_splits/dia45_utt0.mp4,974427
datasets/data-final/英文/train_splits/dia45_utt1.mp4,744889
datasets/data-final/英文/train_splits/dia45_utt2.mp4,727754
datasets/data-final/英文/train_splits/dia45_utt3.mp4,656983
datasets/data-final/英文/train_splits/dia45_utt4.mp4,547093
datasets/data-final/英文/train_splits/dia460_utt1.mp4,1263220
datasets/data-final/英文/train_splits/dia461_utt0.mp4,812145
datasets/data-final/英文/train_splits/dia461_utt3.mp4,1643455
datasets/data-final/英文/train_splits/dia462_utt10.mp4,650406
datasets/data-final/英文/train_splits/dia462_utt3.mp4,828055
datasets/data-final/英文/train_splits/dia462_utt5.mp4,1226782
datasets/data-final/英文/train_splits/dia462_utt6.mp4,840988
datasets/data-final/英文/train_splits/dia462_utt7.mp4,3240821
datasets/data-final/英文/train_splits/dia462_utt8.mp4,951060
datasets/data-final/英文/train_splits/dia462_utt9.mp4,1137580
datasets/data-final/英文/train_splits/dia463_utt1.mp4,432564
datasets/data-final/英文/train_splits/dia463_utt10.mp4,1091143
datasets/data-final/英文/train_splits/dia463_utt2.mp4,610402
datasets/data-final/英文/train_splits/dia463_utt3.mp4,406563
datasets/data-final/英文/train_splits/dia463_utt4.mp4,918021
datasets/data-final/英文/train_splits/dia463_utt5.mp4,550818
datasets/data-final/英文/train_splits/dia463_utt8.mp4,2357866
datasets/data-final/英文/train_splits/dia463_utt9.mp4,890902
datasets/data-final/英文/train_splits/dia464_utt12.mp4,1176102
datasets/data-final/英文/train_splits/dia464_utt13.mp4,633709
datasets/data-final/英文/train_splits/dia464_utt15.mp4,756576
datasets/data-final/英文/train_splits/dia464_utt16.mp4,745955
datasets/data-final/英文/train_splits/dia464_utt18.mp4,2047386
datasets/data-final/英文/train_splits/dia464_utt19.mp4,1132154
datasets/data-final/英文/train_splits/dia464_utt2.mp4,624873
datasets/data-final/英文/train_splits/dia464_utt20.mp4,599510
datasets/data-final/英文/train_splits/dia464_utt5.mp4,851140
datasets/data-final/英文/train_splits/dia464_utt8.mp4,556906
datasets/data-final/英文/train_splits/dia464_utt9.mp4,741133
datasets/data-final/英文/train_splits/dia465_utt0.mp4,614518
datasets/data-final/英文/train_splits/dia465_utt1.mp4,1263199
datasets/data-final/英文/train_splits/dia465_utt2.mp4,669745
datasets/data-final/英文/train_splits/dia466_utt0.mp4,995480
datasets/data-final/英文/train_splits/dia466_utt1.mp4,1256180
datasets/data-final/英文/train_splits/dia466_utt11.mp4,2599717
datasets/data-final/英文/train_splits/dia466_utt12.mp4,1176112
datasets/data-final/英文/train_splits/dia466_utt3.mp4,658663
datasets/data-final/英文/train_splits/dia466_utt6.mp4,2209582
datasets/data-final/英文/train_splits/dia466_utt7.mp4,1235627
datasets/data-final/英文/train_splits/dia466_utt8.mp4,982812
datasets/data-final/英文/train_splits/dia466_utt9.mp4,1024565
datasets/data-final/英文/train_splits/dia467_utt2.mp4,934848
datasets/data-final/英文/train_splits/dia468_utt0.mp4,965045
datasets/data-final/英文/train_splits/dia468_utt1.mp4,678264
datasets/data-final/英文/train_splits/dia468_utt2.mp4,1855387
datasets/data-final/英文/train_splits/dia468_utt5.mp4,1190074
datasets/data-final/英文/train_splits/dia468_utt6.mp4,1315451
datasets/data-final/英文/train_splits/dia468_utt8.mp4,810847
datasets/data-final/英文/train_splits/dia468_utt9.mp4,1237809
datasets/data-final/英文/train_splits/dia469_utt0.mp4,669058
datasets/data-final/英文/train_splits/dia469_utt1.mp4,1561318
datasets/data-final/英文/train_splits/dia46_utt1.mp4,918537
datasets/data-final/英文/train_splits/dia46_utt12.mp4,2105094
datasets/data-final/英文/train_splits/dia46_utt13.mp4,3545666
datasets/data-final/英文/train_splits/dia46_utt2.mp4,636570
datasets/data-final/英文/train_splits/dia46_utt3.mp4,2374833
datasets/data-final/英文/train_splits/dia46_utt6.mp4,2347236
datasets/data-final/英文/train_splits/dia46_utt7.mp4,1144350
datasets/data-final/英文/train_splits/dia470_utt0.mp4,1103156
datasets/data-final/英文/train_splits/dia471_utt2.mp4,470776
datasets/data-final/英文/train_splits/dia472_utt1.mp4,725303
datasets/data-final/英文/train_splits/dia472_utt2.mp4,1409040
datasets/data-final/英文/train_splits/dia473_utt2.mp4,659576
datasets/data-final/英文/train_splits/dia473_utt3.mp4,1592378
datasets/data-final/英文/train_splits/dia474_utt0.mp4,1467154
datasets/data-final/英文/train_splits/dia474_utt1.mp4,1946477
datasets/data-final/英文/train_splits/dia474_utt11.mp4,1171366
datasets/data-final/英文/train_splits/dia474_utt14.mp4,1773615
datasets/data-final/英文/train_splits/dia474_utt15.mp4,2156277
datasets/data-final/英文/train_splits/dia474_utt3.mp4,1199883
datasets/data-final/英文/train_splits/dia474_utt4.mp4,620560
datasets/data-final/英文/train_splits/dia474_utt6.mp4,1807023
datasets/data-final/英文/train_splits/dia474_utt7.mp4,1810540
datasets/data-final/英文/train_splits/dia475_utt0.mp4,1072894
datasets/data-final/英文/train_splits/dia475_utt1.mp4,1153009
datasets/data-final/英文/train_splits/dia475_utt16.mp4,755665
datasets/data-final/英文/train_splits/dia475_utt3.mp4,854106
datasets/data-final/英文/train_splits/dia475_utt4.mp4,1178894
datasets/data-final/英文/train_splits/dia475_utt5.mp4,1821760
datasets/data-final/英文/train_splits/dia475_utt6.mp4,1542494
datasets/data-final/英文/train_splits/dia475_utt9.mp4,539811
datasets/data-final/英文/train_splits/dia476_utt1.mp4,1883439
datasets/data-final/英文/train_splits/dia476_utt4.mp4,1247808
datasets/data-final/英文/train_splits/dia476_utt5.mp4,1271430
datasets/data-final/英文/train_splits/dia476_utt6.mp4,1567819
datasets/data-final/英文/train_splits/dia476_utt8.mp4,1048925
datasets/data-final/英文/train_splits/dia477_utt0.mp4,916650
datasets/data-final/英文/train_splits/dia477_utt1.mp4,2692614
datasets/data-final/英文/train_splits/dia477_utt10.mp4,737781
datasets/data-final/英文/train_splits/dia477_utt12.mp4,704327
datasets/data-final/英文/train_splits/dia477_utt13.mp4,684387
datasets/data-final/英文/train_splits/dia477_utt14.mp4,1592525
datasets/data-final/英文/train_splits/dia477_utt17.mp4,1168640
datasets/data-final/英文/train_splits/dia477_utt3.mp4,1031899
datasets/data-final/英文/train_splits/dia477_utt4.mp4,822470
datasets/data-final/英文/train_splits/dia477_utt5.mp4,2333766
datasets/data-final/英文/train_splits/dia477_utt7.mp4,566929
datasets/data-final/英文/train_splits/dia477_utt9.mp4,748768
datasets/data-final/英文/train_splits/dia478_utt0.mp4,1345504
datasets/data-final/英文/train_splits/dia478_utt1.mp4,2215513
datasets/data-final/英文/train_splits/dia478_utt10.mp4,1757756
datasets/data-final/英文/train_splits/dia478_utt5.mp4,1184328
datasets/data-final/英文/train_splits/dia478_utt6.mp4,2448958
datasets/data-final/英文/train_splits/dia478_utt8.mp4,1544215
datasets/data-final/英文/train_splits/dia478_utt9.mp4,981938
datasets/data-final/英文/train_splits/dia479_utt0.mp4,904279
datasets/data-final/英文/train_splits/dia479_utt1.mp4,772477
datasets/data-final/英文/train_splits/dia479_utt2.mp4,682978
datasets/data-final/英文/train_splits/dia479_utt3.mp4,703930
datasets/data-final/英文/train_splits/dia479_utt4.mp4,1077132
datasets/data-final/英文/train_splits/dia479_utt6.mp4,619799
datasets/data-final/英文/train_splits/dia479_utt7.mp4,736077
datasets/data-final/英文/train_splits/dia479_utt8.mp4,1382689
datasets/data-final/英文/train_splits/dia47_utt0.mp4,1786914
datasets/data-final/英文/train_splits/dia47_utt13.mp4,1074133
datasets/data-final/英文/train_splits/dia47_utt15.mp4,931219
datasets/data-final/英文/train_splits/dia47_utt17.mp4,693880
datasets/data-final/英文/train_splits/dia47_utt2.mp4,1101261
datasets/data-final/英文/train_splits/dia47_utt7.mp4,1271109
datasets/data-final/英文/train_splits/dia480_utt1.mp4,553835
datasets/data-final/英文/train_splits/dia480_utt3.mp4,526348
datasets/data-final/英文/train_splits/dia480_utt5.mp4,559263
datasets/data-final/英文/train_splits/dia480_utt7.mp4,679746
datasets/data-final/英文/train_splits/dia481_utt11.mp4,542134
datasets/data-final/英文/train_splits/dia481_utt12.mp4,692046
datasets/data-final/英文/train_splits/dia481_utt13.mp4,1146635
datasets/data-final/英文/train_splits/dia481_utt2.mp4,773950
datasets/data-final/英文/train_splits/dia481_utt3.mp4,752850
datasets/data-final/英文/train_splits/dia481_utt4.mp4,568599
datasets/data-final/英文/train_splits/dia481_utt5.mp4,921579
datasets/data-final/英文/train_splits/dia482_utt0.mp4,815364
datasets/data-final/英文/train_splits/dia482_utt1.mp4,2831136
datasets/data-final/英文/train_splits/dia482_utt10.mp4,1045051
datasets/data-final/英文/train_splits/dia482_utt11.mp4,1005714
datasets/data-final/英文/train_splits/dia482_utt14.mp4,1461268
datasets/data-final/英文/train_splits/dia482_utt6.mp4,584082
datasets/data-final/英文/train_splits/dia482_utt7.mp4,1501510
datasets/data-final/英文/train_splits/dia482_utt8.mp4,687425
datasets/data-final/英文/train_splits/dia482_utt9.mp4,1195773
datasets/data-final/英文/train_splits/dia483_utt0.mp4,507089
datasets/data-final/英文/train_splits/dia483_utt10.mp4,1924944
datasets/data-final/英文/train_splits/dia483_utt15.mp4,1766950
datasets/data-final/英文/train_splits/dia483_utt5.mp4,840189
datasets/data-final/英文/train_splits/dia483_utt6.mp4,1111393
datasets/data-final/英文/train_splits/dia483_utt7.mp4,1297831
datasets/data-final/英文/train_splits/dia483_utt8.mp4,1354653
datasets/data-final/英文/train_splits/dia484_utt1.mp4,876591
datasets/data-final/英文/train_splits/dia486_utt11.mp4,1176844
datasets/data-final/英文/train_splits/dia486_utt14.mp4,1053574
datasets/data-final/英文/train_splits/dia486_utt15.mp4,1181115
datasets/data-final/英文/train_splits/dia486_utt2.mp4,627896
datasets/data-final/英文/train_splits/dia486_utt3.mp4,930402
datasets/data-final/英文/train_splits/dia486_utt5.mp4,1374026
datasets/data-final/英文/train_splits/dia486_utt6.mp4,2185367
datasets/data-final/英文/train_splits/dia486_utt9.mp4,575328
datasets/data-final/英文/train_splits/dia487_utt0.mp4,625400
datasets/data-final/英文/train_splits/dia488_utt0.mp4,571495
datasets/data-final/英文/train_splits/dia488_utt1.mp4,1859304
datasets/data-final/英文/train_splits/dia489_utt0.mp4,1836670
datasets/data-final/英文/train_splits/dia489_utt1.mp4,891980
datasets/data-final/英文/train_splits/dia491_utt1.mp4,612404
datasets/data-final/英文/train_splits/dia491_utt2.mp4,1669657
datasets/data-final/英文/train_splits/dia493_utt0.mp4,706560
datasets/data-final/英文/train_splits/dia493_utt10.mp4,1287921
datasets/data-final/英文/train_splits/dia493_utt3.mp4,1079166
datasets/data-final/英文/train_splits/dia493_utt5.mp4,853235
datasets/data-final/英文/train_splits/dia493_utt6.mp4,1040090
datasets/data-final/英文/train_splits/dia494_utt0.mp4,1398950
datasets/data-final/英文/train_splits/dia495_utt1.mp4,825271
datasets/data-final/英文/train_splits/dia495_utt2.mp4,1136582
datasets/data-final/英文/train_splits/dia496_utt0.mp4,569329
datasets/data-final/英文/train_splits/dia496_utt1.mp4,1554623
datasets/data-final/英文/train_splits/dia496_utt10.mp4,980260
datasets/data-final/英文/train_splits/dia496_utt12.mp4,1152782
datasets/data-final/英文/train_splits/dia496_utt13.mp4,1561641
datasets/data-final/英文/train_splits/dia496_utt14.mp4,601008
datasets/data-final/英文/train_splits/dia496_utt2.mp4,516580
datasets/data-final/英文/train_splits/dia496_utt3.mp4,1230587
datasets/data-final/英文/train_splits/dia496_utt9.mp4,779523
datasets/data-final/英文/train_splits/dia497_utt2.mp4,3199703
datasets/data-final/英文/train_splits/dia498_utt1.mp4,1481036
datasets/data-final/英文/train_splits/dia498_utt2.mp4,1425588
datasets/data-final/英文/train_splits/dia498_utt4.mp4,812963
datasets/data-final/英文/train_splits/dia498_utt5.mp4,2345106
datasets/data-final/英文/train_splits/dia499_utt18.mp4,1489356
datasets/data-final/英文/train_splits/dia499_utt19.mp4,1655252
datasets/data-final/英文/train_splits/dia499_utt2.mp4,740715
datasets/data-final/英文/train_splits/dia499_utt21.mp4,2346600
datasets/data-final/英文/train_splits/dia499_utt3.mp4,1311634
datasets/data-final/英文/train_splits/dia499_utt6.mp4,2534315
datasets/data-final/英文/train_splits/dia49_utt1.mp4,834707
datasets/data-final/英文/train_splits/dia49_utt11.mp4,1188809
datasets/data-final/英文/train_splits/dia49_utt14.mp4,711744
datasets/data-final/英文/train_splits/dia49_utt17.mp4,885733
datasets/data-final/英文/train_splits/dia49_utt18.mp4,881330
datasets/data-final/英文/train_splits/dia49_utt2.mp4,1166549
datasets/data-final/英文/train_splits/dia49_utt3.mp4,1249666
datasets/data-final/英文/train_splits/dia49_utt7.mp4,580512
datasets/data-final/英文/train_splits/dia4_utt11.mp4,1861493
datasets/data-final/英文/train_splits/dia4_utt3.mp4,693784
datasets/data-final/英文/train_splits/dia4_utt8.mp4,1866285
datasets/data-final/英文/train_splits/dia500_utt0.mp4,1770341
datasets/data-final/英文/train_splits/dia501_utt1.mp4,1506586
datasets/data-final/英文/train_splits/dia501_utt4.mp4,905781
datasets/data-final/英文/train_splits/dia501_utt5.mp4,765664
datasets/data-final/英文/train_splits/dia501_utt8.mp4,1897585
datasets/data-final/英文/train_splits/dia501_utt9.mp4,2008038
datasets/data-final/英文/train_splits/dia502_utt0.mp4,831762
datasets/data-final/英文/train_splits/dia502_utt2.mp4,2196756
datasets/data-final/英文/train_splits/dia503_utt1.mp4,634386
datasets/data-final/英文/train_splits/dia503_utt10.mp4,884936
datasets/data-final/英文/train_splits/dia503_utt11.mp4,775916
datasets/data-final/英文/train_splits/dia503_utt13.mp4,1071517
datasets/data-final/英文/train_splits/dia503_utt4.mp4,1270114
datasets/data-final/英文/train_splits/dia503_utt5.mp4,797648
datasets/data-final/英文/train_splits/dia503_utt9.mp4,773674
datasets/data-final/英文/train_splits/dia504_utt0.mp4,1432873
datasets/data-final/英文/train_splits/dia504_utt1.mp4,516052
datasets/data-final/英文/train_splits/dia504_utt2.mp4,709663
datasets/data-final/英文/train_splits/dia504_utt4.mp4,613432
datasets/data-final/英文/train_splits/dia504_utt6.mp4,842816
datasets/data-final/英文/train_splits/dia505_utt0.mp4,701080
datasets/data-final/英文/train_splits/dia505_utt1.mp4,926375
datasets/data-final/英文/train_splits/dia505_utt10.mp4,927082
datasets/data-final/英文/train_splits/dia505_utt13.mp4,887528
datasets/data-final/英文/train_splits/dia505_utt14.mp4,968268
datasets/data-final/英文/train_splits/dia505_utt15.mp4,1153008
datasets/data-final/英文/train_splits/dia505_utt4.mp4,760178
datasets/data-final/英文/train_splits/dia505_utt5.mp4,1417154
datasets/data-final/英文/train_splits/dia505_utt8.mp4,601148
datasets/data-final/英文/train_splits/dia505_utt9.mp4,1012031
datasets/data-final/英文/train_splits/dia506_utt0.mp4,614662
datasets/data-final/英文/train_splits/dia506_utt1.mp4,587481
datasets/data-final/英文/train_splits/dia506_utt2.mp4,1916811
datasets/data-final/英文/train_splits/dia506_utt5.mp4,498810
datasets/data-final/英文/train_splits/dia506_utt6.mp4,867899
datasets/data-final/英文/train_splits/dia506_utt7.mp4,1347861
datasets/data-final/英文/train_splits/dia506_utt8.mp4,701479
datasets/data-final/英文/train_splits/dia507_utt0.mp4,671938
datasets/data-final/英文/train_splits/dia507_utt1.mp4,1557428
datasets/data-final/英文/train_splits/dia507_utt10.mp4,777844
datasets/data-final/英文/train_splits/dia507_utt12.mp4,1587660
datasets/data-final/英文/train_splits/dia507_utt7.mp4,903368
datasets/data-final/英文/train_splits/dia507_utt8.mp4,1017967
datasets/data-final/英文/train_splits/dia508_utt11.mp4,680807
datasets/data-final/英文/train_splits/dia508_utt14.mp4,1342662
datasets/data-final/英文/train_splits/dia508_utt15.mp4,580469
datasets/data-final/英文/train_splits/dia508_utt21.mp4,703594
datasets/data-final/英文/train_splits/dia508_utt22.mp4,979005
datasets/data-final/英文/train_splits/dia508_utt4.mp4,937154
datasets/data-final/英文/train_splits/dia508_utt7.mp4,617564
datasets/data-final/英文/train_splits/dia509_utt0.mp4,669511
datasets/data-final/英文/train_splits/dia509_utt10.mp4,694502
datasets/data-final/英文/train_splits/dia509_utt11.mp4,1312143
datasets/data-final/英文/train_splits/dia509_utt3.mp4,628850
datasets/data-final/英文/train_splits/dia509_utt4.mp4,813837
datasets/data-final/英文/train_splits/dia509_utt5.mp4,373492
datasets/data-final/英文/train_splits/dia509_utt7.mp4,2402343
datasets/data-final/英文/train_splits/dia50_utt0.mp4,1169543
datasets/data-final/英文/train_splits/dia50_utt10.mp4,674985
datasets/data-final/英文/train_splits/dia50_utt4.mp4,984839
datasets/data-final/英文/train_splits/dia50_utt5.mp4,984839
datasets/data-final/英文/train_splits/dia50_utt6.mp4,719632
datasets/data-final/英文/train_splits/dia50_utt7.mp4,546974
datasets/data-final/英文/train_splits/dia510_utt0.mp4,2827018
datasets/data-final/英文/train_splits/dia510_utt1.mp4,5248623
datasets/data-final/英文/train_splits/dia510_utt2.mp4,1842602
datasets/data-final/英文/train_splits/dia510_utt5.mp4,1139730
datasets/data-final/英文/train_splits/dia511_utt2.mp4,1495513
datasets/data-final/英文/train_splits/dia511_utt6.mp4,1521480
datasets/data-final/英文/train_splits/dia512_utt12.mp4,1037346
datasets/data-final/英文/train_splits/dia512_utt13.mp4,1692725
datasets/data-final/英文/train_splits/dia512_utt4.mp4,2179589
datasets/data-final/英文/train_splits/dia512_utt8.mp4,1375839
datasets/data-final/英文/train_splits/dia513_utt1.mp4,2189330
datasets/data-final/英文/train_splits/dia513_utt2.mp4,809059
datasets/data-final/英文/train_splits/dia513_utt3.mp4,2605174
datasets/data-final/英文/train_splits/dia514_utt0.mp4,986836
datasets/data-final/英文/train_splits/dia514_utt2.mp4,1147630
datasets/data-final/英文/train_splits/dia514_utt5.mp4,847685
datasets/data-final/英文/train_splits/dia514_utt6.mp4,1039203
datasets/data-final/英文/train_splits/dia514_utt7.mp4,730675
datasets/data-final/英文/train_splits/dia515_utt1.mp4,1517005
datasets/data-final/英文/train_splits/dia515_utt2.mp4,847269
datasets/data-final/英文/train_splits/dia515_utt3.mp4,851694
datasets/data-final/英文/train_splits/dia515_utt4.mp4,694375
datasets/data-final/英文/train_splits/dia515_utt6.mp4,903691
datasets/data-final/英文/train_splits/dia516_utt0.mp4,783418
datasets/data-final/英文/train_splits/dia516_utt1.mp4,816657
datasets/data-final/英文/train_splits/dia516_utt3.mp4,441306
datasets/data-final/英文/train_splits/dia516_utt4.mp4,606231
datasets/data-final/英文/train_splits/dia516_utt5.mp4,1554270
datasets/data-final/英文/train_splits/dia517_utt2.mp4,120326
datasets/data-final/英文/train_splits/dia517_utt4.mp4,165362
datasets/data-final/英文/train_splits/dia517_utt6.mp4,1227785
datasets/data-final/英文/train_splits/dia518_utt0.mp4,843406
datasets/data-final/英文/train_splits/dia518_utt1.mp4,686188
datasets/data-final/英文/train_splits/dia518_utt3.mp4,431452
datasets/data-final/英文/train_splits/dia518_utt4.mp4,438733
datasets/data-final/英文/train_splits/dia518_utt5.mp4,420677
datasets/data-final/英文/train_splits/dia518_utt7.mp4,1697080
datasets/data-final/英文/train_splits/dia519_utt0.mp4,733745
datasets/data-final/英文/train_splits/dia519_utt1.mp4,438821
datasets/data-final/英文/train_splits/dia519_utt2.mp4,704890
datasets/data-final/英文/train_splits/dia519_utt3.mp4,599681
datasets/data-final/英文/train_splits/dia519_utt4.mp4,2875679
datasets/data-final/英文/train_splits/dia51_utt1.mp4,1526694
datasets/data-final/英文/train_splits/dia51_utt10.mp4,788002
datasets/data-final/英文/train_splits/dia51_utt2.mp4,893474
datasets/data-final/英文/train_splits/dia51_utt3.mp4,733594
datasets/data-final/英文/train_splits/dia51_utt4.mp4,422027
datasets/data-final/英文/train_splits/dia51_utt6.mp4,1111695
datasets/data-final/英文/train_splits/dia51_utt7.mp4,650608
datasets/data-final/英文/train_splits/dia51_utt8.mp4,1005974
datasets/data-final/英文/train_splits/dia520_utt0.mp4,757929
datasets/data-final/英文/train_splits/dia520_utt1.mp4,776511
datasets/data-final/英文/train_splits/dia520_utt2.mp4,808597
datasets/data-final/英文/train_splits/dia520_utt5.mp4,932877
datasets/data-final/英文/train_splits/dia520_utt6.mp4,3592189
datasets/data-final/英文/train_splits/dia521_utt0.mp4,1214511
datasets/data-final/英文/train_splits/dia521_utt1.mp4,668463
datasets/data-final/英文/train_splits/dia521_utt2.mp4,1861341
datasets/data-final/英文/train_splits/dia521_utt3.mp4,1830975
datasets/data-final/英文/train_splits/dia521_utt4.mp4,2625925
datasets/data-final/英文/train_splits/dia522_utt1.mp4,779332
datasets/data-final/英文/train_splits/dia522_utt2.mp4,4338453
datasets/data-final/英文/train_splits/dia522_utt3.mp4,2076506
datasets/data-final/英文/train_splits/dia522_utt4.mp4,2982320
datasets/data-final/英文/train_splits/dia522_utt5.mp4,829093
datasets/data-final/英文/train_splits/dia522_utt6.mp4,952335
datasets/data-final/英文/train_splits/dia523_utt0.mp4,1279944
datasets/data-final/英文/train_splits/dia523_utt1.mp4,1064767
datasets/data-final/英文/train_splits/dia523_utt14.mp4,2141760
datasets/data-final/英文/train_splits/dia523_utt16.mp4,1134207
datasets/data-final/英文/train_splits/dia523_utt20.mp4,997888
datasets/data-final/英文/train_splits/dia523_utt3.mp4,525077
datasets/data-final/英文/train_splits/dia523_utt4.mp4,917288
datasets/data-final/英文/train_splits/dia523_utt6.mp4,969966
datasets/data-final/英文/train_splits/dia523_utt7.mp4,544104
datasets/data-final/英文/train_splits/dia524_utt1.mp4,760373
datasets/data-final/英文/train_splits/dia524_utt10.mp4,999146
datasets/data-final/英文/train_splits/dia524_utt11.mp4,1348615
datasets/data-final/英文/train_splits/dia524_utt13.mp4,698294
datasets/data-final/英文/train_splits/dia524_utt15.mp4,2311769
datasets/data-final/英文/train_splits/dia524_utt2.mp4,1859181
datasets/data-final/英文/train_splits/dia524_utt4.mp4,1394255
datasets/data-final/英文/train_splits/dia524_utt9.mp4,723671
datasets/data-final/英文/train_splits/dia525_utt3.mp4,714405
datasets/data-final/英文/train_splits/dia525_utt5.mp4,965045
datasets/data-final/英文/train_splits/dia525_utt8.mp4,1835418
datasets/data-final/英文/train_splits/dia526_utt0.mp4,1880966
datasets/data-final/英文/train_splits/dia526_utt1.mp4,517858
datasets/data-final/英文/train_splits/dia526_utt15.mp4,542706
datasets/data-final/英文/train_splits/dia526_utt17.mp4,1566020
datasets/data-final/英文/train_splits/dia526_utt19.mp4,2213641
datasets/data-final/英文/train_splits/dia526_utt3.mp4,1893955
datasets/data-final/英文/train_splits/dia526_utt4.mp4,618603
datasets/data-final/英文/train_splits/dia526_utt5.mp4,1124707
datasets/data-final/英文/train_splits/dia526_utt7.mp4,440823
datasets/data-final/英文/train_splits/dia526_utt8.mp4,1048632
datasets/data-final/英文/train_splits/dia527_utt0.mp4,857094
datasets/data-final/英文/train_splits/dia527_utt4.mp4,1811734
datasets/data-final/英文/train_splits/dia528_utt0.mp4,3776421
datasets/data-final/英文/train_splits/dia528_utt1.mp4,2682266
datasets/data-final/英文/train_splits/dia528_utt2.mp4,1362363
datasets/data-final/英文/train_splits/dia528_utt3.mp4,2163427
datasets/data-final/英文/train_splits/dia528_utt4.mp4,2716657
datasets/data-final/英文/train_splits/dia528_utt5.mp4,2744983
datasets/data-final/英文/train_splits/dia529_utt0.mp4,777978
datasets/data-final/英文/train_splits/dia529_utt1.mp4,647624
datasets/data-final/英文/train_splits/dia529_utt2.mp4,3301685
datasets/data-final/英文/train_splits/dia529_utt3.mp4,1114242
datasets/data-final/英文/train_splits/dia529_utt4.mp4,581539
datasets/data-final/英文/train_splits/dia529_utt7.mp4,864392
datasets/data-final/英文/train_splits/dia529_utt8.mp4,506093
datasets/data-final/英文/train_splits/dia52_utt10.mp4,836235
datasets/data-final/英文/train_splits/dia52_utt4.mp4,2957712
datasets/data-final/英文/train_splits/dia52_utt5.mp4,2019512
datasets/data-final/英文/train_splits/dia52_utt6.mp4,855975
datasets/data-final/英文/train_splits/dia530_utt10.mp4,614766
datasets/data-final/英文/train_splits/dia530_utt11.mp4,512401
datasets/data-final/英文/train_splits/dia530_utt13.mp4,1673070
datasets/data-final/英文/train_splits/dia530_utt14.mp4,452829
datasets/data-final/英文/train_splits/dia530_utt15.mp4,3330345
datasets/data-final/英文/train_splits/dia530_utt16.mp4,2427185
datasets/data-final/英文/train_splits/dia530_utt18.mp4,793575
datasets/data-final/英文/train_splits/dia530_utt19.mp4,824523
datasets/data-final/英文/train_splits/dia530_utt2.mp4,801308
datasets/data-final/英文/train_splits/dia530_utt20.mp4,2387176
datasets/data-final/英文/train_splits/dia530_utt23.mp4,1382152
datasets/data-final/英文/train_splits/dia530_utt7.mp4,946881
datasets/data-final/英文/train_splits/dia530_utt8.mp4,848989
datasets/data-final/英文/train_splits/dia531_utt0.mp4,677770
datasets/data-final/英文/train_splits/dia531_utt10.mp4,860633
datasets/data-final/英文/train_splits/dia531_utt12.mp4,976633
datasets/data-final/英文/train_splits/dia531_utt13.mp4,611415
datasets/data-final/英文/train_splits/dia531_utt14.mp4,1371993
datasets/data-final/英文/train_splits/dia531_utt3.mp4,560509
datasets/data-final/英文/train_splits/dia531_utt4.mp4,446326
datasets/data-final/英文/train_splits/dia531_utt5.mp4,925698
datasets/data-final/英文/train_splits/dia531_utt7.mp4,802142
datasets/data-final/英文/train_splits/dia531_utt8.mp4,720282
datasets/data-final/英文/train_splits/dia532_utt10.mp4,1819109
datasets/data-final/英文/train_splits/dia532_utt11.mp4,386508
datasets/data-final/英文/train_splits/dia532_utt12.mp4,572747
datasets/data-final/英文/train_splits/dia532_utt13.mp4,2088733
datasets/data-final/英文/train_splits/dia532_utt3.mp4,891247
datasets/data-final/英文/train_splits/dia533_utt0.mp4,2568657
datasets/data-final/英文/train_splits/dia533_utt1.mp4,844281
datasets/data-final/英文/train_splits/dia533_utt3.mp4,1815419
datasets/data-final/英文/train_splits/dia533_utt6.mp4,786120
datasets/data-final/英文/train_splits/dia533_utt8.mp4,751791
datasets/data-final/英文/train_splits/dia533_utt9.mp4,2061934
datasets/data-final/英文/train_splits/dia534_utt0.mp4,544180
datasets/data-final/英文/train_splits/dia534_utt1.mp4,680629
datasets/data-final/英文/train_splits/dia535_utt2.mp4,1605932
datasets/data-final/英文/train_splits/dia535_utt3.mp4,995154
datasets/data-final/英文/train_splits/dia536_utt0.mp4,837658
datasets/data-final/英文/train_splits/dia536_utt12.mp4,781676
datasets/data-final/英文/train_splits/dia536_utt14.mp4,1544730
datasets/data-final/英文/train_splits/dia536_utt2.mp4,1094914
datasets/data-final/英文/train_splits/dia536_utt3.mp4,1930875
datasets/data-final/英文/train_splits/dia536_utt4.mp4,1041659
datasets/data-final/英文/train_splits/dia536_utt7.mp4,813078
datasets/data-final/英文/train_splits/dia536_utt8.mp4,2080004
datasets/data-final/英文/train_splits/dia536_utt9.mp4,564013
datasets/data-final/英文/train_splits/dia537_utt0.mp4,2912416
datasets/data-final/英文/train_splits/dia537_utt2.mp4,1615719
datasets/data-final/英文/train_splits/dia537_utt3.mp4,906804
datasets/data-final/英文/train_splits/dia537_utt4.mp4,559105
datasets/data-final/英文/train_splits/dia538_utt2.mp4,674120
datasets/data-final/英文/train_splits/dia538_utt3.mp4,962355
datasets/data-final/英文/train_splits/dia538_utt4.mp4,869935
datasets/data-final/英文/train_splits/dia538_utt5.mp4,1002883
datasets/data-final/英文/train_splits/dia538_utt6.mp4,1849387
datasets/data-final/英文/train_splits/dia538_utt9.mp4,1614735
datasets/data-final/英文/train_splits/dia539_utt2.mp4,471832
datasets/data-final/英文/train_splits/dia539_utt3.mp4,1346510
datasets/data-final/英文/train_splits/dia539_utt6.mp4,616038
datasets/data-final/英文/train_splits/dia53_utt2.mp4,640014
datasets/data-final/英文/train_splits/dia53_utt3.mp4,973908
datasets/data-final/英文/train_splits/dia53_utt4.mp4,1029655
datasets/data-final/英文/train_splits/dia53_utt6.mp4,846928
datasets/data-final/英文/train_splits/dia53_utt7.mp4,2204367
datasets/data-final/英文/train_splits/dia53_utt8.mp4,1712023
datasets/data-final/英文/train_splits/dia540_utt2.mp4,765779
datasets/data-final/英文/train_splits/dia540_utt3.mp4,2215497
datasets/data-final/英文/train_splits/dia540_utt5.mp4,2868741
datasets/data-final/英文/train_splits/dia541_utt0.mp4,1356914
datasets/data-final/英文/train_splits/dia541_utt1.mp4,1070105
datasets/data-final/英文/train_splits/dia541_utt11.mp4,2260999
datasets/data-final/英文/train_splits/dia541_utt14.mp4,2973708
datasets/data-final/英文/train_splits/dia541_utt15.mp4,883346
datasets/data-final/英文/train_splits/dia541_utt17.mp4,964937
datasets/data-final/英文/train_splits/dia541_utt18.mp4,569051
datasets/data-final/英文/train_splits/dia541_utt2.mp4,1903935
datasets/data-final/英文/train_splits/dia541_utt4.mp4,864239
datasets/data-final/英文/train_splits/dia541_utt7.mp4,724226
datasets/data-final/英文/train_splits/dia542_utt0.mp4,839032
datasets/data-final/英文/train_splits/dia542_utt1.mp4,983029
datasets/data-final/英文/train_splits/dia542_utt4.mp4,869576
datasets/data-final/英文/train_splits/dia544_utt0.mp4,572189
datasets/data-final/英文/train_splits/dia544_utt5.mp4,1101218
datasets/data-final/英文/train_splits/dia544_utt6.mp4,466287
datasets/data-final/英文/train_splits/dia545_utt0.mp4,1449494
datasets/data-final/英文/train_splits/dia545_utt1.mp4,2263042
datasets/data-final/英文/train_splits/dia545_utt10.mp4,1749260
datasets/data-final/英文/train_splits/dia545_utt4.mp4,1137863
datasets/data-final/英文/train_splits/dia545_utt5.mp4,2715805
datasets/data-final/英文/train_splits/dia545_utt6.mp4,1202122
datasets/data-final/英文/train_splits/dia545_utt8.mp4,2922358
datasets/data-final/英文/train_splits/dia545_utt9.mp4,1137557
datasets/data-final/英文/train_splits/dia546_utt11.mp4,2135803
datasets/data-final/英文/train_splits/dia546_utt14.mp4,1921079
datasets/data-final/英文/train_splits/dia546_utt16.mp4,739874
datasets/data-final/英文/train_splits/dia546_utt17.mp4,1653262
datasets/data-final/英文/train_splits/dia546_utt18.mp4,734505
datasets/data-final/英文/train_splits/dia546_utt5.mp4,792037
datasets/data-final/英文/train_splits/dia546_utt8.mp4,863591
datasets/data-final/英文/train_splits/dia546_utt9.mp4,1635432
datasets/data-final/英文/train_splits/dia547_utt0.mp4,712664
datasets/data-final/英文/train_splits/dia547_utt2.mp4,725597
datasets/data-final/英文/train_splits/dia548_utt0.mp4,780807
datasets/data-final/英文/train_splits/dia548_utt10.mp4,431818
datasets/data-final/英文/train_splits/dia548_utt3.mp4,673296
datasets/data-final/英文/train_splits/dia548_utt6.mp4,1976690
datasets/data-final/英文/train_splits/dia548_utt7.mp4,1216024
datasets/data-final/英文/train_splits/dia549_utt0.mp4,1727168
datasets/data-final/英文/train_splits/dia549_utt1.mp4,1222023
datasets/data-final/英文/train_splits/dia549_utt2.mp4,2691652
datasets/data-final/英文/train_splits/dia549_utt5.mp4,1730856
datasets/data-final/英文/train_splits/dia549_utt6.mp4,850298
datasets/data-final/英文/train_splits/dia549_utt8.mp4,1877750
datasets/data-final/英文/train_splits/dia549_utt9.mp4,1174467
datasets/data-final/英文/train_splits/dia54_utt0.mp4,1061327
datasets/data-final/英文/train_splits/dia54_utt1.mp4,343605
datasets/data-final/英文/train_splits/dia54_utt10.mp4,393653
datasets/data-final/英文/train_splits/dia54_utt11.mp4,311737
datasets/data-final/英文/train_splits/dia54_utt12.mp4,468244
datasets/data-final/英文/train_splits/dia54_utt13.mp4,385281
datasets/data-final/英文/train_splits/dia54_utt14.mp4,498525
datasets/data-final/英文/train_splits/dia54_utt15.mp4,293006
datasets/data-final/英文/train_splits/dia54_utt16.mp4,300101
datasets/data-final/英文/train_splits/dia54_utt17.mp4,606540
datasets/data-final/英文/train_splits/dia54_utt18.mp4,2183331
datasets/data-final/英文/train_splits/dia54_utt2.mp4,1991884
datasets/data-final/英文/train_splits/dia54_utt21.mp4,873554
datasets/data-final/英文/train_splits/dia54_utt23.mp4,739480
datasets/data-final/英文/train_splits/dia54_utt3.mp4,518884
datasets/data-final/英文/train_splits/dia54_utt4.mp4,403628
datasets/data-final/英文/train_splits/dia54_utt5.mp4,767663
datasets/data-final/英文/train_splits/dia54_utt6.mp4,699365
datasets/data-final/英文/train_splits/dia54_utt7.mp4,955577
datasets/data-final/英文/train_splits/dia550_utt0.mp4,984535
datasets/data-final/英文/train_splits/dia551_utt2.mp4,892456
datasets/data-final/英文/train_splits/dia551_utt3.mp4,1342894
datasets/data-final/英文/train_splits/dia551_utt5.mp4,1976774
datasets/data-final/英文/train_splits/dia552_utt0.mp4,650646
datasets/data-final/英文/train_splits/dia552_utt1.mp4,579373
datasets/data-final/英文/train_splits/dia552_utt2.mp4,810305
datasets/data-final/英文/train_splits/dia553_utt1.mp4,1601039
datasets/data-final/英文/train_splits/dia553_utt14.mp4,1674801
datasets/data-final/英文/train_splits/dia553_utt17.mp4,1179212
datasets/data-final/英文/train_splits/dia553_utt18.mp4,2666509
datasets/data-final/英文/train_splits/dia553_utt19.mp4,2193664
datasets/data-final/英文/train_splits/dia553_utt3.mp4,1528154
datasets/data-final/英文/train_splits/dia553_utt6.mp4,1110385
datasets/data-final/英文/train_splits/dia553_utt7.mp4,2800101
datasets/data-final/英文/train_splits/dia553_utt9.mp4,1407627
datasets/data-final/英文/train_splits/dia554_utt0.mp4,597530
datasets/data-final/英文/train_splits/dia554_utt2.mp4,762556
datasets/data-final/英文/train_splits/dia554_utt4.mp4,1904223
datasets/data-final/英文/train_splits/dia554_utt6.mp4,583200
datasets/data-final/英文/train_splits/dia554_utt7.mp4,2010562
datasets/data-final/英文/train_splits/dia554_utt9.mp4,650697
datasets/data-final/英文/train_splits/dia555_utt1.mp4,2076100
datasets/data-final/英文/train_splits/dia555_utt4.mp4,1661996
datasets/data-final/英文/train_splits/dia556_utt2.mp4,518727
datasets/data-final/英文/train_splits/dia556_utt3.mp4,340903
datasets/data-final/英文/train_splits/dia556_utt4.mp4,307962
datasets/data-final/英文/train_splits/dia556_utt6.mp4,304036
datasets/data-final/英文/train_splits/dia557_utt0.mp4,339409
datasets/data-final/英文/train_splits/dia557_utt1.mp4,786448
datasets/data-final/英文/train_splits/dia557_utt2.mp4,887058
datasets/data-final/英文/train_splits/dia557_utt4.mp4,559702
datasets/data-final/英文/train_splits/dia557_utt5.mp4,745786
datasets/data-final/英文/train_splits/dia557_utt7.mp4,1814245
datasets/data-final/英文/train_splits/dia558_utt0.mp4,1102048
datasets/data-final/英文/train_splits/dia558_utt2.mp4,1387863
datasets/data-final/英文/train_splits/dia558_utt3.mp4,1063241
datasets/data-final/英文/train_splits/dia558_utt4.mp4,2078372
datasets/data-final/英文/train_splits/dia558_utt6.mp4,1315003
datasets/data-final/英文/train_splits/dia558_utt8.mp4,1703035
datasets/data-final/英文/train_splits/dia559_utt0.mp4,1903506
datasets/data-final/英文/train_splits/dia559_utt2.mp4,1031182
datasets/data-final/英文/train_splits/dia559_utt7.mp4,1220925
datasets/data-final/英文/train_splits/dia55_utt0.mp4,603568
datasets/data-final/英文/train_splits/dia55_utt1.mp4,594045
datasets/data-final/英文/train_splits/dia55_utt16.mp4,636305
datasets/data-final/英文/train_splits/dia55_utt2.mp4,1493143
datasets/data-final/英文/train_splits/dia55_utt3.mp4,1646304
datasets/data-final/英文/train_splits/dia55_utt6.mp4,2425214
datasets/data-final/英文/train_splits/dia560_utt1.mp4,658421
datasets/data-final/英文/train_splits/dia560_utt4.mp4,588709
datasets/data-final/英文/train_splits/dia560_utt5.mp4,1705764
datasets/data-final/英文/train_splits/dia560_utt7.mp4,2468853
datasets/data-final/英文/train_splits/dia561_utt0.mp4,1350304
datasets/data-final/英文/train_splits/dia561_utt1.mp4,2289753
datasets/data-final/英文/train_splits/dia561_utt10.mp4,1684061
datasets/data-final/英文/train_splits/dia561_utt11.mp4,1497270
datasets/data-final/英文/train_splits/dia561_utt12.mp4,1687534
datasets/data-final/英文/train_splits/dia561_utt16.mp4,1727840
datasets/data-final/英文/train_splits/dia561_utt18.mp4,1559452
datasets/data-final/英文/train_splits/dia561_utt2.mp4,1276884
datasets/data-final/英文/train_splits/dia561_utt5.mp4,1222635
datasets/data-final/英文/train_splits/dia561_utt7.mp4,733564
datasets/data-final/英文/train_splits/dia561_utt8.mp4,974118
datasets/data-final/英文/train_splits/dia561_utt9.mp4,1635041
datasets/data-final/英文/train_splits/dia562_utt7.mp4,1159579
datasets/data-final/英文/train_splits/dia563_utt8.mp4,2126411
datasets/data-final/英文/train_splits/dia564_utt0.mp4,1262974
datasets/data-final/英文/train_splits/dia564_utt2.mp4,958844
datasets/data-final/英文/train_splits/dia564_utt5.mp4,753965
datasets/data-final/英文/train_splits/dia564_utt6.mp4,811626
datasets/data-final/英文/train_splits/dia564_utt7.mp4,421388
datasets/data-final/英文/train_splits/dia564_utt9.mp4,540291
datasets/data-final/英文/train_splits/dia565_utt0.mp4,1158412
datasets/data-final/英文/train_splits/dia565_utt2.mp4,1232333
datasets/data-final/英文/train_splits/dia565_utt4.mp4,2113835
datasets/data-final/英文/train_splits/dia567_utt0.mp4,574653
datasets/data-final/英文/train_splits/dia568_utt0.mp4,905386
datasets/data-final/英文/train_splits/dia568_utt1.mp4,593631
datasets/data-final/英文/train_splits/dia568_utt10.mp4,1107045
datasets/data-final/英文/train_splits/dia568_utt11.mp4,2950271
datasets/data-final/英文/train_splits/dia568_utt4.mp4,1389534
datasets/data-final/英文/train_splits/dia568_utt5.mp4,979143
datasets/data-final/英文/train_splits/dia568_utt7.mp4,709762
datasets/data-final/英文/train_splits/dia568_utt8.mp4,1135255
datasets/data-final/英文/train_splits/dia569_utt0.mp4,769584
datasets/data-final/英文/train_splits/dia569_utt1.mp4,1294453
datasets/data-final/英文/train_splits/dia569_utt2.mp4,717965
datasets/data-final/英文/train_splits/dia56_utt0.mp4,1364899
datasets/data-final/英文/train_splits/dia56_utt2.mp4,2300192
datasets/data-final/英文/train_splits/dia56_utt3.mp4,1100051
datasets/data-final/英文/train_splits/dia56_utt4.mp4,1603012
datasets/data-final/英文/train_splits/dia56_utt5.mp4,1787516
datasets/data-final/英文/train_splits/dia56_utt6.mp4,3807377
datasets/data-final/英文/train_splits/dia570_utt0.mp4,890495
datasets/data-final/英文/train_splits/dia570_utt3.mp4,1233899
datasets/data-final/英文/train_splits/dia571_utt0.mp4,1196805
datasets/data-final/英文/train_splits/dia571_utt1.mp4,862903
datasets/data-final/英文/train_splits/dia571_utt10.mp4,622966
datasets/data-final/英文/train_splits/dia571_utt11.mp4,771358
datasets/data-final/英文/train_splits/dia571_utt12.mp4,605894
datasets/data-final/英文/train_splits/dia571_utt13.mp4,767680
datasets/data-final/英文/train_splits/dia571_utt14.mp4,639741
datasets/data-final/英文/train_splits/dia571_utt15.mp4,850768
datasets/data-final/英文/train_splits/dia571_utt2.mp4,927060
datasets/data-final/英文/train_splits/dia571_utt3.mp4,550722
datasets/data-final/英文/train_splits/dia571_utt8.mp4,2075673
datasets/data-final/英文/train_splits/dia572_utt0.mp4,591134
datasets/data-final/英文/train_splits/dia572_utt1.mp4,708065
datasets/data-final/英文/train_splits/dia572_utt10.mp4,660702
datasets/data-final/英文/train_splits/dia572_utt12.mp4,673867
datasets/data-final/英文/train_splits/dia572_utt13.mp4,661414
datasets/data-final/英文/train_splits/dia572_utt18.mp4,701995
datasets/data-final/英文/train_splits/dia572_utt19.mp4,900818
datasets/data-final/英文/train_splits/dia572_utt20.mp4,447385
datasets/data-final/英文/train_splits/dia572_utt9.mp4,789894
datasets/data-final/英文/train_splits/dia573_utt10.mp4,1148171
datasets/data-final/英文/train_splits/dia573_utt5.mp4,5268372
datasets/data-final/英文/train_splits/dia573_utt8.mp4,640992
datasets/data-final/英文/train_splits/dia574_utt0.mp4,672885
datasets/data-final/英文/train_splits/dia574_utt12.mp4,778800
datasets/data-final/英文/train_splits/dia574_utt13.mp4,921100
datasets/data-final/英文/train_splits/dia574_utt14.mp4,696758
datasets/data-final/英文/train_splits/dia574_utt15.mp4,1287496
datasets/data-final/英文/train_splits/dia574_utt16.mp4,2066155
datasets/data-final/英文/train_splits/dia574_utt18.mp4,635104
datasets/data-final/英文/train_splits/dia574_utt19.mp4,1264431
datasets/data-final/英文/train_splits/dia574_utt8.mp4,583818
datasets/data-final/英文/train_splits/dia575_utt0.mp4,656449
datasets/data-final/英文/train_splits/dia575_utt3.mp4,935460
datasets/data-final/英文/train_splits/dia576_utt0.mp4,797860
datasets/data-final/英文/train_splits/dia576_utt10.mp4,551863
datasets/data-final/英文/train_splits/dia576_utt9.mp4,2195581
datasets/data-final/英文/train_splits/dia577_utt0.mp4,484804
datasets/data-final/英文/train_splits/dia577_utt1.mp4,2261916
datasets/data-final/英文/train_splits/dia577_utt2.mp4,1247377
datasets/data-final/英文/train_splits/dia577_utt3.mp4,3743707
datasets/data-final/英文/train_splits/dia577_utt5.mp4,915036
datasets/data-final/英文/train_splits/dia578_utt0.mp4,864313
datasets/data-final/英文/train_splits/dia578_utt2.mp4,546253
datasets/data-final/英文/train_splits/dia578_utt9.mp4,3928004
datasets/data-final/英文/train_splits/dia57_utt2.mp4,1778090
datasets/data-final/英文/train_splits/dia57_utt3.mp4,1451726
datasets/data-final/英文/train_splits/dia580_utt0.mp4,1465106
datasets/data-final/英文/train_splits/dia580_utt1.mp4,792331
datasets/data-final/英文/train_splits/dia581_utt0.mp4,1162137
datasets/data-final/英文/train_splits/dia583_utt0.mp4,798545
datasets/data-final/英文/train_splits/dia583_utt1.mp4,1466604
datasets/data-final/英文/train_splits/dia583_utt2.mp4,499499
datasets/data-final/英文/train_splits/dia583_utt5.mp4,2541054
datasets/data-final/英文/train_splits/dia583_utt6.mp4,1061342
datasets/data-final/英文/train_splits/dia583_utt8.mp4,743743
datasets/data-final/英文/train_splits/dia584_utt0.mp4,1219766
datasets/data-final/英文/train_splits/dia584_utt1.mp4,389860
datasets/data-final/英文/train_splits/dia584_utt3.mp4,584646
datasets/data-final/英文/train_splits/dia584_utt5.mp4,995701
datasets/data-final/英文/train_splits/dia584_utt6.mp4,465374
datasets/data-final/英文/train_splits/dia584_utt7.mp4,599800
datasets/data-final/英文/train_splits/dia584_utt8.mp4,486988
datasets/data-final/英文/train_splits/dia585_utt0.mp4,1255920
datasets/data-final/英文/train_splits/dia585_utt10.mp4,945136
datasets/data-final/英文/train_splits/dia585_utt2.mp4,874965
datasets/data-final/英文/train_splits/dia587_utt1.mp4,748784
datasets/data-final/英文/train_splits/dia588_utt0.mp4,663266
datasets/data-final/英文/train_splits/dia588_utt4.mp4,797487
datasets/data-final/英文/train_splits/dia588_utt5.mp4,589989
datasets/data-final/英文/train_splits/dia589_utt1.mp4,1792670
datasets/data-final/英文/train_splits/dia589_utt10.mp4,584024
datasets/data-final/英文/train_splits/dia589_utt5.mp4,1747126
datasets/data-final/英文/train_splits/dia589_utt7.mp4,600920
datasets/data-final/英文/train_splits/dia58_utt0.mp4,928091
datasets/data-final/英文/train_splits/dia58_utt4.mp4,1382072
datasets/data-final/英文/train_splits/dia58_utt6.mp4,675170
datasets/data-final/英文/train_splits/dia58_utt7.mp4,789629
datasets/data-final/英文/train_splits/dia58_utt9.mp4,396268
datasets/data-final/英文/train_splits/dia590_utt0.mp4,1215094
datasets/data-final/英文/train_splits/dia590_utt1.mp4,1418878
datasets/data-final/英文/train_splits/dia590_utt10.mp4,615602
datasets/data-final/英文/train_splits/dia590_utt11.mp4,1723314
datasets/data-final/英文/train_splits/dia590_utt12.mp4,1307168
datasets/data-final/英文/train_splits/dia590_utt14.mp4,2381746
datasets/data-final/英文/train_splits/dia590_utt16.mp4,831768
datasets/data-final/英文/train_splits/dia590_utt17.mp4,3175024
datasets/data-final/英文/train_splits/dia590_utt2.mp4,1437206
datasets/data-final/英文/train_splits/dia590_utt3.mp4,557066
datasets/data-final/英文/train_splits/dia590_utt5.mp4,1912787
datasets/data-final/英文/train_splits/dia590_utt6.mp4,703190
datasets/data-final/英文/train_splits/dia590_utt7.mp4,1381304
datasets/data-final/英文/train_splits/dia590_utt8.mp4,1467632
datasets/data-final/英文/train_splits/dia590_utt9.mp4,971654
datasets/data-final/英文/train_splits/dia591_utt0.mp4,1138830
datasets/data-final/英文/train_splits/dia592_utt0.mp4,450323
datasets/data-final/英文/train_splits/dia592_utt1.mp4,504868
datasets/data-final/英文/train_splits/dia592_utt12.mp4,467572
datasets/data-final/英文/train_splits/dia593_utt10.mp4,1056737
datasets/data-final/英文/train_splits/dia593_utt6.mp4,637945
datasets/data-final/英文/train_splits/dia593_utt8.mp4,546536
datasets/data-final/英文/train_splits/dia593_utt9.mp4,979884
datasets/data-final/英文/train_splits/dia594_utt5.mp4,663411
datasets/data-final/英文/train_splits/dia594_utt6.mp4,790549
datasets/data-final/英文/train_splits/dia594_utt7.mp4,895614
datasets/data-final/英文/train_splits/dia594_utt8.mp4,1178949
datasets/data-final/英文/train_splits/dia594_utt9.mp4,3794985
datasets/data-final/英文/train_splits/dia595_utt4.mp4,654767
datasets/data-final/英文/train_splits/dia595_utt5.mp4,964502
datasets/data-final/英文/train_splits/dia595_utt6.mp4,475116
datasets/data-final/英文/train_splits/dia596_utt0.mp4,792563
datasets/data-final/英文/train_splits/dia596_utt10.mp4,1194027
datasets/data-final/英文/train_splits/dia596_utt11.mp4,701225
datasets/data-final/英文/train_splits/dia596_utt12.mp4,943031
datasets/data-final/英文/train_splits/dia596_utt16.mp4,2231823
datasets/data-final/英文/train_splits/dia596_utt19.mp4,726744
datasets/data-final/英文/train_splits/dia596_utt2.mp4,765579
datasets/data-final/英文/train_splits/dia596_utt20.mp4,1486287
datasets/data-final/英文/train_splits/dia596_utt3.mp4,2017149
datasets/data-final/英文/train_splits/dia596_utt4.mp4,536610
datasets/data-final/英文/train_splits/dia596_utt5.mp4,1241054
datasets/data-final/英文/train_splits/dia596_utt6.mp4,523448
datasets/data-final/英文/train_splits/dia596_utt8.mp4,999458
datasets/data-final/英文/train_splits/dia596_utt9.mp4,783754
datasets/data-final/英文/train_splits/dia597_utt10.mp4,1142190
datasets/data-final/英文/train_splits/dia597_utt2.mp4,567477
datasets/data-final/英文/train_splits/dia597_utt3.mp4,951602
datasets/data-final/英文/train_splits/dia597_utt5.mp4,1278247
datasets/data-final/英文/train_splits/dia597_utt6.mp4,1290082
datasets/data-final/英文/train_splits/dia597_utt7.mp4,1102250
datasets/data-final/英文/train_splits/dia597_utt9.mp4,2585819
datasets/data-final/英文/train_splits/dia598_utt1.mp4,494287
datasets/data-final/英文/train_splits/dia598_utt2.mp4,499766
datasets/data-final/英文/train_splits/dia598_utt4.mp4,684556
datasets/data-final/英文/train_splits/dia599_utt0.mp4,805624
datasets/data-final/英文/train_splits/dia599_utt10.mp4,817790
datasets/data-final/英文/train_splits/dia599_utt12.mp4,2422874
datasets/data-final/英文/train_splits/dia599_utt13.mp4,999726
datasets/data-final/英文/train_splits/dia599_utt4.mp4,1068404
datasets/data-final/英文/train_splits/dia599_utt5.mp4,931186
datasets/data-final/英文/train_splits/dia599_utt7.mp4,1736144
datasets/data-final/英文/train_splits/dia599_utt8.mp4,1415706
datasets/data-final/英文/train_splits/dia59_utt0.mp4,1181003
datasets/data-final/英文/train_splits/dia5_utt2.mp4,703700
datasets/data-final/英文/train_splits/dia601_utt0.mp4,870044
datasets/data-final/英文/train_splits/dia601_utt5.mp4,2680266
datasets/data-final/英文/train_splits/dia602_utt0.mp4,1033492
datasets/data-final/英文/train_splits/dia602_utt2.mp4,739813
datasets/data-final/英文/train_splits/dia602_utt3.mp4,1106851
datasets/data-final/英文/train_splits/dia602_utt4.mp4,1342835
datasets/data-final/英文/train_splits/dia603_utt0.mp4,1488184
datasets/data-final/英文/train_splits/dia603_utt10.mp4,533098
datasets/data-final/英文/train_splits/dia603_utt2.mp4,827724
datasets/data-final/英文/train_splits/dia603_utt5.mp4,1237665
datasets/data-final/英文/train_splits/dia603_utt6.mp4,1117687
datasets/data-final/英文/train_splits/dia603_utt9.mp4,565910
datasets/data-final/英文/train_splits/dia604_utt1.mp4,2485286
datasets/data-final/英文/train_splits/dia604_utt10.mp4,748191
datasets/data-final/英文/train_splits/dia604_utt11.mp4,955341
datasets/data-final/英文/train_splits/dia604_utt13.mp4,610761
datasets/data-final/英文/train_splits/dia604_utt2.mp4,941476
datasets/data-final/英文/train_splits/dia604_utt4.mp4,944627
datasets/data-final/英文/train_splits/dia604_utt7.mp4,1804125
datasets/data-final/英文/train_splits/dia604_utt9.mp4,1454770
datasets/data-final/英文/train_splits/dia605_utt0.mp4,1288448
datasets/data-final/英文/train_splits/dia605_utt1.mp4,1434348
datasets/data-final/英文/train_splits/dia605_utt2.mp4,1122891
datasets/data-final/英文/train_splits/dia605_utt4.mp4,714976
datasets/data-final/英文/train_splits/dia605_utt6.mp4,713627
datasets/data-final/英文/train_splits/dia606_utt1.mp4,1504259
datasets/data-final/英文/train_splits/dia606_utt11.mp4,1361298
datasets/data-final/英文/train_splits/dia606_utt4.mp4,897847
datasets/data-final/英文/train_splits/dia606_utt9.mp4,1191767
datasets/data-final/英文/train_splits/dia607_utt11.mp4,2954525
datasets/data-final/英文/train_splits/dia607_utt2.mp4,1135852
datasets/data-final/英文/train_splits/dia607_utt3.mp4,1015690
datasets/data-final/英文/train_splits/dia607_utt8.mp4,721288
datasets/data-final/英文/train_splits/dia608_utt1.mp4,461469
datasets/data-final/英文/train_splits/dia608_utt2.mp4,2028558
datasets/data-final/英文/train_splits/dia608_utt5.mp4,157000
datasets/data-final/英文/train_splits/dia608_utt7.mp4,139554
datasets/data-final/英文/train_splits/dia608_utt9.mp4,1918552
datasets/data-final/英文/train_splits/dia609_utt0.mp4,1181757
datasets/data-final/英文/train_splits/dia610_utt1.mp4,708416
datasets/data-final/英文/train_splits/dia610_utt2.mp4,706999
datasets/data-final/英文/train_splits/dia610_utt4.mp4,492427
datasets/data-final/英文/train_splits/dia610_utt5.mp4,736429
datasets/data-final/英文/train_splits/dia610_utt6.mp4,493394
datasets/data-final/英文/train_splits/dia611_utt0.mp4,912467
datasets/data-final/英文/train_splits/dia611_utt10.mp4,1014557
datasets/data-final/英文/train_splits/dia611_utt12.mp4,1483518
datasets/data-final/英文/train_splits/dia611_utt3.mp4,538595
datasets/data-final/英文/train_splits/dia611_utt4.mp4,1727176
datasets/data-final/英文/train_splits/dia611_utt5.mp4,1120767
datasets/data-final/英文/train_splits/dia611_utt9.mp4,1215048
datasets/data-final/英文/train_splits/dia612_utt3.mp4,1574213
datasets/data-final/英文/train_splits/dia612_utt4.mp4,862457
datasets/data-final/英文/train_splits/dia612_utt5.mp4,773351
datasets/data-final/英文/train_splits/dia612_utt6.mp4,1258543
datasets/data-final/英文/train_splits/dia612_utt9.mp4,887093
datasets/data-final/英文/train_splits/dia613_utt0.mp4,1103019
datasets/data-final/英文/train_splits/dia613_utt10.mp4,1700560
datasets/data-final/英文/train_splits/dia613_utt2.mp4,523296
datasets/data-final/英文/train_splits/dia613_utt3.mp4,2125441
datasets/data-final/英文/train_splits/dia613_utt7.mp4,502375
datasets/data-final/英文/train_splits/dia613_utt9.mp4,1590842
datasets/data-final/英文/train_splits/dia614_utt0.mp4,716804
datasets/data-final/英文/train_splits/dia614_utt16.mp4,472805
datasets/data-final/英文/train_splits/dia614_utt17.mp4,927217
datasets/data-final/英文/train_splits/dia614_utt19.mp4,1162021
datasets/data-final/英文/train_splits/dia614_utt2.mp4,660907
datasets/data-final/英文/train_splits/dia614_utt4.mp4,1399104
datasets/data-final/英文/train_splits/dia614_utt8.mp4,716585
datasets/data-final/英文/train_splits/dia615_utt0.mp4,614155
datasets/data-final/英文/train_splits/dia615_utt12.mp4,701681
datasets/data-final/英文/train_splits/dia615_utt13.mp4,910057
datasets/data-final/英文/train_splits/dia615_utt14.mp4,719099
datasets/data-final/英文/train_splits/dia615_utt15.mp4,917191
datasets/data-final/英文/train_splits/dia615_utt16.mp4,1609708
datasets/data-final/英文/train_splits/dia615_utt17.mp4,761443
datasets/data-final/英文/train_splits/dia615_utt18.mp4,744292
datasets/data-final/英文/train_splits/dia615_utt19.mp4,737682
datasets/data-final/英文/train_splits/dia615_utt20.mp4,1962892
datasets/data-final/英文/train_splits/dia615_utt21.mp4,813732
datasets/data-final/英文/train_splits/dia615_utt22.mp4,1278588
datasets/data-final/英文/train_splits/dia615_utt3.mp4,900686
datasets/data-final/英文/train_splits/dia615_utt6.mp4,689146
datasets/data-final/英文/train_splits/dia615_utt9.mp4,835947
datasets/data-final/英文/train_splits/dia616_utt1.mp4,637756
datasets/data-final/英文/train_splits/dia616_utt2.mp4,892229
datasets/data-final/英文/train_splits/dia617_utt1.mp4,657431
datasets/data-final/英文/train_splits/dia617_utt10.mp4,862306
datasets/data-final/英文/train_splits/dia617_utt6.mp4,1594392
datasets/data-final/英文/train_splits/dia617_utt7.mp4,965012
datasets/data-final/英文/train_splits/dia618_utt0.mp4,1673199
datasets/data-final/英文/train_splits/dia618_utt1.mp4,2615781
datasets/data-final/英文/train_splits/dia619_utt0.mp4,1787231
datasets/data-final/英文/train_splits/dia619_utt2.mp4,1119421
datasets/data-final/英文/train_splits/dia619_utt3.mp4,391054
datasets/data-final/英文/train_splits/dia619_utt4.mp4,1016039
datasets/data-final/英文/train_splits/dia619_utt5.mp4,444717
datasets/data-final/英文/train_splits/dia619_utt6.mp4,1445840
datasets/data-final/英文/train_splits/dia619_utt7.mp4,473579
datasets/data-final/英文/train_splits/dia619_utt8.mp4,1223664
datasets/data-final/英文/train_splits/dia61_utt0.mp4,1360057
datasets/data-final/英文/train_splits/dia61_utt4.mp4,1330659
datasets/data-final/英文/train_splits/dia61_utt5.mp4,513915
datasets/data-final/英文/train_splits/dia61_utt6.mp4,715557
datasets/data-final/英文/train_splits/dia620_utt0.mp4,832234
datasets/data-final/英文/train_splits/dia621_utt2.mp4,365588
datasets/data-final/英文/train_splits/dia621_utt4.mp4,794710
datasets/data-final/英文/train_splits/dia621_utt5.mp4,615285
datasets/data-final/英文/train_splits/dia621_utt6.mp4,1110518
datasets/data-final/英文/train_splits/dia621_utt7.mp4,896433
datasets/data-final/英文/train_splits/dia622_utt12.mp4,1010668
datasets/data-final/英文/train_splits/dia622_utt13.mp4,1114888
datasets/data-final/英文/train_splits/dia622_utt14.mp4,586202
datasets/data-final/英文/train_splits/dia622_utt2.mp4,784394
datasets/data-final/英文/train_splits/dia622_utt3.mp4,1301301
datasets/data-final/英文/train_splits/dia622_utt4.mp4,485693
datasets/data-final/英文/train_splits/dia622_utt5.mp4,404446
datasets/data-final/英文/train_splits/dia622_utt6.mp4,1250853
datasets/data-final/英文/train_splits/dia622_utt7.mp4,572973
datasets/data-final/英文/train_splits/dia622_utt9.mp4,753471
datasets/data-final/英文/train_splits/dia623_utt11.mp4,867691
datasets/data-final/英文/train_splits/dia623_utt12.mp4,1832980
datasets/data-final/英文/train_splits/dia623_utt14.mp4,1631481
datasets/data-final/英文/train_splits/dia623_utt15.mp4,1875669
datasets/data-final/英文/train_splits/dia623_utt16.mp4,997248
datasets/data-final/英文/train_splits/dia623_utt17.mp4,1736761
datasets/data-final/英文/train_splits/dia623_utt18.mp4,639828
datasets/data-final/英文/train_splits/dia623_utt2.mp4,897546
datasets/data-final/英文/train_splits/dia623_utt3.mp4,1296645
datasets/data-final/英文/train_splits/dia623_utt7.mp4,948719
datasets/data-final/英文/train_splits/dia623_utt9.mp4,799448
datasets/data-final/英文/train_splits/dia624_utt0.mp4,1513460
datasets/data-final/英文/train_splits/dia625_utt0.mp4,970376
datasets/data-final/英文/train_splits/dia625_utt1.mp4,1044479
datasets/data-final/英文/train_splits/dia625_utt10.mp4,838348
datasets/data-final/英文/train_splits/dia625_utt13.mp4,693184
datasets/data-final/英文/train_splits/dia625_utt14.mp4,1167768
datasets/data-final/英文/train_splits/dia625_utt15.mp4,1512389
datasets/data-final/英文/train_splits/dia625_utt16.mp4,1087256
datasets/data-final/英文/train_splits/dia625_utt17.mp4,1570846
datasets/data-final/英文/train_splits/dia625_utt18.mp4,910275
datasets/data-final/英文/train_splits/dia625_utt19.mp4,781523
datasets/data-final/英文/train_splits/dia625_utt2.mp4,1447383
datasets/data-final/英文/train_splits/dia625_utt4.mp4,1089254
datasets/data-final/英文/train_splits/dia625_utt5.mp4,741682
datasets/data-final/英文/train_splits/dia625_utt6.mp4,794956
datasets/data-final/英文/train_splits/dia625_utt7.mp4,1170051
datasets/data-final/英文/train_splits/dia625_utt8.mp4,2300169
datasets/data-final/英文/train_splits/dia626_utt10.mp4,768865
datasets/data-final/英文/train_splits/dia626_utt11.mp4,544402
datasets/data-final/英文/train_splits/dia626_utt12.mp4,3293478
datasets/data-final/英文/train_splits/dia626_utt4.mp4,1412379
datasets/data-final/英文/train_splits/dia626_utt8.mp4,620338
datasets/data-final/英文/train_splits/dia626_utt9.mp4,1614834
datasets/data-final/英文/train_splits/dia627_utt0.mp4,725157
datasets/data-final/英文/train_splits/dia628_utt10.mp4,693625
datasets/data-final/英文/train_splits/dia628_utt11.mp4,1137689
datasets/data-final/英文/train_splits/dia628_utt12.mp4,1200409
datasets/data-final/英文/train_splits/dia628_utt4.mp4,1929795
datasets/data-final/英文/train_splits/dia628_utt7.mp4,1327191
datasets/data-final/英文/train_splits/dia629_utt0.mp4,2255726
datasets/data-final/英文/train_splits/dia629_utt1.mp4,918844
datasets/data-final/英文/train_splits/dia629_utt10.mp4,1262448
datasets/data-final/英文/train_splits/dia629_utt13.mp4,1841400
datasets/data-final/英文/train_splits/dia629_utt16.mp4,453976
datasets/data-final/英文/train_splits/dia629_utt17.mp4,3005521
datasets/data-final/英文/train_splits/dia629_utt5.mp4,2485181
datasets/data-final/英文/train_splits/dia629_utt6.mp4,742579
datasets/data-final/英文/train_splits/dia629_utt8.mp4,2551815
datasets/data-final/英文/train_splits/dia62_utt1.mp4,634073
datasets/data-final/英文/train_splits/dia62_utt10.mp4,506528
datasets/data-final/英文/train_splits/dia62_utt11.mp4,950946
datasets/data-final/英文/train_splits/dia62_utt2.mp4,353474
datasets/data-final/英文/train_splits/dia62_utt7.mp4,337861
datasets/data-final/英文/train_splits/dia62_utt9.mp4,1001650
datasets/data-final/英文/train_splits/dia630_utt0.mp4,934711
datasets/data-final/英文/train_splits/dia630_utt11.mp4,809153
datasets/data-final/英文/train_splits/dia630_utt12.mp4,1121715
datasets/data-final/英文/train_splits/dia630_utt13.mp4,3342135
datasets/data-final/英文/train_splits/dia630_utt14.mp4,516908
datasets/data-final/英文/train_splits/dia630_utt2.mp4,708758
datasets/data-final/英文/train_splits/dia630_utt4.mp4,961994
datasets/data-final/英文/train_splits/dia630_utt8.mp4,1176568
datasets/data-final/英文/train_splits/dia630_utt9.mp4,2811766
datasets/data-final/英文/train_splits/dia632_utt0.mp4,622663
datasets/data-final/英文/train_splits/dia632_utt10.mp4,525006
datasets/data-final/英文/train_splits/dia632_utt11.mp4,1113299
datasets/data-final/英文/train_splits/dia632_utt16.mp4,1190808
datasets/data-final/英文/train_splits/dia632_utt17.mp4,1680815
datasets/data-final/英文/train_splits/dia632_utt8.mp4,579549
datasets/data-final/英文/train_splits/dia633_utt0.mp4,1828163
datasets/data-final/英文/train_splits/dia633_utt3.mp4,890448
datasets/data-final/英文/train_splits/dia633_utt7.mp4,451171
datasets/data-final/英文/train_splits/dia634_utt0.mp4,2071930
datasets/data-final/英文/train_splits/dia634_utt2.mp4,1564516
datasets/data-final/英文/train_splits/dia634_utt3.mp4,1107301
datasets/data-final/英文/train_splits/dia634_utt4.mp4,486020
datasets/data-final/英文/train_splits/dia634_utt5.mp4,1052871
datasets/data-final/英文/train_splits/dia634_utt6.mp4,822517
datasets/data-final/英文/train_splits/dia635_utt0.mp4,1262282
datasets/data-final/英文/train_splits/dia635_utt2.mp4,655726
datasets/data-final/英文/train_splits/dia635_utt5.mp4,1563221
datasets/data-final/英文/train_splits/dia635_utt6.mp4,1147231
datasets/data-final/英文/train_splits/dia635_utt8.mp4,377705
datasets/data-final/英文/train_splits/dia635_utt9.mp4,608151
datasets/data-final/英文/train_splits/dia636_utt2.mp4,963024
datasets/data-final/英文/train_splits/dia636_utt3.mp4,626375
datasets/data-final/英文/train_splits/dia636_utt5.mp4,1395755
datasets/data-final/英文/train_splits/dia636_utt6.mp4,2066930
datasets/data-final/英文/train_splits/dia637_utt0.mp4,1139505
datasets/data-final/英文/train_splits/dia637_utt1.mp4,1003082
datasets/data-final/英文/train_splits/dia637_utt10.mp4,1833496
datasets/data-final/英文/train_splits/dia637_utt11.mp4,716464
datasets/data-final/英文/train_splits/dia637_utt2.mp4,865257
datasets/data-final/英文/train_splits/dia638_utt11.mp4,815036
datasets/data-final/英文/train_splits/dia638_utt12.mp4,1542390
datasets/data-final/英文/train_splits/dia638_utt3.mp4,1330559
datasets/data-final/英文/train_splits/dia638_utt4.mp4,574752
datasets/data-final/英文/train_splits/dia638_utt5.mp4,1814655
datasets/data-final/英文/train_splits/dia638_utt6.mp4,639708
datasets/data-final/英文/train_splits/dia638_utt7.mp4,651557
datasets/data-final/英文/train_splits/dia638_utt8.mp4,967254
datasets/data-final/英文/train_splits/dia638_utt9.mp4,1389411
datasets/data-final/英文/train_splits/dia639_utt1.mp4,1684738
datasets/data-final/英文/train_splits/dia639_utt10.mp4,775316
datasets/data-final/英文/train_splits/dia639_utt8.mp4,1518846
datasets/data-final/英文/train_splits/dia639_utt9.mp4,832590
datasets/data-final/英文/train_splits/dia63_utt1.mp4,2397033
datasets/data-final/英文/train_splits/dia63_utt2.mp4,1555653
datasets/data-final/英文/train_splits/dia63_utt4.mp4,1964299
datasets/data-final/英文/train_splits/dia63_utt5.mp4,999555
datasets/data-final/英文/train_splits/dia63_utt7.mp4,1049443
datasets/data-final/英文/train_splits/dia640_utt0.mp4,1309548
datasets/data-final/英文/train_splits/dia640_utt10.mp4,531655
datasets/data-final/英文/train_splits/dia640_utt11.mp4,1068386
datasets/data-final/英文/train_splits/dia640_utt12.mp4,1979273
datasets/data-final/英文/train_splits/dia640_utt14.mp4,677672
datasets/data-final/英文/train_splits/dia640_utt16.mp4,671832
datasets/data-final/英文/train_splits/dia640_utt5.mp4,706628
datasets/data-final/英文/train_splits/dia640_utt6.mp4,808098
datasets/data-final/英文/train_splits/dia640_utt7.mp4,760457
datasets/data-final/英文/train_splits/dia640_utt8.mp4,889419
datasets/data-final/英文/train_splits/dia640_utt9.mp4,1150313
datasets/data-final/英文/train_splits/dia641_utt1.mp4,933321
datasets/data-final/英文/train_splits/dia642_utt0.mp4,1271575
datasets/data-final/英文/train_splits/dia642_utt2.mp4,3216683
datasets/data-final/英文/train_splits/dia643_utt5.mp4,939660
datasets/data-final/英文/train_splits/dia643_utt6.mp4,1032418
datasets/data-final/英文/train_splits/dia644_utt10.mp4,421643
datasets/data-final/英文/train_splits/dia644_utt2.mp4,776568
datasets/data-final/英文/train_splits/dia644_utt3.mp4,1029024
datasets/data-final/英文/train_splits/dia644_utt4.mp4,2571328
datasets/data-final/英文/train_splits/dia644_utt5.mp4,1806910
datasets/data-final/英文/train_splits/dia644_utt6.mp4,1140581
datasets/data-final/英文/train_splits/dia644_utt7.mp4,774340
datasets/data-final/英文/train_splits/dia644_utt9.mp4,928173
datasets/data-final/英文/train_splits/dia645_utt0.mp4,510168
datasets/data-final/英文/train_splits/dia645_utt14.mp4,917705
datasets/data-final/英文/train_splits/dia645_utt15.mp4,2245734
datasets/data-final/英文/train_splits/dia645_utt16.mp4,578175
datasets/data-final/英文/train_splits/dia645_utt3.mp4,981643
datasets/data-final/英文/train_splits/dia645_utt5.mp4,924796
datasets/data-final/英文/train_splits/dia645_utt6.mp4,584166
datasets/data-final/英文/train_splits/dia645_utt7.mp4,787783
datasets/data-final/英文/train_splits/dia645_utt8.mp4,711992
datasets/data-final/英文/train_splits/dia646_utt0.mp4,1969509
datasets/data-final/英文/train_splits/dia646_utt1.mp4,1397239
datasets/data-final/英文/train_splits/dia646_utt11.mp4,1119731
datasets/data-final/英文/train_splits/dia646_utt12.mp4,1870613
datasets/data-final/英文/train_splits/dia646_utt14.mp4,754873
datasets/data-final/英文/train_splits/dia646_utt15.mp4,863128
datasets/data-final/英文/train_splits/dia646_utt21.mp4,1646409
datasets/data-final/英文/train_splits/dia646_utt4.mp4,1667447
datasets/data-final/英文/train_splits/dia646_utt5.mp4,1048859
datasets/data-final/英文/train_splits/dia646_utt6.mp4,1122561
datasets/data-final/英文/train_splits/dia647_utt0.mp4,1891626
datasets/data-final/英文/train_splits/dia648_utt0.mp4,839005
datasets/data-final/英文/train_splits/dia648_utt1.mp4,1636825
datasets/data-final/英文/train_splits/dia648_utt3.mp4,763185
datasets/data-final/英文/train_splits/dia648_utt4.mp4,2406155
datasets/data-final/英文/train_splits/dia648_utt5.mp4,1590440
datasets/data-final/英文/train_splits/dia649_utt0.mp4,2865039
datasets/data-final/英文/train_splits/dia649_utt1.mp4,511428
datasets/data-final/英文/train_splits/dia649_utt10.mp4,890376
datasets/data-final/英文/train_splits/dia649_utt11.mp4,479176
datasets/data-final/英文/train_splits/dia649_utt17.mp4,447354
datasets/data-final/英文/train_splits/dia649_utt18.mp4,777787
datasets/data-final/英文/train_splits/dia649_utt19.mp4,617877
datasets/data-final/英文/train_splits/dia649_utt2.mp4,823769
datasets/data-final/英文/train_splits/dia649_utt21.mp4,922969
datasets/data-final/英文/train_splits/dia649_utt23.mp4,1872327
datasets/data-final/英文/train_splits/dia649_utt6.mp4,607849
datasets/data-final/英文/train_splits/dia649_utt9.mp4,381384
datasets/data-final/英文/train_splits/dia64_utt0.mp4,1074143
datasets/data-final/英文/train_splits/dia64_utt10.mp4,769536
datasets/data-final/英文/train_splits/dia64_utt12.mp4,1182252
datasets/data-final/英文/train_splits/dia64_utt4.mp4,2038387
datasets/data-final/英文/train_splits/dia64_utt7.mp4,1499635
datasets/data-final/英文/train_splits/dia650_utt0.mp4,624487
datasets/data-final/英文/train_splits/dia650_utt1.mp4,648402
datasets/data-final/英文/train_splits/dia650_utt4.mp4,913869
datasets/data-final/英文/train_splits/dia650_utt5.mp4,1531546
datasets/data-final/英文/train_splits/dia650_utt6.mp4,856681
datasets/data-final/英文/train_splits/dia650_utt8.mp4,2082877
datasets/data-final/英文/train_splits/dia651_utt11.mp4,1159688
datasets/data-final/英文/train_splits/dia651_utt3.mp4,1035905
datasets/data-final/英文/train_splits/dia651_utt6.mp4,675193
datasets/data-final/英文/train_splits/dia651_utt8.mp4,783103
datasets/data-final/英文/train_splits/dia651_utt9.mp4,1392809
datasets/data-final/英文/train_splits/dia652_utt10.mp4,556754
datasets/data-final/英文/train_splits/dia652_utt12.mp4,865910
datasets/data-final/英文/train_splits/dia652_utt13.mp4,1856522
datasets/data-final/英文/train_splits/dia652_utt5.mp4,1122053
datasets/data-final/英文/train_splits/dia652_utt7.mp4,1029925
datasets/data-final/英文/train_splits/dia652_utt9.mp4,1223041
datasets/data-final/英文/train_splits/dia653_utt0.mp4,1984708
datasets/data-final/英文/train_splits/dia653_utt2.mp4,2208521
datasets/data-final/英文/train_splits/dia654_utt0.mp4,773615
datasets/data-final/英文/train_splits/dia654_utt2.mp4,1602595
datasets/data-final/英文/train_splits/dia654_utt3.mp4,1021524
datasets/data-final/英文/train_splits/dia654_utt4.mp4,1082146
datasets/data-final/英文/train_splits/dia655_utt1.mp4,586350
datasets/data-final/英文/train_splits/dia655_utt11.mp4,2408374
datasets/data-final/英文/train_splits/dia655_utt13.mp4,1406011
datasets/data-final/英文/train_splits/dia655_utt15.mp4,967091
datasets/data-final/英文/train_splits/dia655_utt2.mp4,1039436
datasets/data-final/英文/train_splits/dia655_utt3.mp4,972168
datasets/data-final/英文/train_splits/dia655_utt4.mp4,2196177
datasets/data-final/英文/train_splits/dia655_utt5.mp4,1639098
datasets/data-final/英文/train_splits/dia655_utt8.mp4,1605704
datasets/data-final/英文/train_splits/dia656_utt0.mp4,1370142
datasets/data-final/英文/train_splits/dia657_utt0.mp4,996486
datasets/data-final/英文/train_splits/dia657_utt10.mp4,1847367
datasets/data-final/英文/train_splits/dia657_utt12.mp4,1958021
datasets/data-final/英文/train_splits/dia657_utt13.mp4,1131083
datasets/data-final/英文/train_splits/dia657_utt14.mp4,926723
datasets/data-final/英文/train_splits/dia657_utt15.mp4,1544413
datasets/data-final/英文/train_splits/dia657_utt17.mp4,976424
datasets/data-final/英文/train_splits/dia657_utt19.mp4,945863
datasets/data-final/英文/train_splits/dia657_utt2.mp4,826427
datasets/data-final/英文/train_splits/dia657_utt3.mp4,1250837
datasets/data-final/英文/train_splits/dia657_utt4.mp4,889198
datasets/data-final/英文/train_splits/dia657_utt7.mp4,817071
datasets/data-final/英文/train_splits/dia657_utt8.mp4,817071
datasets/data-final/英文/train_splits/dia658_utt0.mp4,665470
datasets/data-final/英文/train_splits/dia658_utt10.mp4,1205394
datasets/data-final/英文/train_splits/dia658_utt11.mp4,1282354
datasets/data-final/英文/train_splits/dia658_utt12.mp4,2901160
datasets/data-final/英文/train_splits/dia658_utt14.mp4,525855
datasets/data-final/英文/train_splits/dia658_utt15.mp4,631537
datasets/data-final/英文/train_splits/dia658_utt16.mp4,625886
datasets/data-final/英文/train_splits/dia658_utt17.mp4,1370738
datasets/data-final/英文/train_splits/dia658_utt2.mp4,777318
datasets/data-final/英文/train_splits/dia658_utt20.mp4,965124
datasets/data-final/英文/train_splits/dia659_utt0.mp4,764620
datasets/data-final/英文/train_splits/dia659_utt1.mp4,1367792
datasets/data-final/英文/train_splits/dia659_utt12.mp4,826860
datasets/data-final/英文/train_splits/dia659_utt16.mp4,1201701
datasets/data-final/英文/train_splits/dia659_utt18.mp4,835891
datasets/data-final/英文/train_splits/dia659_utt19.mp4,2614725
datasets/data-final/英文/train_splits/dia659_utt2.mp4,837962
datasets/data-final/英文/train_splits/dia659_utt3.mp4,3178233
datasets/data-final/英文/train_splits/dia659_utt5.mp4,1202583
datasets/data-final/英文/train_splits/dia659_utt6.mp4,945061
datasets/data-final/英文/train_splits/dia65_utt0.mp4,1115104
datasets/data-final/英文/train_splits/dia65_utt3.mp4,4472287
datasets/data-final/英文/train_splits/dia660_utt14.mp4,1616844
datasets/data-final/英文/train_splits/dia660_utt4.mp4,1668044
datasets/data-final/英文/train_splits/dia661_utt0.mp4,1223099
datasets/data-final/英文/train_splits/dia661_utt2.mp4,1940060
datasets/data-final/英文/train_splits/dia661_utt4.mp4,1220037
datasets/data-final/英文/train_splits/dia661_utt7.mp4,1361833
datasets/data-final/英文/train_splits/dia661_utt9.mp4,5001479
datasets/data-final/英文/train_splits/dia662_utt2.mp4,2837936
datasets/data-final/英文/train_splits/dia662_utt3.mp4,565680
datasets/data-final/英文/train_splits/dia662_utt5.mp4,1910445
datasets/data-final/英文/train_splits/dia662_utt6.mp4,1823514
datasets/data-final/英文/train_splits/dia663_utt3.mp4,318218
datasets/data-final/英文/train_splits/dia663_utt8.mp4,687128
datasets/data-final/英文/train_splits/dia663_utt9.mp4,639283
datasets/data-final/英文/train_splits/dia664_utt1.mp4,1089430
datasets/data-final/英文/train_splits/dia664_utt2.mp4,922624
datasets/data-final/英文/train_splits/dia664_utt3.mp4,759764
datasets/data-final/英文/train_splits/dia664_utt4.mp4,950899
datasets/data-final/英文/train_splits/dia664_utt5.mp4,622670
datasets/data-final/英文/train_splits/dia664_utt6.mp4,635884
datasets/data-final/英文/train_splits/dia664_utt8.mp4,686091
datasets/data-final/英文/train_splits/dia665_utt0.mp4,782823
datasets/data-final/英文/train_splits/dia665_utt1.mp4,805318
datasets/data-final/英文/train_splits/dia665_utt11.mp4,1350795
datasets/data-final/英文/train_splits/dia665_utt12.mp4,990177
datasets/data-final/英文/train_splits/dia665_utt13.mp4,767857
datasets/data-final/英文/train_splits/dia665_utt14.mp4,1143893
datasets/data-final/英文/train_splits/dia665_utt15.mp4,1306312
datasets/data-final/英文/train_splits/dia665_utt17.mp4,703945
datasets/data-final/英文/train_splits/dia665_utt18.mp4,1144557
datasets/data-final/英文/train_splits/dia665_utt2.mp4,737623
datasets/data-final/英文/train_splits/dia665_utt3.mp4,917018
datasets/data-final/英文/train_splits/dia665_utt6.mp4,1103702
datasets/data-final/英文/train_splits/dia665_utt7.mp4,2073099
datasets/data-final/英文/train_splits/dia665_utt8.mp4,2226635
datasets/data-final/英文/train_splits/dia665_utt9.mp4,750799
datasets/data-final/英文/train_splits/dia666_utt10.mp4,1096696
datasets/data-final/英文/train_splits/dia666_utt12.mp4,457566
datasets/data-final/英文/train_splits/dia666_utt16.mp4,2727849
datasets/data-final/英文/train_splits/dia666_utt2.mp4,1324449
datasets/data-final/英文/train_splits/dia666_utt3.mp4,1015014
datasets/data-final/英文/train_splits/dia666_utt4.mp4,1184149
datasets/data-final/英文/train_splits/dia666_utt8.mp4,501329
datasets/data-final/英文/train_splits/dia666_utt9.mp4,612067
datasets/data-final/英文/train_splits/dia667_utt0.mp4,547634
datasets/data-final/英文/train_splits/dia667_utt3.mp4,661392
datasets/data-final/英文/train_splits/dia669_utt0.mp4,2123221
datasets/data-final/英文/train_splits/dia669_utt1.mp4,1604423
datasets/data-final/英文/train_splits/dia669_utt4.mp4,935537
datasets/data-final/英文/train_splits/dia66_utt1.mp4,738204
datasets/data-final/英文/train_splits/dia66_utt12.mp4,735080
datasets/data-final/英文/train_splits/dia66_utt2.mp4,2607689
datasets/data-final/英文/train_splits/dia66_utt3.mp4,577944
datasets/data-final/英文/train_splits/dia66_utt4.mp4,1109554
datasets/data-final/英文/train_splits/dia66_utt6.mp4,2220866
datasets/data-final/英文/train_splits/dia66_utt7.mp4,894393
datasets/data-final/英文/train_splits/dia66_utt8.mp4,1679271
datasets/data-final/英文/train_splits/dia670_utt0.mp4,864781
datasets/data-final/英文/train_splits/dia670_utt10.mp4,1356035
datasets/data-final/英文/train_splits/dia670_utt12.mp4,1808866
datasets/data-final/英文/train_splits/dia670_utt13.mp4,1788213
datasets/data-final/英文/train_splits/dia670_utt5.mp4,1205426
datasets/data-final/英文/train_splits/dia670_utt7.mp4,1297335
datasets/data-final/英文/train_splits/dia670_utt9.mp4,1527656
datasets/data-final/英文/train_splits/dia671_utt0.mp4,2364156
datasets/data-final/英文/train_splits/dia671_utt1.mp4,859298
datasets/data-final/英文/train_splits/dia671_utt12.mp4,2414374
datasets/data-final/英文/train_splits/dia671_utt13.mp4,696576
datasets/data-final/英文/train_splits/dia671_utt14.mp4,1530588
datasets/data-final/英文/train_splits/dia671_utt15.mp4,1432791
datasets/data-final/英文/train_splits/dia671_utt2.mp4,1208510
datasets/data-final/英文/train_splits/dia671_utt3.mp4,1605020
datasets/data-final/英文/train_splits/dia671_utt7.mp4,769152
datasets/data-final/英文/train_splits/dia671_utt8.mp4,1008028
datasets/data-final/英文/train_splits/dia671_utt9.mp4,1290515
datasets/data-final/英文/train_splits/dia672_utt1.mp4,916817
datasets/data-final/英文/train_splits/dia672_utt10.mp4,2216913
datasets/data-final/英文/train_splits/dia672_utt11.mp4,811559
datasets/data-final/英文/train_splits/dia672_utt12.mp4,1041236
datasets/data-final/英文/train_splits/dia672_utt13.mp4,1045101
datasets/data-final/英文/train_splits/dia672_utt5.mp4,1201827
datasets/data-final/英文/train_splits/dia672_utt6.mp4,705964
datasets/data-final/英文/train_splits/dia673_utt10.mp4,737146
datasets/data-final/英文/train_splits/dia673_utt11.mp4,764478
datasets/data-final/英文/train_splits/dia673_utt15.mp4,1057922
datasets/data-final/英文/train_splits/dia673_utt17.mp4,667997
datasets/data-final/英文/train_splits/dia673_utt19.mp4,461157
datasets/data-final/英文/train_splits/dia673_utt2.mp4,917952
datasets/data-final/英文/train_splits/dia673_utt20.mp4,1292864
datasets/data-final/英文/train_splits/dia673_utt3.mp4,996238
datasets/data-final/英文/train_splits/dia673_utt4.mp4,1469604
datasets/data-final/英文/train_splits/dia673_utt5.mp4,685857
datasets/data-final/英文/train_splits/dia673_utt6.mp4,754210
datasets/data-final/英文/train_splits/dia673_utt7.mp4,1082594
datasets/data-final/英文/train_splits/dia673_utt9.mp4,643638
datasets/data-final/英文/train_splits/dia674_utt0.mp4,1598739
datasets/data-final/英文/train_splits/dia674_utt1.mp4,1581383
datasets/data-final/英文/train_splits/dia674_utt2.mp4,1148327
datasets/data-final/英文/train_splits/dia674_utt4.mp4,1738993
datasets/data-final/英文/train_splits/dia674_utt6.mp4,464586
datasets/data-final/英文/train_splits/dia674_utt7.mp4,637924
datasets/data-final/英文/train_splits/dia674_utt8.mp4,1336180
datasets/data-final/英文/train_splits/dia675_utt2.mp4,2444366
datasets/data-final/英文/train_splits/dia675_utt3.mp4,2992253
datasets/data-final/英文/train_splits/dia675_utt4.mp4,1190868
datasets/data-final/英文/train_splits/dia676_utt0.mp4,621343
datasets/data-final/英文/train_splits/dia676_utt10.mp4,1647409
datasets/data-final/英文/train_splits/dia676_utt14.mp4,750277
datasets/data-final/英文/train_splits/dia676_utt3.mp4,456776
datasets/data-final/英文/train_splits/dia676_utt5.mp4,430922
datasets/data-final/英文/train_splits/dia676_utt6.mp4,585986
datasets/data-final/英文/train_splits/dia676_utt7.mp4,819777
datasets/data-final/英文/train_splits/dia676_utt8.mp4,897121
datasets/data-final/英文/train_splits/dia676_utt9.mp4,751288
datasets/data-final/英文/train_splits/dia677_utt2.mp4,1444039
datasets/data-final/英文/train_splits/dia677_utt3.mp4,549532
datasets/data-final/英文/train_splits/dia678_utt12.mp4,930140
datasets/data-final/英文/train_splits/dia678_utt15.mp4,1231830
datasets/data-final/英文/train_splits/dia678_utt16.mp4,963293
datasets/data-final/英文/train_splits/dia678_utt17.mp4,790637
datasets/data-final/英文/train_splits/dia678_utt18.mp4,554103
datasets/data-final/英文/train_splits/dia679_utt10.mp4,2490836
datasets/data-final/英文/train_splits/dia679_utt11.mp4,584131
datasets/data-final/英文/train_splits/dia679_utt12.mp4,798194
datasets/data-final/英文/train_splits/dia679_utt13.mp4,661825
datasets/data-final/英文/train_splits/dia679_utt14.mp4,886791
datasets/data-final/英文/train_splits/dia679_utt15.mp4,868831
datasets/data-final/英文/train_splits/dia679_utt2.mp4,1681598
datasets/data-final/英文/train_splits/dia679_utt3.mp4,733222
datasets/data-final/英文/train_splits/dia679_utt4.mp4,2111832
datasets/data-final/英文/train_splits/dia679_utt5.mp4,1253216
datasets/data-final/英文/train_splits/dia679_utt8.mp4,820368
datasets/data-final/英文/train_splits/dia679_utt9.mp4,1004189
datasets/data-final/英文/train_splits/dia67_utt10.mp4,1422435
datasets/data-final/英文/train_splits/dia67_utt11.mp4,607098
datasets/data-final/英文/train_splits/dia67_utt14.mp4,1484568
datasets/data-final/英文/train_splits/dia67_utt15.mp4,1799012
datasets/data-final/英文/train_splits/dia67_utt2.mp4,653405
datasets/data-final/英文/train_splits/dia67_utt3.mp4,582407
datasets/data-final/英文/train_splits/dia67_utt5.mp4,745005
datasets/data-final/英文/train_splits/dia67_utt9.mp4,590719
datasets/data-final/英文/train_splits/dia680_utt0.mp4,732910
datasets/data-final/英文/train_splits/dia680_utt1.mp4,1283494
datasets/data-final/英文/train_splits/dia680_utt4.mp4,1238105
datasets/data-final/英文/train_splits/dia680_utt5.mp4,1162860
datasets/data-final/英文/train_splits/dia680_utt6.mp4,1520865
datasets/data-final/英文/train_splits/dia681_utt0.mp4,806596
datasets/data-final/英文/train_splits/dia681_utt2.mp4,995061
datasets/data-final/英文/train_splits/dia681_utt3.mp4,858487
datasets/data-final/英文/train_splits/dia681_utt4.mp4,714551
datasets/data-final/英文/train_splits/dia682_utt0.mp4,3840056
datasets/data-final/英文/train_splits/dia682_utt1.mp4,3098591
datasets/data-final/英文/train_splits/dia682_utt10.mp4,632575
datasets/data-final/英文/train_splits/dia682_utt13.mp4,1089634
datasets/data-final/英文/train_splits/dia682_utt14.mp4,844199
datasets/data-final/英文/train_splits/dia682_utt2.mp4,2475372
datasets/data-final/英文/train_splits/dia682_utt3.mp4,3319667
datasets/data-final/英文/train_splits/dia682_utt4.mp4,1873905
datasets/data-final/英文/train_splits/dia682_utt6.mp4,605186
datasets/data-final/英文/train_splits/dia682_utt7.mp4,2153922
datasets/data-final/英文/train_splits/dia682_utt8.mp4,497429
datasets/data-final/英文/train_splits/dia682_utt9.mp4,560633
datasets/data-final/英文/train_splits/dia684_utt2.mp4,2301751
datasets/data-final/英文/train_splits/dia685_utt1.mp4,495371
datasets/data-final/英文/train_splits/dia686_utt0.mp4,1657254
datasets/data-final/英文/train_splits/dia686_utt3.mp4,759569
datasets/data-final/英文/train_splits/dia686_utt4.mp4,2301087
datasets/data-final/英文/train_splits/dia686_utt5.mp4,1476031
datasets/data-final/英文/train_splits/dia686_utt8.mp4,796849
datasets/data-final/英文/train_splits/dia686_utt9.mp4,692099
datasets/data-final/英文/train_splits/dia687_utt0.mp4,816232
datasets/data-final/英文/train_splits/dia687_utt7.mp4,979663
datasets/data-final/英文/train_splits/dia688_utt0.mp4,690965
datasets/data-final/英文/train_splits/dia689_utt11.mp4,1474060
datasets/data-final/英文/train_splits/dia689_utt13.mp4,941479
datasets/data-final/英文/train_splits/dia689_utt4.mp4,1201845
datasets/data-final/英文/train_splits/dia689_utt6.mp4,1724094
datasets/data-final/英文/train_splits/dia689_utt7.mp4,1000972
datasets/data-final/英文/train_splits/dia689_utt8.mp4,750641
datasets/data-final/英文/train_splits/dia689_utt9.mp4,3794886
datasets/data-final/英文/train_splits/dia68_utt0.mp4,1365528
datasets/data-final/英文/train_splits/dia68_utt1.mp4,908168
datasets/data-final/英文/train_splits/dia690_utt1.mp4,1152474
datasets/data-final/英文/train_splits/dia690_utt3.mp4,669902
datasets/data-final/英文/train_splits/dia690_utt7.mp4,600597
datasets/data-final/英文/train_splits/dia691_utt0.mp4,492646
datasets/data-final/英文/train_splits/dia692_utt0.mp4,633096
datasets/data-final/英文/train_splits/dia692_utt1.mp4,1375353
datasets/data-final/英文/train_splits/dia693_utt2.mp4,685326
datasets/data-final/英文/train_splits/dia693_utt3.mp4,1075989
datasets/data-final/英文/train_splits/dia693_utt4.mp4,664888
datasets/data-final/英文/train_splits/dia693_utt5.mp4,851376
datasets/data-final/英文/train_splits/dia694_utt1.mp4,1228392
datasets/data-final/英文/train_splits/dia694_utt3.mp4,1347999
datasets/data-final/英文/train_splits/dia695_utt1.mp4,843861
datasets/data-final/英文/train_splits/dia696_utt0.mp4,1007283
datasets/data-final/英文/train_splits/dia696_utt2.mp4,958861
datasets/data-final/英文/train_splits/dia696_utt4.mp4,807368
datasets/data-final/英文/train_splits/dia696_utt7.mp4,2839082
datasets/data-final/英文/train_splits/dia697_utt0.mp4,510710
datasets/data-final/英文/train_splits/dia697_utt4.mp4,710159
datasets/data-final/英文/train_splits/dia697_utt5.mp4,824504
datasets/data-final/英文/train_splits/dia697_utt6.mp4,1678296
datasets/data-final/英文/train_splits/dia697_utt7.mp4,572912
datasets/data-final/英文/train_splits/dia698_utt4.mp4,817038
datasets/data-final/英文/train_splits/dia698_utt5.mp4,958908
datasets/data-final/英文/train_splits/dia698_utt7.mp4,1322128
datasets/data-final/英文/train_splits/dia699_utt0.mp4,737924
datasets/data-final/英文/train_splits/dia699_utt10.mp4,588586
datasets/data-final/英文/train_splits/dia699_utt11.mp4,1022211
datasets/data-final/英文/train_splits/dia699_utt13.mp4,528222
datasets/data-final/英文/train_splits/dia699_utt3.mp4,1268010
datasets/data-final/英文/train_splits/dia69_utt1.mp4,789821
datasets/data-final/英文/train_splits/dia69_utt2.mp4,606978
datasets/data-final/英文/train_splits/dia6_utt0.mp4,687700
datasets/data-final/英文/train_splits/dia6_utt11.mp4,440730
datasets/data-final/英文/train_splits/dia6_utt4.mp4,519859
datasets/data-final/英文/train_splits/dia6_utt5.mp4,624870
datasets/data-final/英文/train_splits/dia6_utt6.mp4,793845
datasets/data-final/英文/train_splits/dia6_utt7.mp4,738929
datasets/data-final/英文/train_splits/dia6_utt8.mp4,876305
datasets/data-final/英文/train_splits/dia700_utt10.mp4,2236161
datasets/data-final/英文/train_splits/dia700_utt11.mp4,709431
datasets/data-final/英文/train_splits/dia700_utt12.mp4,2048559
datasets/data-final/英文/train_splits/dia700_utt2.mp4,3169524
datasets/data-final/英文/train_splits/dia700_utt6.mp4,2786244
datasets/data-final/英文/train_splits/dia700_utt8.mp4,419702
datasets/data-final/英文/train_splits/dia700_utt9.mp4,589648
datasets/data-final/英文/train_splits/dia703_utt0.mp4,2288368
datasets/data-final/英文/train_splits/dia703_utt6.mp4,1309806
datasets/data-final/英文/train_splits/dia704_utt0.mp4,681184
datasets/data-final/英文/train_splits/dia704_utt1.mp4,1776720
datasets/data-final/英文/train_splits/dia704_utt2.mp4,1644192
datasets/data-final/英文/train_splits/dia704_utt3.mp4,2128940
datasets/data-final/英文/train_splits/dia704_utt4.mp4,2457084
datasets/data-final/英文/train_splits/dia705_utt2.mp4,2063949
datasets/data-final/英文/train_splits/dia705_utt3.mp4,872873
datasets/data-final/英文/train_splits/dia705_utt5.mp4,778243
datasets/data-final/英文/train_splits/dia705_utt6.mp4,659387
datasets/data-final/英文/train_splits/dia705_utt7.mp4,890729
datasets/data-final/英文/train_splits/dia705_utt8.mp4,811962
datasets/data-final/英文/train_splits/dia706_utt4.mp4,878676
datasets/data-final/英文/train_splits/dia706_utt5.mp4,535858
datasets/data-final/英文/train_splits/dia706_utt8.mp4,473240
datasets/data-final/英文/train_splits/dia707_utt1.mp4,744284
datasets/data-final/英文/train_splits/dia707_utt10.mp4,561415
datasets/data-final/英文/train_splits/dia707_utt11.mp4,577009
datasets/data-final/英文/train_splits/dia707_utt12.mp4,846776
datasets/data-final/英文/train_splits/dia707_utt14.mp4,907284
datasets/data-final/英文/train_splits/dia707_utt15.mp4,963504
datasets/data-final/英文/train_splits/dia708_utt0.mp4,1762097
datasets/data-final/英文/train_splits/dia709_utt1.mp4,2354883
datasets/data-final/英文/train_splits/dia70_utt0.mp4,650998
datasets/data-final/英文/train_splits/dia70_utt2.mp4,849410
datasets/data-final/英文/train_splits/dia70_utt3.mp4,1070784
datasets/data-final/英文/train_splits/dia70_utt4.mp4,2740048
datasets/data-final/英文/train_splits/dia70_utt6.mp4,2102701
datasets/data-final/英文/train_splits/dia70_utt7.mp4,754269
datasets/data-final/英文/train_splits/dia712_utt0.mp4,1781967
datasets/data-final/英文/train_splits/dia712_utt1.mp4,867568
datasets/data-final/英文/train_splits/dia712_utt2.mp4,678938
datasets/data-final/英文/train_splits/dia712_utt4.mp4,643892
datasets/data-final/英文/train_splits/dia712_utt6.mp4,629430
datasets/data-final/英文/train_splits/dia713_utt1.mp4,794561
datasets/data-final/英文/train_splits/dia713_utt2.mp4,1142050
datasets/data-final/英文/train_splits/dia714_utt0.mp4,1895946
datasets/data-final/英文/train_splits/dia714_utt1.mp4,1743481
datasets/data-final/英文/train_splits/dia714_utt2.mp4,1197398
datasets/data-final/英文/train_splits/dia714_utt4.mp4,1298623
datasets/data-final/英文/train_splits/dia714_utt5.mp4,1263375
datasets/data-final/英文/train_splits/dia715_utt0.mp4,1425500
datasets/data-final/英文/train_splits/dia716_utt0.mp4,1116137
datasets/data-final/英文/train_splits/dia716_utt1.mp4,795870
datasets/data-final/英文/train_splits/dia716_utt4.mp4,2217232
datasets/data-final/英文/train_splits/dia716_utt5.mp4,729060
datasets/data-final/英文/train_splits/dia717_utt0.mp4,2162662
datasets/data-final/英文/train_splits/dia717_utt1.mp4,1173102
datasets/data-final/英文/train_splits/dia717_utt10.mp4,456382
datasets/data-final/英文/train_splits/dia717_utt11.mp4,685578
datasets/data-final/英文/train_splits/dia717_utt12.mp4,1845278
datasets/data-final/英文/train_splits/dia717_utt2.mp4,1401733
datasets/data-final/英文/train_splits/dia717_utt4.mp4,632749
datasets/data-final/英文/train_splits/dia718_utt2.mp4,601268
datasets/data-final/英文/train_splits/dia718_utt3.mp4,798844
datasets/data-final/英文/train_splits/dia718_utt4.mp4,1799375
datasets/data-final/英文/train_splits/dia718_utt6.mp4,462445
datasets/data-final/英文/train_splits/dia719_utt1.mp4,679856
datasets/data-final/英文/train_splits/dia719_utt4.mp4,936523
datasets/data-final/英文/train_splits/dia719_utt5.mp4,994419
datasets/data-final/英文/train_splits/dia720_utt11.mp4,1938485
datasets/data-final/英文/train_splits/dia720_utt12.mp4,968328
datasets/data-final/英文/train_splits/dia720_utt13.mp4,1516460
datasets/data-final/英文/train_splits/dia720_utt4.mp4,1426838
datasets/data-final/英文/train_splits/dia720_utt6.mp4,1845468
datasets/data-final/英文/train_splits/dia720_utt8.mp4,424852
datasets/data-final/英文/train_splits/dia721_utt0.mp4,1091872
datasets/data-final/英文/train_splits/dia722_utt10.mp4,515098
datasets/data-final/英文/train_splits/dia722_utt15.mp4,371944
datasets/data-final/英文/train_splits/dia722_utt16.mp4,2534320
datasets/data-final/英文/train_splits/dia722_utt2.mp4,789977
datasets/data-final/英文/train_splits/dia722_utt3.mp4,377942
datasets/data-final/英文/train_splits/dia722_utt4.mp4,2079458
datasets/data-final/英文/train_splits/dia722_utt5.mp4,655196
datasets/data-final/英文/train_splits/dia722_utt6.mp4,1170963
datasets/data-final/英文/train_splits/dia722_utt8.mp4,1908170
datasets/data-final/英文/train_splits/dia723_utt1.mp4,1016247
datasets/data-final/英文/train_splits/dia723_utt6.mp4,761534
datasets/data-final/英文/train_splits/dia723_utt7.mp4,4274519
datasets/data-final/英文/train_splits/dia724_utt1.mp4,2882044
datasets/data-final/英文/train_splits/dia724_utt3.mp4,709664
datasets/data-final/英文/train_splits/dia725_utt2.mp4,3046061
datasets/data-final/英文/train_splits/dia725_utt3.mp4,1492558
datasets/data-final/英文/train_splits/dia725_utt4.mp4,1205642
datasets/data-final/英文/train_splits/dia726_utt2.mp4,2107108
datasets/data-final/英文/train_splits/dia726_utt4.mp4,873071
datasets/data-final/英文/train_splits/dia726_utt5.mp4,1485960
datasets/data-final/英文/train_splits/dia726_utt6.mp4,775012
datasets/data-final/英文/train_splits/dia727_utt0.mp4,1262784
datasets/data-final/英文/train_splits/dia727_utt1.mp4,903658
datasets/data-final/英文/train_splits/dia727_utt3.mp4,785876
datasets/data-final/英文/train_splits/dia727_utt4.mp4,650103
datasets/data-final/英文/train_splits/dia727_utt6.mp4,1208657
datasets/data-final/英文/train_splits/dia727_utt8.mp4,725619
datasets/data-final/英文/train_splits/dia727_utt9.mp4,831600
datasets/data-final/英文/train_splits/dia728_utt0.mp4,1243906
datasets/data-final/英文/train_splits/dia728_utt1.mp4,879643
datasets/data-final/英文/train_splits/dia728_utt10.mp4,712748
datasets/data-final/英文/train_splits/dia728_utt3.mp4,1290113
datasets/data-final/英文/train_splits/dia728_utt4.mp4,1211542
datasets/data-final/英文/train_splits/dia728_utt5.mp4,1051809
datasets/data-final/英文/train_splits/dia728_utt6.mp4,1024391
datasets/data-final/英文/train_splits/dia728_utt7.mp4,1382970
datasets/data-final/英文/train_splits/dia72_utt0.mp4,907458
datasets/data-final/英文/train_splits/dia72_utt2.mp4,611444
datasets/data-final/英文/train_splits/dia72_utt4.mp4,716102
datasets/data-final/英文/train_splits/dia72_utt5.mp4,592736
datasets/data-final/英文/train_splits/dia72_utt7.mp4,1822731
datasets/data-final/英文/train_splits/dia730_utt0.mp4,770028
datasets/data-final/英文/train_splits/dia730_utt1.mp4,716286
datasets/data-final/英文/train_splits/dia730_utt10.mp4,758168
datasets/data-final/英文/train_splits/dia730_utt11.mp4,1328624
datasets/data-final/英文/train_splits/dia730_utt13.mp4,667065
datasets/data-final/英文/train_splits/dia730_utt2.mp4,619405
datasets/data-final/英文/train_splits/dia730_utt3.mp4,936104
datasets/data-final/英文/train_splits/dia730_utt4.mp4,814191
datasets/data-final/英文/train_splits/dia730_utt5.mp4,1245826
datasets/data-final/英文/train_splits/dia730_utt7.mp4,1163660
datasets/data-final/英文/train_splits/dia730_utt8.mp4,1423219
datasets/data-final/英文/train_splits/dia730_utt9.mp4,544112
datasets/data-final/英文/train_splits/dia732_utt0.mp4,641830
datasets/data-final/英文/train_splits/dia732_utt1.mp4,1176521
datasets/data-final/英文/train_splits/dia733_utt1.mp4,1060091
datasets/data-final/英文/train_splits/dia733_utt12.mp4,1563626
datasets/data-final/英文/train_splits/dia733_utt2.mp4,740818
datasets/data-final/英文/train_splits/dia733_utt3.mp4,1370745
datasets/data-final/英文/train_splits/dia733_utt7.mp4,949080
datasets/data-final/英文/train_splits/dia734_utt2.mp4,1994519
datasets/data-final/英文/train_splits/dia735_utt0.mp4,1049584
datasets/data-final/英文/train_splits/dia735_utt1.mp4,1145728
datasets/data-final/英文/train_splits/dia735_utt10.mp4,591511
datasets/data-final/英文/train_splits/dia735_utt18.mp4,717784
datasets/data-final/英文/train_splits/dia735_utt19.mp4,463299
datasets/data-final/英文/train_splits/dia735_utt2.mp4,2786808
datasets/data-final/英文/train_splits/dia735_utt4.mp4,1052422
datasets/data-final/英文/train_splits/dia735_utt5.mp4,510270
datasets/data-final/英文/train_splits/dia735_utt6.mp4,698816
datasets/data-final/英文/train_splits/dia735_utt7.mp4,1214889
datasets/data-final/英文/train_splits/dia735_utt8.mp4,1495294
datasets/data-final/英文/train_splits/dia735_utt9.mp4,1464182
datasets/data-final/英文/train_splits/dia736_utt11.mp4,667554
datasets/data-final/英文/train_splits/dia736_utt2.mp4,662905
datasets/data-final/英文/train_splits/dia736_utt6.mp4,2987544
datasets/data-final/英文/train_splits/dia736_utt8.mp4,922384
datasets/data-final/英文/train_splits/dia736_utt9.mp4,970021
datasets/data-final/英文/train_splits/dia737_utt2.mp4,1007090
datasets/data-final/英文/train_splits/dia737_utt4.mp4,616744
datasets/data-final/英文/train_splits/dia737_utt6.mp4,1666477
datasets/data-final/英文/train_splits/dia737_utt7.mp4,566277
datasets/data-final/英文/train_splits/dia737_utt8.mp4,957899
datasets/data-final/英文/train_splits/dia738_utt0.mp4,1348688
datasets/data-final/英文/train_splits/dia738_utt4.mp4,2861920
datasets/data-final/英文/train_splits/dia738_utt5.mp4,872261
datasets/data-final/英文/train_splits/dia738_utt8.mp4,983434
datasets/data-final/英文/train_splits/dia739_utt1.mp4,665993
datasets/data-final/英文/train_splits/dia739_utt11.mp4,846520
datasets/data-final/英文/train_splits/dia739_utt14.mp4,2787606
datasets/data-final/英文/train_splits/dia739_utt16.mp4,781263
datasets/data-final/英文/train_splits/dia73_utt1.mp4,374658
datasets/data-final/英文/train_splits/dia73_utt2.mp4,679824
datasets/data-final/英文/train_splits/dia73_utt7.mp4,729382
datasets/data-final/英文/train_splits/dia73_utt8.mp4,2229322
datasets/data-final/英文/train_splits/dia73_utt9.mp4,785743
datasets/data-final/英文/train_splits/dia740_utt0.mp4,905884
datasets/data-final/英文/train_splits/dia740_utt10.mp4,1001716
datasets/data-final/英文/train_splits/dia740_utt11.mp4,1211637
datasets/data-final/英文/train_splits/dia740_utt13.mp4,1864159
datasets/data-final/英文/train_splits/dia740_utt2.mp4,1885596
datasets/data-final/英文/train_splits/dia740_utt3.mp4,1185520
datasets/data-final/英文/train_splits/dia740_utt6.mp4,1938672
datasets/data-final/英文/train_splits/dia740_utt7.mp4,781223
datasets/data-final/英文/train_splits/dia741_utt0.mp4,499939
datasets/data-final/英文/train_splits/dia741_utt2.mp4,606288
datasets/data-final/英文/train_splits/dia742_utt0.mp4,812258
datasets/data-final/英文/train_splits/dia743_utt0.mp4,749576
datasets/data-final/英文/train_splits/dia743_utt3.mp4,1966489
datasets/data-final/英文/train_splits/dia743_utt5.mp4,1121165
datasets/data-final/英文/train_splits/dia744_utt0.mp4,1153484
datasets/data-final/英文/train_splits/dia744_utt1.mp4,1259656
datasets/data-final/英文/train_splits/dia744_utt10.mp4,982588
datasets/data-final/英文/train_splits/dia744_utt2.mp4,1435144
datasets/data-final/英文/train_splits/dia744_utt5.mp4,910340
datasets/data-final/英文/train_splits/dia744_utt9.mp4,2392684
datasets/data-final/英文/train_splits/dia745_utt0.mp4,644662
datasets/data-final/英文/train_splits/dia745_utt1.mp4,648129
datasets/data-final/英文/train_splits/dia745_utt10.mp4,1090328
datasets/data-final/英文/train_splits/dia745_utt11.mp4,2931698
datasets/data-final/英文/train_splits/dia745_utt2.mp4,1416920
datasets/data-final/英文/train_splits/dia745_utt6.mp4,1155018
datasets/data-final/英文/train_splits/dia745_utt7.mp4,904638
datasets/data-final/英文/train_splits/dia746_utt0.mp4,1121978
datasets/data-final/英文/train_splits/dia747_utt0.mp4,922996
datasets/data-final/英文/train_splits/dia747_utt10.mp4,862594
datasets/data-final/英文/train_splits/dia747_utt11.mp4,1076229
datasets/data-final/英文/train_splits/dia747_utt12.mp4,1751451
datasets/data-final/英文/train_splits/dia747_utt14.mp4,1293235
datasets/data-final/英文/train_splits/dia747_utt16.mp4,793466
datasets/data-final/英文/train_splits/dia747_utt17.mp4,863984
datasets/data-final/英文/train_splits/dia747_utt18.mp4,689294
datasets/data-final/英文/train_splits/dia747_utt2.mp4,837062
datasets/data-final/英文/train_splits/dia748_utt0.mp4,3106787
datasets/data-final/英文/train_splits/dia749_utt0.mp4,846147
datasets/data-final/英文/train_splits/dia749_utt1.mp4,2026010
datasets/data-final/英文/train_splits/dia749_utt2.mp4,935945
datasets/data-final/英文/train_splits/dia749_utt3.mp4,741700
datasets/data-final/英文/train_splits/dia749_utt4.mp4,936479
datasets/data-final/英文/train_splits/dia749_utt7.mp4,825119
datasets/data-final/英文/train_splits/dia74_utt0.mp4,834185
datasets/data-final/英文/train_splits/dia74_utt4.mp4,748938
datasets/data-final/英文/train_splits/dia74_utt6.mp4,638215
datasets/data-final/英文/train_splits/dia752_utt1.mp4,925317
datasets/data-final/英文/train_splits/dia752_utt9.mp4,2575962
datasets/data-final/英文/train_splits/dia753_utt0.mp4,1887761
datasets/data-final/英文/train_splits/dia753_utt2.mp4,814591
datasets/data-final/英文/train_splits/dia754_utt0.mp4,2184857
datasets/data-final/英文/train_splits/dia754_utt2.mp4,1186835
datasets/data-final/英文/train_splits/dia754_utt3.mp4,1340725
datasets/data-final/英文/train_splits/dia755_utt0.mp4,733933
datasets/data-final/英文/train_splits/dia755_utt1.mp4,994078
datasets/data-final/英文/train_splits/dia755_utt2.mp4,521971
datasets/data-final/英文/train_splits/dia755_utt6.mp4,691913
datasets/data-final/英文/train_splits/dia755_utt7.mp4,2005823
datasets/data-final/英文/train_splits/dia755_utt9.mp4,1631233
datasets/data-final/英文/train_splits/dia756_utt4.mp4,851284
datasets/data-final/英文/train_splits/dia756_utt5.mp4,1114334
datasets/data-final/英文/train_splits/dia756_utt7.mp4,2139620
datasets/data-final/英文/train_splits/dia757_utt0.mp4,594202
datasets/data-final/英文/train_splits/dia757_utt1.mp4,1013370
datasets/data-final/英文/train_splits/dia757_utt2.mp4,6272878
datasets/data-final/英文/train_splits/dia757_utt3.mp4,1951133
datasets/data-final/英文/train_splits/dia757_utt5.mp4,720721
datasets/data-final/英文/train_splits/dia757_utt8.mp4,589265
datasets/data-final/英文/train_splits/dia758_utt0.mp4,2576530
datasets/data-final/英文/train_splits/dia759_utt12.mp4,2126320
datasets/data-final/英文/train_splits/dia759_utt13.mp4,2083307
datasets/data-final/英文/train_splits/dia759_utt14.mp4,1088504
datasets/data-final/英文/train_splits/dia759_utt2.mp4,1404079
datasets/data-final/英文/train_splits/dia759_utt3.mp4,3139618
datasets/data-final/英文/train_splits/dia759_utt4.mp4,1521376
datasets/data-final/英文/train_splits/dia759_utt5.mp4,968272
datasets/data-final/英文/train_splits/dia760_utt0.mp4,855681
datasets/data-final/英文/train_splits/dia760_utt1.mp4,704008
datasets/data-final/英文/train_splits/dia760_utt2.mp4,939320
datasets/data-final/英文/train_splits/dia760_utt3.mp4,2036650
datasets/data-final/英文/train_splits/dia760_utt4.mp4,774949
datasets/data-final/英文/train_splits/dia761_utt1.mp4,1908640
datasets/data-final/英文/train_splits/dia761_utt6.mp4,1034170
datasets/data-final/英文/train_splits/dia761_utt9.mp4,1382120
datasets/data-final/英文/train_splits/dia762_utt0.mp4,1506911
datasets/data-final/英文/train_splits/dia762_utt2.mp4,1312729
datasets/data-final/英文/train_splits/dia762_utt3.mp4,637810
datasets/data-final/英文/train_splits/dia762_utt4.mp4,692363
datasets/data-final/英文/train_splits/dia763_utt10.mp4,699591
datasets/data-final/英文/train_splits/dia763_utt4.mp4,1406296
datasets/data-final/英文/train_splits/dia763_utt5.mp4,1369793
datasets/data-final/英文/train_splits/dia763_utt9.mp4,1225248
datasets/data-final/英文/train_splits/dia766_utt0.mp4,943197
datasets/data-final/英文/train_splits/dia766_utt6.mp4,855000
datasets/data-final/英文/train_splits/dia767_utt0.mp4,2132294
datasets/data-final/英文/train_splits/dia767_utt1.mp4,667599
datasets/data-final/英文/train_splits/dia767_utt11.mp4,863689
datasets/data-final/英文/train_splits/dia767_utt2.mp4,2093296
datasets/data-final/英文/train_splits/dia767_utt6.mp4,1463638
datasets/data-final/英文/train_splits/dia767_utt9.mp4,866474
datasets/data-final/英文/train_splits/dia768_utt1.mp4,766461
datasets/data-final/英文/train_splits/dia768_utt2.mp4,787250
datasets/data-final/英文/train_splits/dia768_utt3.mp4,1524334
datasets/data-final/英文/train_splits/dia768_utt5.mp4,1007496
datasets/data-final/英文/train_splits/dia768_utt6.mp4,927283
datasets/data-final/英文/train_splits/dia768_utt7.mp4,1205608
datasets/data-final/英文/train_splits/dia768_utt8.mp4,823362
datasets/data-final/英文/train_splits/dia769_utt0.mp4,796648
datasets/data-final/英文/train_splits/dia769_utt1.mp4,1050903
datasets/data-final/英文/train_splits/dia76_utt0.mp4,394704
datasets/data-final/英文/train_splits/dia76_utt2.mp4,1142519
datasets/data-final/英文/train_splits/dia76_utt3.mp4,1235275
datasets/data-final/英文/train_splits/dia76_utt4.mp4,540339
datasets/data-final/英文/train_splits/dia76_utt6.mp4,460384
datasets/data-final/英文/train_splits/dia76_utt7.mp4,501405
datasets/data-final/英文/train_splits/dia770_utt1.mp4,822082
datasets/data-final/英文/train_splits/dia770_utt10.mp4,672725
datasets/data-final/英文/train_splits/dia770_utt11.mp4,1150943
datasets/data-final/英文/train_splits/dia770_utt12.mp4,1021000
datasets/data-final/英文/train_splits/dia770_utt13.mp4,434109
datasets/data-final/英文/train_splits/dia770_utt14.mp4,1021931
datasets/data-final/英文/train_splits/dia770_utt15.mp4,813811
datasets/data-final/英文/train_splits/dia770_utt17.mp4,525336
datasets/data-final/英文/train_splits/dia770_utt5.mp4,1285608
datasets/data-final/英文/train_splits/dia770_utt7.mp4,1145981
datasets/data-final/英文/train_splits/dia770_utt8.mp4,797802
datasets/data-final/英文/train_splits/dia770_utt9.mp4,597557
datasets/data-final/英文/train_splits/dia771_utt0.mp4,697687
datasets/data-final/英文/train_splits/dia771_utt1.mp4,1730407
datasets/data-final/英文/train_splits/dia771_utt12.mp4,772209
datasets/data-final/英文/train_splits/dia771_utt13.mp4,800555
datasets/data-final/英文/train_splits/dia771_utt14.mp4,1234698
datasets/data-final/英文/train_splits/dia771_utt15.mp4,552907
datasets/data-final/英文/train_splits/dia771_utt2.mp4,287090
datasets/data-final/英文/train_splits/dia771_utt6.mp4,820616
datasets/data-final/英文/train_splits/dia771_utt8.mp4,589226
datasets/data-final/英文/train_splits/dia772_utt0.mp4,369142
datasets/data-final/英文/train_splits/dia772_utt14.mp4,755287
datasets/data-final/英文/train_splits/dia772_utt15.mp4,761635
datasets/data-final/英文/train_splits/dia772_utt3.mp4,2128310
datasets/data-final/英文/train_splits/dia772_utt7.mp4,858457
datasets/data-final/英文/train_splits/dia773_utt0.mp4,1144958
datasets/data-final/英文/train_splits/dia773_utt1.mp4,1425244
datasets/data-final/英文/train_splits/dia774_utt1.mp4,1387388
datasets/data-final/英文/train_splits/dia774_utt10.mp4,588043
datasets/data-final/英文/train_splits/dia774_utt3.mp4,1195193
datasets/data-final/英文/train_splits/dia774_utt6.mp4,533268
datasets/data-final/英文/train_splits/dia774_utt7.mp4,564051
datasets/data-final/英文/train_splits/dia774_utt8.mp4,1035039
datasets/data-final/英文/train_splits/dia775_utt1.mp4,999223
datasets/data-final/英文/train_splits/dia775_utt12.mp4,3031431
datasets/data-final/英文/train_splits/dia775_utt4.mp4,4074828
datasets/data-final/英文/train_splits/dia775_utt5.mp4,556634
datasets/data-final/英文/train_splits/dia775_utt9.mp4,978914
datasets/data-final/英文/train_splits/dia776_utt4.mp4,1003234
datasets/data-final/英文/train_splits/dia776_utt5.mp4,1181279
datasets/data-final/英文/train_splits/dia776_utt6.mp4,923709
datasets/data-final/英文/train_splits/dia776_utt7.mp4,878968
datasets/data-final/英文/train_splits/dia777_utt0.mp4,1766832
datasets/data-final/英文/train_splits/dia777_utt1.mp4,1254639
datasets/data-final/英文/train_splits/dia777_utt2.mp4,1757000
datasets/data-final/英文/train_splits/dia777_utt5.mp4,1733813
datasets/data-final/英文/train_splits/dia777_utt8.mp4,2708268
datasets/data-final/英文/train_splits/dia777_utt9.mp4,449107
datasets/data-final/英文/train_splits/dia778_utt2.mp4,1054728
datasets/data-final/英文/train_splits/dia778_utt3.mp4,1213219
datasets/data-final/英文/train_splits/dia778_utt5.mp4,1978212
datasets/data-final/英文/train_splits/dia778_utt6.mp4,1339264
datasets/data-final/英文/train_splits/dia778_utt7.mp4,702530
datasets/data-final/英文/train_splits/dia778_utt9.mp4,1060070
datasets/data-final/英文/train_splits/dia77_utt2.mp4,740611
datasets/data-final/英文/train_splits/dia77_utt3.mp4,431038
datasets/data-final/英文/train_splits/dia780_utt3.mp4,948205
datasets/data-final/英文/train_splits/dia780_utt4.mp4,841836
datasets/data-final/英文/train_splits/dia780_utt6.mp4,787195
datasets/data-final/英文/train_splits/dia781_utt0.mp4,1418849
datasets/data-final/英文/train_splits/dia782_utt4.mp4,657251
datasets/data-final/英文/train_splits/dia782_utt6.mp4,598027
datasets/data-final/英文/train_splits/dia782_utt7.mp4,686327
datasets/data-final/英文/train_splits/dia782_utt8.mp4,1014362
datasets/data-final/英文/train_splits/dia782_utt9.mp4,1007950
datasets/data-final/英文/train_splits/dia783_utt1.mp4,477760
datasets/data-final/英文/train_splits/dia783_utt2.mp4,729633
datasets/data-final/英文/train_splits/dia783_utt3.mp4,1070958
datasets/data-final/英文/train_splits/dia783_utt4.mp4,1006883
datasets/data-final/英文/train_splits/dia783_utt5.mp4,1927976
datasets/data-final/英文/train_splits/dia783_utt6.mp4,1239276
datasets/data-final/英文/train_splits/dia784_utt0.mp4,2350314
datasets/data-final/英文/train_splits/dia784_utt1.mp4,1748266
datasets/data-final/英文/train_splits/dia785_utt1.mp4,4037969
datasets/data-final/英文/train_splits/dia786_utt0.mp4,715402
datasets/data-final/英文/train_splits/dia786_utt2.mp4,676851
datasets/data-final/英文/train_splits/dia786_utt3.mp4,816006
datasets/data-final/英文/train_splits/dia787_utt1.mp4,1101597
datasets/data-final/英文/train_splits/dia787_utt2.mp4,1633196
datasets/data-final/英文/train_splits/dia787_utt3.mp4,1438712
datasets/data-final/英文/train_splits/dia787_utt5.mp4,1399099
datasets/data-final/英文/train_splits/dia787_utt8.mp4,789037
datasets/data-final/英文/train_splits/dia787_utt9.mp4,1553956
datasets/data-final/英文/train_splits/dia788_utt0.mp4,1220350
datasets/data-final/英文/train_splits/dia788_utt1.mp4,1144048
datasets/data-final/英文/train_splits/dia788_utt2.mp4,1287152
datasets/data-final/英文/train_splits/dia788_utt3.mp4,2190916
datasets/data-final/英文/train_splits/dia789_utt0.mp4,1309510
datasets/data-final/英文/train_splits/dia789_utt1.mp4,800584
datasets/data-final/英文/train_splits/dia789_utt2.mp4,901655
datasets/data-final/英文/train_splits/dia789_utt3.mp4,853228
datasets/data-final/英文/train_splits/dia789_utt6.mp4,875884
datasets/data-final/英文/train_splits/dia789_utt8.mp4,2023826
datasets/data-final/英文/train_splits/dia789_utt9.mp4,1927520
datasets/data-final/英文/train_splits/dia78_utt0.mp4,693563
datasets/data-final/英文/train_splits/dia78_utt1.mp4,869800
datasets/data-final/英文/train_splits/dia78_utt5.mp4,1076395
datasets/data-final/英文/train_splits/dia791_utt0.mp4,886769
datasets/data-final/英文/train_splits/dia791_utt1.mp4,1514907
datasets/data-final/英文/train_splits/dia791_utt10.mp4,390857
datasets/data-final/英文/train_splits/dia791_utt11.mp4,624778
datasets/data-final/英文/train_splits/dia791_utt12.mp4,595760
datasets/data-final/英文/train_splits/dia791_utt16.mp4,390354
datasets/data-final/英文/train_splits/dia791_utt18.mp4,2015273
datasets/data-final/英文/train_splits/dia791_utt4.mp4,473569
datasets/data-final/英文/train_splits/dia791_utt5.mp4,680587
datasets/data-final/英文/train_splits/dia791_utt7.mp4,750074
datasets/data-final/英文/train_splits/dia791_utt8.mp4,529533
datasets/data-final/英文/train_splits/dia792_utt10.mp4,1861683
datasets/data-final/英文/train_splits/dia792_utt11.mp4,669157
datasets/data-final/英文/train_splits/dia792_utt12.mp4,580023
datasets/data-final/英文/train_splits/dia792_utt13.mp4,505470
datasets/data-final/英文/train_splits/dia792_utt16.mp4,2266861
datasets/data-final/英文/train_splits/dia792_utt17.mp4,523147
datasets/data-final/英文/train_splits/dia792_utt18.mp4,407080
datasets/data-final/英文/train_splits/dia792_utt2.mp4,1897732
datasets/data-final/英文/train_splits/dia792_utt3.mp4,2046243
datasets/data-final/英文/train_splits/dia792_utt5.mp4,777661
datasets/data-final/英文/train_splits/dia792_utt6.mp4,1442882
datasets/data-final/英文/train_splits/dia792_utt9.mp4,990956
datasets/data-final/英文/train_splits/dia793_utt0.mp4,3043787
datasets/data-final/英文/train_splits/dia793_utt2.mp4,586801
datasets/data-final/英文/train_splits/dia793_utt3.mp4,636044
datasets/data-final/英文/train_splits/dia793_utt4.mp4,2756929
datasets/data-final/英文/train_splits/dia793_utt5.mp4,2237130
datasets/data-final/英文/train_splits/dia793_utt6.mp4,1724531
datasets/data-final/英文/train_splits/dia794_utt10.mp4,1409950
datasets/data-final/英文/train_splits/dia794_utt2.mp4,2034004
datasets/data-final/英文/train_splits/dia794_utt3.mp4,894127
datasets/data-final/英文/train_splits/dia794_utt6.mp4,653615
datasets/data-final/英文/train_splits/dia794_utt7.mp4,698606
datasets/data-final/英文/train_splits/dia794_utt8.mp4,908684
datasets/data-final/英文/train_splits/dia795_utt2.mp4,865108
datasets/data-final/英文/train_splits/dia795_utt3.mp4,1528787
datasets/data-final/英文/train_splits/dia796_utt0.mp4,1504518
datasets/data-final/英文/train_splits/dia796_utt12.mp4,419403
datasets/data-final/英文/train_splits/dia796_utt15.mp4,733738
datasets/data-final/英文/train_splits/dia796_utt16.mp4,410350
datasets/data-final/英文/train_splits/dia796_utt17.mp4,549078
datasets/data-final/英文/train_splits/dia796_utt18.mp4,1216910
datasets/data-final/英文/train_splits/dia796_utt19.mp4,686968
datasets/data-final/英文/train_splits/dia796_utt2.mp4,529520
datasets/data-final/英文/train_splits/dia796_utt20.mp4,630839
datasets/data-final/英文/train_splits/dia796_utt3.mp4,1336133
datasets/data-final/英文/train_splits/dia796_utt5.mp4,1032428
datasets/data-final/英文/train_splits/dia796_utt9.mp4,715508
datasets/data-final/英文/train_splits/dia797_utt11.mp4,600607
datasets/data-final/英文/train_splits/dia797_utt12.mp4,624715
datasets/data-final/英文/train_splits/dia797_utt13.mp4,513006
datasets/data-final/英文/train_splits/dia797_utt3.mp4,1407167
datasets/data-final/英文/train_splits/dia797_utt4.mp4,1571588
datasets/data-final/英文/train_splits/dia797_utt5.mp4,566226
datasets/data-final/英文/train_splits/dia797_utt6.mp4,548064
datasets/data-final/英文/train_splits/dia797_utt8.mp4,676518
datasets/data-final/英文/train_splits/dia798_utt0.mp4,1933207
datasets/data-final/英文/train_splits/dia798_utt5.mp4,537949
datasets/data-final/英文/train_splits/dia799_utt0.mp4,859196
datasets/data-final/英文/train_splits/dia799_utt1.mp4,1697995
datasets/data-final/英文/train_splits/dia799_utt2.mp4,2286783
datasets/data-final/英文/train_splits/dia799_utt4.mp4,1387056
datasets/data-final/英文/train_splits/dia799_utt5.mp4,1264452
datasets/data-final/英文/train_splits/dia79_utt0.mp4,1282761
datasets/data-final/英文/train_splits/dia79_utt1.mp4,738990
datasets/data-final/英文/train_splits/dia79_utt2.mp4,1064535
datasets/data-final/英文/train_splits/dia79_utt7.mp4,889479
datasets/data-final/英文/train_splits/dia7_utt0.mp4,751208
datasets/data-final/英文/train_splits/dia7_utt1.mp4,974911
datasets/data-final/英文/train_splits/dia800_utt1.mp4,1166482
datasets/data-final/英文/train_splits/dia801_utt0.mp4,1185367
datasets/data-final/英文/train_splits/dia801_utt2.mp4,577655
datasets/data-final/英文/train_splits/dia801_utt4.mp4,2251332
datasets/data-final/英文/train_splits/dia801_utt7.mp4,609732
datasets/data-final/英文/train_splits/dia802_utt0.mp4,1008492
datasets/data-final/英文/train_splits/dia802_utt1.mp4,1002039
datasets/data-final/英文/train_splits/dia803_utt1.mp4,939562
datasets/data-final/英文/train_splits/dia803_utt3.mp4,407282
datasets/data-final/英文/train_splits/dia803_utt4.mp4,736765
datasets/data-final/英文/train_splits/dia803_utt5.mp4,505299
datasets/data-final/英文/train_splits/dia803_utt6.mp4,747981
datasets/data-final/英文/train_splits/dia804_utt2.mp4,2274638
datasets/data-final/英文/train_splits/dia804_utt3.mp4,758567
datasets/data-final/英文/train_splits/dia804_utt4.mp4,815220
datasets/data-final/英文/train_splits/dia804_utt5.mp4,890237
datasets/data-final/英文/train_splits/dia804_utt6.mp4,3036864
datasets/data-final/英文/train_splits/dia804_utt7.mp4,1555259
datasets/data-final/英文/train_splits/dia804_utt8.mp4,633663
datasets/data-final/英文/train_splits/dia805_utt2.mp4,745896
datasets/data-final/英文/train_splits/dia805_utt3.mp4,1235986
datasets/data-final/英文/train_splits/dia805_utt4.mp4,2667503
datasets/data-final/英文/train_splits/dia805_utt5.mp4,1134884
datasets/data-final/英文/train_splits/dia805_utt6.mp4,1100521
datasets/data-final/英文/train_splits/dia806_utt0.mp4,714521
datasets/data-final/英文/train_splits/dia806_utt10.mp4,943443
datasets/data-final/英文/train_splits/dia806_utt11.mp4,584179
datasets/data-final/英文/train_splits/dia806_utt12.mp4,528874
datasets/data-final/英文/train_splits/dia806_utt13.mp4,624158
datasets/data-final/英文/train_splits/dia806_utt15.mp4,1461865
datasets/data-final/英文/train_splits/dia806_utt16.mp4,661006
datasets/data-final/英文/train_splits/dia806_utt17.mp4,453339
datasets/data-final/英文/train_splits/dia806_utt2.mp4,1474254
datasets/data-final/英文/train_splits/dia806_utt3.mp4,589411
datasets/data-final/英文/train_splits/dia806_utt5.mp4,503377
datasets/data-final/英文/train_splits/dia806_utt8.mp4,1015996
datasets/data-final/英文/train_splits/dia806_utt9.mp4,1039196
datasets/data-final/英文/train_splits/dia807_utt1.mp4,742212
datasets/data-final/英文/train_splits/dia808_utt0.mp4,677495
datasets/data-final/英文/train_splits/dia808_utt1.mp4,1366964
datasets/data-final/英文/train_splits/dia808_utt2.mp4,2619134
datasets/data-final/英文/train_splits/dia808_utt4.mp4,1504836
datasets/data-final/英文/train_splits/dia808_utt6.mp4,2150436
datasets/data-final/英文/train_splits/dia809_utt11.mp4,870715
datasets/data-final/英文/train_splits/dia809_utt14.mp4,1487691
datasets/data-final/英文/train_splits/dia809_utt15.mp4,923007
datasets/data-final/英文/train_splits/dia809_utt5.mp4,2022201
datasets/data-final/英文/train_splits/dia809_utt7.mp4,696442
datasets/data-final/英文/train_splits/dia809_utt8.mp4,1527534
datasets/data-final/英文/train_splits/dia80_utt0.mp4,988812
datasets/data-final/英文/train_splits/dia80_utt1.mp4,1835547
datasets/data-final/英文/train_splits/dia80_utt2.mp4,2297171
datasets/data-final/英文/train_splits/dia80_utt4.mp4,884385
datasets/data-final/英文/train_splits/dia80_utt5.mp4,810757
datasets/data-final/英文/train_splits/dia810_utt12.mp4,1029305
datasets/data-final/英文/train_splits/dia810_utt13.mp4,791730
datasets/data-final/英文/train_splits/dia810_utt14.mp4,1141532
datasets/data-final/英文/train_splits/dia810_utt16.mp4,609179
datasets/data-final/英文/train_splits/dia810_utt5.mp4,644045
datasets/data-final/英文/train_splits/dia810_utt7.mp4,1267323
datasets/data-final/英文/train_splits/dia810_utt8.mp4,681413
datasets/data-final/英文/train_splits/dia810_utt9.mp4,1593416
datasets/data-final/英文/train_splits/dia811_utt0.mp4,1008347
datasets/data-final/英文/train_splits/dia811_utt1.mp4,1407817
datasets/data-final/英文/train_splits/dia811_utt2.mp4,1088792
datasets/data-final/英文/train_splits/dia811_utt3.mp4,1936165
datasets/data-final/英文/train_splits/dia811_utt5.mp4,648485
datasets/data-final/英文/train_splits/dia811_utt8.mp4,776370
datasets/data-final/英文/train_splits/dia811_utt9.mp4,1540397
datasets/data-final/英文/train_splits/dia812_utt12.mp4,664303
datasets/data-final/英文/train_splits/dia812_utt8.mp4,779971
datasets/data-final/英文/train_splits/dia812_utt9.mp4,661164
datasets/data-final/英文/train_splits/dia813_utt0.mp4,747506
datasets/data-final/英文/train_splits/dia813_utt1.mp4,559951
datasets/data-final/英文/train_splits/dia813_utt3.mp4,879918
datasets/data-final/英文/train_splits/dia813_utt4.mp4,981866
datasets/data-final/英文/train_splits/dia813_utt6.mp4,1373606
datasets/data-final/英文/train_splits/dia813_utt7.mp4,1355385
datasets/data-final/英文/train_splits/dia814_utt0.mp4,2903115
datasets/data-final/英文/train_splits/dia814_utt1.mp4,671613
datasets/data-final/英文/train_splits/dia814_utt4.mp4,3467611
datasets/data-final/英文/train_splits/dia815_utt0.mp4,1551544
datasets/data-final/英文/train_splits/dia815_utt3.mp4,1493615
datasets/data-final/英文/train_splits/dia816_utt0.mp4,1276750
datasets/data-final/英文/train_splits/dia816_utt1.mp4,1657973
datasets/data-final/英文/train_splits/dia816_utt2.mp4,1603512
datasets/data-final/英文/train_splits/dia816_utt3.mp4,1876980
datasets/data-final/英文/train_splits/dia816_utt4.mp4,1657691
datasets/data-final/英文/train_splits/dia817_utt0.mp4,708720
datasets/data-final/英文/train_splits/dia817_utt12.mp4,731699
datasets/data-final/英文/train_splits/dia817_utt14.mp4,2645539
datasets/data-final/英文/train_splits/dia817_utt8.mp4,634678
datasets/data-final/英文/train_splits/dia818_utt1.mp4,842948
datasets/data-final/英文/train_splits/dia818_utt2.mp4,1114357
datasets/data-final/英文/train_splits/dia818_utt4.mp4,2253958
datasets/data-final/英文/train_splits/dia818_utt5.mp4,648405
datasets/data-final/英文/train_splits/dia818_utt6.mp4,1016769
datasets/data-final/英文/train_splits/dia818_utt7.mp4,1614638
datasets/data-final/英文/train_splits/dia819_utt0.mp4,4241737
datasets/data-final/英文/train_splits/dia819_utt1.mp4,770294
datasets/data-final/英文/train_splits/dia819_utt13.mp4,741325
datasets/data-final/英文/train_splits/dia819_utt15.mp4,1964372
datasets/data-final/英文/train_splits/dia819_utt16.mp4,730842
datasets/data-final/英文/train_splits/dia819_utt17.mp4,635752
datasets/data-final/英文/train_splits/dia819_utt18.mp4,1691064
datasets/data-final/英文/train_splits/dia819_utt3.mp4,1474785
datasets/data-final/英文/train_splits/dia819_utt5.mp4,2114338
datasets/data-final/英文/train_splits/dia819_utt7.mp4,1120332
datasets/data-final/英文/train_splits/dia819_utt8.mp4,1105331
datasets/data-final/英文/train_splits/dia81_utt0.mp4,1412445
datasets/data-final/英文/train_splits/dia81_utt10.mp4,784139
datasets/data-final/英文/train_splits/dia81_utt11.mp4,1099233
datasets/data-final/英文/train_splits/dia81_utt14.mp4,1815094
datasets/data-final/英文/train_splits/dia81_utt15.mp4,925951
datasets/data-final/英文/train_splits/dia81_utt16.mp4,740342
datasets/data-final/英文/train_splits/dia81_utt8.mp4,1432215
datasets/data-final/英文/train_splits/dia820_utt0.mp4,1097873
datasets/data-final/英文/train_splits/dia820_utt1.mp4,665181
datasets/data-final/英文/train_splits/dia820_utt11.mp4,828454
datasets/data-final/英文/train_splits/dia820_utt16.mp4,2086593
datasets/data-final/英文/train_splits/dia820_utt18.mp4,561707
datasets/data-final/英文/train_splits/dia820_utt20.mp4,1898512
datasets/data-final/英文/train_splits/dia820_utt21.mp4,1451367
datasets/data-final/英文/train_splits/dia820_utt3.mp4,718910
datasets/data-final/英文/train_splits/dia820_utt5.mp4,501199
datasets/data-final/英文/train_splits/dia820_utt7.mp4,1851182
datasets/data-final/英文/train_splits/dia820_utt9.mp4,1000118
datasets/data-final/英文/train_splits/dia821_utt0.mp4,1215248
datasets/data-final/英文/train_splits/dia821_utt1.mp4,1229640
datasets/data-final/英文/train_splits/dia821_utt10.mp4,849437
datasets/data-final/英文/train_splits/dia821_utt11.mp4,2028034
datasets/data-final/英文/train_splits/dia821_utt12.mp4,1155264
datasets/data-final/英文/train_splits/dia821_utt3.mp4,2364155
datasets/data-final/英文/train_splits/dia821_utt4.mp4,1159198
datasets/data-final/英文/train_splits/dia821_utt5.mp4,2213042
datasets/data-final/英文/train_splits/dia821_utt9.mp4,869134
datasets/data-final/英文/train_splits/dia822_utt0.mp4,1000704
datasets/data-final/英文/train_splits/dia822_utt2.mp4,1371334
datasets/data-final/英文/train_splits/dia822_utt4.mp4,2107483
datasets/data-final/英文/train_splits/dia822_utt6.mp4,1173995
datasets/data-final/英文/train_splits/dia823_utt11.mp4,720798
datasets/data-final/英文/train_splits/dia823_utt13.mp4,656995
datasets/data-final/英文/train_splits/dia823_utt14.mp4,555146
datasets/data-final/英文/train_splits/dia823_utt2.mp4,1237608
datasets/data-final/英文/train_splits/dia823_utt4.mp4,1688790
datasets/data-final/英文/train_splits/dia823_utt5.mp4,2032364
datasets/data-final/英文/train_splits/dia823_utt6.mp4,899486
datasets/data-final/英文/train_splits/dia823_utt7.mp4,820885
datasets/data-final/英文/train_splits/dia823_utt8.mp4,883574
datasets/data-final/英文/train_splits/dia823_utt9.mp4,642724
datasets/data-final/英文/train_splits/dia824_utt0.mp4,2090088
datasets/data-final/英文/train_splits/dia824_utt1.mp4,1645322
datasets/data-final/英文/train_splits/dia825_utt2.mp4,962229
datasets/data-final/英文/train_splits/dia826_utt3.mp4,1198401
datasets/data-final/英文/train_splits/dia827_utt0.mp4,984670
datasets/data-final/英文/train_splits/dia827_utt11.mp4,738758
datasets/data-final/英文/train_splits/dia827_utt13.mp4,1132323
datasets/data-final/英文/train_splits/dia827_utt14.mp4,809354
datasets/data-final/英文/train_splits/dia827_utt15.mp4,777234
datasets/data-final/英文/train_splits/dia827_utt2.mp4,645426
datasets/data-final/英文/train_splits/dia827_utt5.mp4,721175
datasets/data-final/英文/train_splits/dia827_utt7.mp4,2219386
datasets/data-final/英文/train_splits/dia827_utt8.mp4,690190
datasets/data-final/英文/train_splits/dia828_utt1.mp4,1297686
datasets/data-final/英文/train_splits/dia828_utt13.mp4,1847388
datasets/data-final/英文/train_splits/dia828_utt15.mp4,951813
datasets/data-final/英文/train_splits/dia828_utt2.mp4,810543
datasets/data-final/英文/train_splits/dia828_utt3.mp4,938196
datasets/data-final/英文/train_splits/dia828_utt4.mp4,1812498
datasets/data-final/英文/train_splits/dia828_utt6.mp4,935736
datasets/data-final/英文/train_splits/dia828_utt8.mp4,1187010
datasets/data-final/英文/train_splits/dia829_utt0.mp4,2008919
datasets/data-final/英文/train_splits/dia829_utt1.mp4,562348
datasets/data-final/英文/train_splits/dia82_utt0.mp4,1145034
datasets/data-final/英文/train_splits/dia82_utt1.mp4,1316487
datasets/data-final/英文/train_splits/dia82_utt10.mp4,881236
datasets/data-final/英文/train_splits/dia82_utt11.mp4,1032292
datasets/data-final/英文/train_splits/dia82_utt2.mp4,684224
datasets/data-final/英文/train_splits/dia82_utt3.mp4,1092938
datasets/data-final/英文/train_splits/dia82_utt4.mp4,668993
datasets/data-final/英文/train_splits/dia82_utt5.mp4,666989
datasets/data-final/英文/train_splits/dia82_utt6.mp4,1573607
datasets/data-final/英文/train_splits/dia82_utt7.mp4,523884
datasets/data-final/英文/train_splits/dia82_utt9.mp4,1550718
datasets/data-final/英文/train_splits/dia830_utt7.mp4,811601
datasets/data-final/英文/train_splits/dia831_utt0.mp4,1842693
datasets/data-final/英文/train_splits/dia831_utt1.mp4,802845
datasets/data-final/英文/train_splits/dia831_utt4.mp4,437844
datasets/data-final/英文/train_splits/dia831_utt5.mp4,979943
datasets/data-final/英文/train_splits/dia832_utt10.mp4,795845
datasets/data-final/英文/train_splits/dia832_utt11.mp4,659551
datasets/data-final/英文/train_splits/dia832_utt12.mp4,454215
datasets/data-final/英文/train_splits/dia832_utt13.mp4,626311
datasets/data-final/英文/train_splits/dia832_utt14.mp4,1394487
datasets/data-final/英文/train_splits/dia832_utt15.mp4,1250061
datasets/data-final/英文/train_splits/dia832_utt3.mp4,824873
datasets/data-final/英文/train_splits/dia832_utt5.mp4,784504
datasets/data-final/英文/train_splits/dia832_utt9.mp4,1482031
datasets/data-final/英文/train_splits/dia833_utt0.mp4,1265596
datasets/data-final/英文/train_splits/dia833_utt4.mp4,586962
datasets/data-final/英文/train_splits/dia833_utt6.mp4,694143
datasets/data-final/英文/train_splits/dia834_utt0.mp4,2032756
datasets/data-final/英文/train_splits/dia834_utt1.mp4,978349
datasets/data-final/英文/train_splits/dia834_utt10.mp4,1509609
datasets/data-final/英文/train_splits/dia834_utt15.mp4,1007672
datasets/data-final/英文/train_splits/dia834_utt3.mp4,2922711
datasets/data-final/英文/train_splits/dia834_utt4.mp4,773109
datasets/data-final/英文/train_splits/dia834_utt5.mp4,1676167
datasets/data-final/英文/train_splits/dia834_utt7.mp4,732724
datasets/data-final/英文/train_splits/dia834_utt8.mp4,1294857
datasets/data-final/英文/train_splits/dia834_utt9.mp4,758438
datasets/data-final/英文/train_splits/dia835_utt0.mp4,614983
datasets/data-final/英文/train_splits/dia835_utt1.mp4,581163
datasets/data-final/英文/train_splits/dia835_utt11.mp4,1179681
datasets/data-final/英文/train_splits/dia835_utt2.mp4,627707
datasets/data-final/英文/train_splits/dia835_utt5.mp4,645440
datasets/data-final/英文/train_splits/dia835_utt7.mp4,763980
datasets/data-final/英文/train_splits/dia836_utt0.mp4,921583
datasets/data-final/英文/train_splits/dia836_utt1.mp4,1118911
datasets/data-final/英文/train_splits/dia836_utt10.mp4,942926
datasets/data-final/英文/train_splits/dia836_utt2.mp4,620303
datasets/data-final/英文/train_splits/dia836_utt6.mp4,1081631
datasets/data-final/英文/train_splits/dia836_utt8.mp4,1068089
datasets/data-final/英文/train_splits/dia836_utt9.mp4,1267045
datasets/data-final/英文/train_splits/dia838_utt0.mp4,2672714
datasets/data-final/英文/train_splits/dia839_utt4.mp4,867686
datasets/data-final/英文/train_splits/dia839_utt5.mp4,795194
datasets/data-final/英文/train_splits/dia839_utt7.mp4,1040328
datasets/data-final/英文/train_splits/dia83_utt0.mp4,887596
datasets/data-final/英文/train_splits/dia83_utt3.mp4,771865
datasets/data-final/英文/train_splits/dia840_utt10.mp4,3588666
datasets/data-final/英文/train_splits/dia840_utt11.mp4,1007680
datasets/data-final/英文/train_splits/dia840_utt12.mp4,1403574
datasets/data-final/英文/train_splits/dia840_utt3.mp4,912809
datasets/data-final/英文/train_splits/dia840_utt4.mp4,1926614
datasets/data-final/英文/train_splits/dia840_utt5.mp4,1809263
datasets/data-final/英文/train_splits/dia840_utt6.mp4,1654407
datasets/data-final/英文/train_splits/dia840_utt8.mp4,1980783
datasets/data-final/英文/train_splits/dia840_utt9.mp4,2451633
datasets/data-final/英文/train_splits/dia841_utt0.mp4,715977
datasets/data-final/英文/train_splits/dia841_utt10.mp4,1085172
datasets/data-final/英文/train_splits/dia841_utt13.mp4,753068
datasets/data-final/英文/train_splits/dia841_utt16.mp4,1295735
datasets/data-final/英文/train_splits/dia841_utt21.mp4,526129
datasets/data-final/英文/train_splits/dia841_utt3.mp4,1272906
datasets/data-final/英文/train_splits/dia841_utt4.mp4,1677969
datasets/data-final/英文/train_splits/dia841_utt7.mp4,1167439
datasets/data-final/英文/train_splits/dia841_utt9.mp4,1605074
datasets/data-final/英文/train_splits/dia842_utt1.mp4,2010618
datasets/data-final/英文/train_splits/dia842_utt10.mp4,728914
datasets/data-final/英文/train_splits/dia842_utt11.mp4,666834
datasets/data-final/英文/train_splits/dia842_utt3.mp4,1496722
datasets/data-final/英文/train_splits/dia842_utt4.mp4,683474
datasets/data-final/英文/train_splits/dia842_utt5.mp4,2091905
datasets/data-final/英文/train_splits/dia842_utt6.mp4,893813
datasets/data-final/英文/train_splits/dia843_utt0.mp4,878297
datasets/data-final/英文/train_splits/dia843_utt1.mp4,1854176
datasets/data-final/英文/train_splits/dia843_utt12.mp4,1533051
datasets/data-final/英文/train_splits/dia843_utt14.mp4,1997520
datasets/data-final/英文/train_splits/dia843_utt2.mp4,798195
datasets/data-final/英文/train_splits/dia843_utt3.mp4,1279831
datasets/data-final/英文/train_splits/dia843_utt7.mp4,1981492
datasets/data-final/英文/train_splits/dia843_utt8.mp4,1315452
datasets/data-final/英文/train_splits/dia843_utt9.mp4,2989994
datasets/data-final/英文/train_splits/dia844_utt0.mp4,666845
datasets/data-final/英文/train_splits/dia844_utt1.mp4,1763665
datasets/data-final/英文/train_splits/dia844_utt10.mp4,1478077
datasets/data-final/英文/train_splits/dia844_utt11.mp4,1225809
datasets/data-final/英文/train_splits/dia844_utt14.mp4,1063184
datasets/data-final/英文/train_splits/dia844_utt16.mp4,1467041
datasets/data-final/英文/train_splits/dia844_utt2.mp4,1577497
datasets/data-final/英文/train_splits/dia844_utt20.mp4,1139985
datasets/data-final/英文/train_splits/dia844_utt4.mp4,2310100
datasets/data-final/英文/train_splits/dia844_utt5.mp4,807329
datasets/data-final/英文/train_splits/dia844_utt6.mp4,1654284
datasets/data-final/英文/train_splits/dia844_utt7.mp4,1781504
datasets/data-final/英文/train_splits/dia844_utt9.mp4,510781
datasets/data-final/英文/train_splits/dia845_utt1.mp4,735957
datasets/data-final/英文/train_splits/dia845_utt10.mp4,1195842
datasets/data-final/英文/train_splits/dia845_utt3.mp4,989696
datasets/data-final/英文/train_splits/dia845_utt4.mp4,1874016
datasets/data-final/英文/train_splits/dia845_utt5.mp4,1680393
datasets/data-final/英文/train_splits/dia845_utt6.mp4,883304
datasets/data-final/英文/train_splits/dia846_utt1.mp4,872223
datasets/data-final/英文/train_splits/dia846_utt3.mp4,669801
datasets/data-final/英文/train_splits/dia847_utt0.mp4,849553
datasets/data-final/英文/train_splits/dia847_utt2.mp4,2501704
datasets/data-final/英文/train_splits/dia847_utt5.mp4,1321180
datasets/data-final/英文/train_splits/dia848_utt1.mp4,1883860
datasets/data-final/英文/train_splits/dia848_utt10.mp4,2441954
datasets/data-final/英文/train_splits/dia848_utt4.mp4,2917564
datasets/data-final/英文/train_splits/dia848_utt7.mp4,992395
datasets/data-final/英文/train_splits/dia848_utt9.mp4,1192904
datasets/data-final/英文/train_splits/dia849_utt10.mp4,457283
datasets/data-final/英文/train_splits/dia849_utt11.mp4,670807
datasets/data-final/英文/train_splits/dia849_utt2.mp4,1402194
datasets/data-final/英文/train_splits/dia849_utt4.mp4,1491640
datasets/data-final/英文/train_splits/dia849_utt5.mp4,749791
datasets/data-final/英文/train_splits/dia849_utt6.mp4,1057055
datasets/data-final/英文/train_splits/dia849_utt8.mp4,778482
datasets/data-final/英文/train_splits/dia84_utt0.mp4,1211980
datasets/data-final/英文/train_splits/dia84_utt1.mp4,1145570
datasets/data-final/英文/train_splits/dia84_utt4.mp4,4251130
datasets/data-final/英文/train_splits/dia84_utt6.mp4,2341050
datasets/data-final/英文/train_splits/dia850_utt0.mp4,593929
datasets/data-final/英文/train_splits/dia850_utt1.mp4,1616482
datasets/data-final/英文/train_splits/dia850_utt3.mp4,720658
datasets/data-final/英文/train_splits/dia850_utt6.mp4,975742
datasets/data-final/英文/train_splits/dia851_utt0.mp4,1363839
datasets/data-final/英文/train_splits/dia851_utt13.mp4,1467494
datasets/data-final/英文/train_splits/dia851_utt15.mp4,1845282
datasets/data-final/英文/train_splits/dia851_utt16.mp4,922557
datasets/data-final/英文/train_splits/dia851_utt18.mp4,824795
datasets/data-final/英文/train_splits/dia851_utt19.mp4,858114
datasets/data-final/英文/train_splits/dia851_utt20.mp4,2825100
datasets/data-final/英文/train_splits/dia851_utt5.mp4,1511962
datasets/data-final/英文/train_splits/dia852_utt3.mp4,2053041
datasets/data-final/英文/train_splits/dia852_utt4.mp4,1525839
datasets/data-final/英文/train_splits/dia852_utt5.mp4,804175
datasets/data-final/英文/train_splits/dia852_utt6.mp4,607528
datasets/data-final/英文/train_splits/dia852_utt7.mp4,1780223
datasets/data-final/英文/train_splits/dia852_utt8.mp4,1306218
datasets/data-final/英文/train_splits/dia853_utt0.mp4,880796
datasets/data-final/英文/train_splits/dia853_utt11.mp4,3882641
datasets/data-final/英文/train_splits/dia853_utt12.mp4,1296304
datasets/data-final/英文/train_splits/dia853_utt13.mp4,1774905
datasets/data-final/英文/train_splits/dia853_utt14.mp4,1698286
datasets/data-final/英文/train_splits/dia853_utt2.mp4,1176418
datasets/data-final/英文/train_splits/dia853_utt4.mp4,1944777
datasets/data-final/英文/train_splits/dia853_utt5.mp4,1496455
datasets/data-final/英文/train_splits/dia853_utt9.mp4,1460028
datasets/data-final/英文/train_splits/dia854_utt1.mp4,509811
datasets/data-final/英文/train_splits/dia854_utt2.mp4,490031
datasets/data-final/英文/train_splits/dia854_utt3.mp4,2255373
datasets/data-final/英文/train_splits/dia854_utt4.mp4,1726349
datasets/data-final/英文/train_splits/dia854_utt5.mp4,1226366
datasets/data-final/英文/train_splits/dia855_utt0.mp4,963349
datasets/data-final/英文/train_splits/dia855_utt1.mp4,2021257
datasets/data-final/英文/train_splits/dia855_utt3.mp4,2320002
datasets/data-final/英文/train_splits/dia855_utt4.mp4,1672009
datasets/data-final/英文/train_splits/dia855_utt5.mp4,1502402
datasets/data-final/英文/train_splits/dia855_utt6.mp4,813151
datasets/data-final/英文/train_splits/dia855_utt7.mp4,1091734
datasets/data-final/英文/train_splits/dia856_utt3.mp4,1042299
datasets/data-final/英文/train_splits/dia856_utt4.mp4,1158836
datasets/data-final/英文/train_splits/dia857_utt1.mp4,927518
datasets/data-final/英文/train_splits/dia857_utt10.mp4,689014
datasets/data-final/英文/train_splits/dia857_utt11.mp4,1460315
datasets/data-final/英文/train_splits/dia857_utt2.mp4,630372
datasets/data-final/英文/train_splits/dia857_utt6.mp4,993644
datasets/data-final/英文/train_splits/dia857_utt7.mp4,677058
datasets/data-final/英文/train_splits/dia858_utt11.mp4,712926
datasets/data-final/英文/train_splits/dia858_utt3.mp4,1336951
datasets/data-final/英文/train_splits/dia858_utt5.mp4,539794
datasets/data-final/英文/train_splits/dia858_utt6.mp4,1739173
datasets/data-final/英文/train_splits/dia858_utt8.mp4,752561
datasets/data-final/英文/train_splits/dia858_utt9.mp4,570109
datasets/data-final/英文/train_splits/dia859_utt0.mp4,889098
datasets/data-final/英文/train_splits/dia859_utt1.mp4,529478
datasets/data-final/英文/train_splits/dia859_utt2.mp4,666181
datasets/data-final/英文/train_splits/dia859_utt3.mp4,580362
datasets/data-final/英文/train_splits/dia85_utt2.mp4,748122
datasets/data-final/英文/train_splits/dia85_utt4.mp4,1403421
datasets/data-final/英文/train_splits/dia860_utt12.mp4,495565
datasets/data-final/英文/train_splits/dia860_utt2.mp4,398811
datasets/data-final/英文/train_splits/dia860_utt3.mp4,828236
datasets/data-final/英文/train_splits/dia860_utt5.mp4,385364
datasets/data-final/英文/train_splits/dia860_utt8.mp4,614215
datasets/data-final/英文/train_splits/dia861_utt0.mp4,669678
datasets/data-final/英文/train_splits/dia861_utt1.mp4,814104
datasets/data-final/英文/train_splits/dia861_utt10.mp4,1466465
datasets/data-final/英文/train_splits/dia861_utt17.mp4,694036
datasets/data-final/英文/train_splits/dia861_utt18.mp4,652756
datasets/data-final/英文/train_splits/dia861_utt2.mp4,783814
datasets/data-final/英文/train_splits/dia861_utt3.mp4,1616106
datasets/data-final/英文/train_splits/dia862_utt2.mp4,2798088
datasets/data-final/英文/train_splits/dia863_utt0.mp4,1210415
datasets/data-final/英文/train_splits/dia863_utt1.mp4,750072
datasets/data-final/英文/train_splits/dia863_utt2.mp4,1435633
datasets/data-final/英文/train_splits/dia863_utt3.mp4,636751
datasets/data-final/英文/train_splits/dia864_utt0.mp4,1614206
datasets/data-final/英文/train_splits/dia864_utt2.mp4,806963
datasets/data-final/英文/train_splits/dia864_utt3.mp4,1117827
datasets/data-final/英文/train_splits/dia864_utt4.mp4,2713387
datasets/data-final/英文/train_splits/dia865_utt0.mp4,1016340
datasets/data-final/英文/train_splits/dia865_utt1.mp4,1589646
datasets/data-final/英文/train_splits/dia865_utt2.mp4,1678588
datasets/data-final/英文/train_splits/dia865_utt3.mp4,1514587
datasets/data-final/英文/train_splits/dia865_utt4.mp4,842036
datasets/data-final/英文/train_splits/dia865_utt5.mp4,867520
datasets/data-final/英文/train_splits/dia866_utt10.mp4,871232
datasets/data-final/英文/train_splits/dia866_utt2.mp4,810412
datasets/data-final/英文/train_splits/dia866_utt3.mp4,2292707
datasets/data-final/英文/train_splits/dia866_utt4.mp4,2124017
datasets/data-final/英文/train_splits/dia866_utt6.mp4,621826
datasets/data-final/英文/train_splits/dia866_utt8.mp4,503390
datasets/data-final/英文/train_splits/dia867_utt1.mp4,562132
datasets/data-final/英文/train_splits/dia867_utt3.mp4,581615
datasets/data-final/英文/train_splits/dia867_utt7.mp4,1833392
datasets/data-final/英文/train_splits/dia868_utt0.mp4,971043
datasets/data-final/英文/train_splits/dia868_utt2.mp4,908216
datasets/data-final/英文/train_splits/dia868_utt3.mp4,915312
datasets/data-final/英文/train_splits/dia869_utt1.mp4,702036
datasets/data-final/英文/train_splits/dia869_utt10.mp4,846579
datasets/data-final/英文/train_splits/dia869_utt12.mp4,478964
datasets/data-final/英文/train_splits/dia869_utt14.mp4,438604
datasets/data-final/英文/train_splits/dia869_utt15.mp4,1820684
datasets/data-final/英文/train_splits/dia869_utt16.mp4,629596
datasets/data-final/英文/train_splits/dia869_utt17.mp4,483879
datasets/data-final/英文/train_splits/dia869_utt3.mp4,680030
datasets/data-final/英文/train_splits/dia869_utt4.mp4,724115
datasets/data-final/英文/train_splits/dia869_utt6.mp4,775788
datasets/data-final/英文/train_splits/dia869_utt7.mp4,1181391
datasets/data-final/英文/train_splits/dia869_utt8.mp4,565604
datasets/data-final/英文/train_splits/dia869_utt9.mp4,1531924
datasets/data-final/英文/train_splits/dia86_utt1.mp4,816520
datasets/data-final/英文/train_splits/dia86_utt3.mp4,1165988
datasets/data-final/英文/train_splits/dia86_utt5.mp4,995378
datasets/data-final/英文/train_splits/dia86_utt6.mp4,717653
datasets/data-final/英文/train_splits/dia870_utt0.mp4,1576100
datasets/data-final/英文/train_splits/dia870_utt2.mp4,2048123
datasets/data-final/英文/train_splits/dia870_utt4.mp4,1211802
datasets/data-final/英文/train_splits/dia870_utt5.mp4,643131
datasets/data-final/英文/train_splits/dia870_utt6.mp4,678644
datasets/data-final/英文/train_splits/dia871_utt0.mp4,1040604
datasets/data-final/英文/train_splits/dia871_utt10.mp4,1273191
datasets/data-final/英文/train_splits/dia871_utt2.mp4,1366111
datasets/data-final/英文/train_splits/dia871_utt3.mp4,2147764
datasets/data-final/英文/train_splits/dia871_utt4.mp4,1153289
datasets/data-final/英文/train_splits/dia871_utt5.mp4,1693395
datasets/data-final/英文/train_splits/dia871_utt6.mp4,631172
datasets/data-final/英文/train_splits/dia871_utt8.mp4,1664555
datasets/data-final/英文/train_splits/dia871_utt9.mp4,749534
datasets/data-final/英文/train_splits/dia872_utt0.mp4,1834600
datasets/data-final/英文/train_splits/dia872_utt1.mp4,1164615
datasets/data-final/英文/train_splits/dia872_utt2.mp4,891347
datasets/data-final/英文/train_splits/dia872_utt3.mp4,647319
datasets/data-final/英文/train_splits/dia872_utt8.mp4,1308736
datasets/data-final/英文/train_splits/dia872_utt9.mp4,735010
datasets/data-final/英文/train_splits/dia873_utt4.mp4,1176945
datasets/data-final/英文/train_splits/dia873_utt5.mp4,3345828
datasets/data-final/英文/train_splits/dia874_utt1.mp4,889449
datasets/data-final/英文/train_splits/dia874_utt10.mp4,1034483
datasets/data-final/英文/train_splits/dia874_utt14.mp4,2371535
datasets/data-final/英文/train_splits/dia874_utt15.mp4,574657
datasets/data-final/英文/train_splits/dia874_utt3.mp4,921238
datasets/data-final/英文/train_splits/dia874_utt8.mp4,492426
datasets/data-final/英文/train_splits/dia874_utt9.mp4,1041350
datasets/data-final/英文/train_splits/dia875_utt0.mp4,669638
datasets/data-final/英文/train_splits/dia875_utt2.mp4,538642
datasets/data-final/英文/train_splits/dia875_utt3.mp4,651228
datasets/data-final/英文/train_splits/dia875_utt6.mp4,594410
datasets/data-final/英文/train_splits/dia875_utt7.mp4,842595
datasets/data-final/英文/train_splits/dia875_utt8.mp4,640015
datasets/data-final/英文/train_splits/dia876_utt0.mp4,1435305
datasets/data-final/英文/train_splits/dia876_utt1.mp4,868207
datasets/data-final/英文/train_splits/dia877_utt1.mp4,1242914
datasets/data-final/英文/train_splits/dia877_utt2.mp4,593947
datasets/data-final/英文/train_splits/dia877_utt4.mp4,1356021
datasets/data-final/英文/train_splits/dia878_utt2.mp4,1042416
datasets/data-final/英文/train_splits/dia878_utt3.mp4,3956115
datasets/data-final/英文/train_splits/dia879_utt2.mp4,1454558
datasets/data-final/英文/train_splits/dia87_utt4.mp4,1315689
datasets/data-final/英文/train_splits/dia87_utt8.mp4,1612159
datasets/data-final/英文/train_splits/dia87_utt9.mp4,1464028
datasets/data-final/英文/train_splits/dia880_utt1.mp4,615210
datasets/data-final/英文/train_splits/dia880_utt2.mp4,868348
datasets/data-final/英文/train_splits/dia881_utt0.mp4,1703201
datasets/data-final/英文/train_splits/dia883_utt0.mp4,1022094
datasets/data-final/英文/train_splits/dia883_utt1.mp4,856858
datasets/data-final/英文/train_splits/dia883_utt6.mp4,466417
datasets/data-final/英文/train_splits/dia884_utt10.mp4,1047835
datasets/data-final/英文/train_splits/dia884_utt11.mp4,2261841
datasets/data-final/英文/train_splits/dia884_utt12.mp4,1028967
datasets/data-final/英文/train_splits/dia884_utt13.mp4,1708872
datasets/data-final/英文/train_splits/dia884_utt14.mp4,2043762
datasets/data-final/英文/train_splits/dia884_utt15.mp4,430548
datasets/data-final/英文/train_splits/dia884_utt16.mp4,1164271
datasets/data-final/英文/train_splits/dia884_utt4.mp4,701721
datasets/data-final/英文/train_splits/dia884_utt5.mp4,3004166
datasets/data-final/英文/train_splits/dia884_utt6.mp4,1455893
datasets/data-final/英文/train_splits/dia884_utt8.mp4,1170836
datasets/data-final/英文/train_splits/dia884_utt9.mp4,857662
datasets/data-final/英文/train_splits/dia885_utt0.mp4,589374
datasets/data-final/英文/train_splits/dia885_utt3.mp4,729893
datasets/data-final/英文/train_splits/dia885_utt4.mp4,929890
datasets/data-final/英文/train_splits/dia886_utt11.mp4,675961
datasets/data-final/英文/train_splits/dia886_utt12.mp4,1117109
datasets/data-final/英文/train_splits/dia886_utt20.mp4,688559
datasets/data-final/英文/train_splits/dia886_utt21.mp4,649388
datasets/data-final/英文/train_splits/dia886_utt22.mp4,833789
datasets/data-final/英文/train_splits/dia886_utt3.mp4,756319
datasets/data-final/英文/train_splits/dia886_utt4.mp4,1031539
datasets/data-final/英文/train_splits/dia886_utt6.mp4,817658
datasets/data-final/英文/train_splits/dia887_utt12.mp4,716934
datasets/data-final/英文/train_splits/dia887_utt2.mp4,835347
datasets/data-final/英文/train_splits/dia887_utt4.mp4,1849400
datasets/data-final/英文/train_splits/dia887_utt5.mp4,1300266
datasets/data-final/英文/train_splits/dia887_utt6.mp4,804305
datasets/data-final/英文/train_splits/dia888_utt0.mp4,924207
datasets/data-final/英文/train_splits/dia888_utt1.mp4,894598
datasets/data-final/英文/train_splits/dia888_utt11.mp4,1279497
datasets/data-final/英文/train_splits/dia888_utt14.mp4,1163470
datasets/data-final/英文/train_splits/dia888_utt15.mp4,1618641
datasets/data-final/英文/train_splits/dia888_utt17.mp4,1243876
datasets/data-final/英文/train_splits/dia888_utt18.mp4,920301
datasets/data-final/英文/train_splits/dia888_utt2.mp4,2139173
datasets/data-final/英文/train_splits/dia888_utt3.mp4,1115188
datasets/data-final/英文/train_splits/dia888_utt4.mp4,1200228
datasets/data-final/英文/train_splits/dia888_utt5.mp4,1519034
datasets/data-final/英文/train_splits/dia889_utt3.mp4,1161363
datasets/data-final/英文/train_splits/dia889_utt4.mp4,402555
datasets/data-final/英文/train_splits/dia88_utt0.mp4,620883
datasets/data-final/英文/train_splits/dia88_utt3.mp4,1141830
datasets/data-final/英文/train_splits/dia890_utt3.mp4,1656047
datasets/data-final/英文/train_splits/dia890_utt4.mp4,685297
datasets/data-final/英文/train_splits/dia891_utt0.mp4,720532
datasets/data-final/英文/train_splits/dia891_utt1.mp4,514146
datasets/data-final/英文/train_splits/dia891_utt5.mp4,624361
datasets/data-final/英文/train_splits/dia892_utt0.mp4,1374439
datasets/data-final/英文/train_splits/dia892_utt1.mp4,685045
datasets/data-final/英文/train_splits/dia892_utt10.mp4,1499896
datasets/data-final/英文/train_splits/dia892_utt13.mp4,1605593
datasets/data-final/英文/train_splits/dia892_utt14.mp4,552702
datasets/data-final/英文/train_splits/dia892_utt15.mp4,737110
datasets/data-final/英文/train_splits/dia892_utt16.mp4,518571
datasets/data-final/英文/train_splits/dia892_utt3.mp4,603820
datasets/data-final/英文/train_splits/dia892_utt4.mp4,493107
datasets/data-final/英文/train_splits/dia892_utt5.mp4,606020
datasets/data-final/英文/train_splits/dia892_utt7.mp4,247449
datasets/data-final/英文/train_splits/dia893_utt0.mp4,853057
datasets/data-final/英文/train_splits/dia893_utt1.mp4,1857660
datasets/data-final/英文/train_splits/dia893_utt10.mp4,546346
datasets/data-final/英文/train_splits/dia893_utt12.mp4,1283558
datasets/data-final/英文/train_splits/dia893_utt14.mp4,472883
datasets/data-final/英文/train_splits/dia893_utt15.mp4,667390
datasets/data-final/英文/train_splits/dia893_utt17.mp4,561904
datasets/data-final/英文/train_splits/dia893_utt9.mp4,740023
datasets/data-final/英文/train_splits/dia895_utt0.mp4,509422
datasets/data-final/英文/train_splits/dia895_utt1.mp4,1372106
datasets/data-final/英文/train_splits/dia895_utt10.mp4,598623
datasets/data-final/英文/train_splits/dia895_utt2.mp4,601140
datasets/data-final/英文/train_splits/dia895_utt3.mp4,417190
datasets/data-final/英文/train_splits/dia895_utt6.mp4,682809
datasets/data-final/英文/train_splits/dia895_utt7.mp4,732686
datasets/data-final/英文/train_splits/dia896_utt0.mp4,711833
datasets/data-final/英文/train_splits/dia896_utt3.mp4,590391
datasets/data-final/英文/train_splits/dia896_utt4.mp4,520528
datasets/data-final/英文/train_splits/dia896_utt5.mp4,539256
datasets/data-final/英文/train_splits/dia897_utt0.mp4,1010388
datasets/data-final/英文/train_splits/dia897_utt1.mp4,676848
datasets/data-final/英文/train_splits/dia897_utt2.mp4,894963
datasets/data-final/英文/train_splits/dia897_utt3.mp4,799872
datasets/data-final/英文/train_splits/dia897_utt7.mp4,783293
datasets/data-final/英文/train_splits/dia897_utt8.mp4,1377788
datasets/data-final/英文/train_splits/dia898_utt2.mp4,1083227
datasets/data-final/英文/train_splits/dia898_utt3.mp4,619073
datasets/data-final/英文/train_splits/dia898_utt4.mp4,1347533
datasets/data-final/英文/train_splits/dia899_utt1.mp4,643923
datasets/data-final/英文/train_splits/dia89_utt0.mp4,1992431
datasets/data-final/英文/train_splits/dia89_utt12.mp4,821595
datasets/data-final/英文/train_splits/dia89_utt15.mp4,952949
datasets/data-final/英文/train_splits/dia89_utt16.mp4,895573
datasets/data-final/英文/train_splits/dia89_utt4.mp4,594175
datasets/data-final/英文/train_splits/dia89_utt8.mp4,1564101
datasets/data-final/英文/train_splits/dia89_utt9.mp4,556215
datasets/data-final/英文/train_splits/dia8_utt0.mp4,896419
datasets/data-final/英文/train_splits/dia8_utt1.mp4,1619196
datasets/data-final/英文/train_splits/dia8_utt3.mp4,1869507
datasets/data-final/英文/train_splits/dia900_utt13.mp4,438685
datasets/data-final/英文/train_splits/dia900_utt2.mp4,687044
datasets/data-final/英文/train_splits/dia900_utt3.mp4,485425
datasets/data-final/英文/train_splits/dia900_utt7.mp4,361659
datasets/data-final/英文/train_splits/dia900_utt8.mp4,373427
datasets/data-final/英文/train_splits/dia901_utt0.mp4,1765740
datasets/data-final/英文/train_splits/dia901_utt10.mp4,2260990
datasets/data-final/英文/train_splits/dia901_utt12.mp4,1869655
datasets/data-final/英文/train_splits/dia901_utt14.mp4,1205712
datasets/data-final/英文/train_splits/dia901_utt17.mp4,661437
datasets/data-final/英文/train_splits/dia901_utt2.mp4,1738941
datasets/data-final/英文/train_splits/dia901_utt3.mp4,810473
datasets/data-final/英文/train_splits/dia901_utt4.mp4,595684
datasets/data-final/英文/train_splits/dia901_utt5.mp4,1607323
datasets/data-final/英文/train_splits/dia901_utt6.mp4,666641
datasets/data-final/英文/train_splits/dia901_utt7.mp4,1063410
datasets/data-final/英文/train_splits/dia901_utt9.mp4,1068824
datasets/data-final/英文/train_splits/dia902_utt0.mp4,1081107
datasets/data-final/英文/train_splits/dia902_utt1.mp4,2113945
datasets/data-final/英文/train_splits/dia902_utt11.mp4,1782751
datasets/data-final/英文/train_splits/dia902_utt15.mp4,801295
datasets/data-final/英文/train_splits/dia902_utt2.mp4,1425839
datasets/data-final/英文/train_splits/dia902_utt5.mp4,607487
datasets/data-final/英文/train_splits/dia902_utt6.mp4,757790
datasets/data-final/英文/train_splits/dia902_utt8.mp4,883549
datasets/data-final/英文/train_splits/dia902_utt9.mp4,924410
datasets/data-final/英文/train_splits/dia903_utt0.mp4,782092
datasets/data-final/英文/train_splits/dia903_utt1.mp4,2763929
datasets/data-final/英文/train_splits/dia904_utt1.mp4,488268
datasets/data-final/英文/train_splits/dia904_utt2.mp4,1012110
datasets/data-final/英文/train_splits/dia904_utt3.mp4,785670
datasets/data-final/英文/train_splits/dia904_utt6.mp4,1047127
datasets/data-final/英文/train_splits/dia904_utt7.mp4,4162712
datasets/data-final/英文/train_splits/dia905_utt0.mp4,870307
datasets/data-final/英文/train_splits/dia905_utt11.mp4,1507569
datasets/data-final/英文/train_splits/dia905_utt15.mp4,1291643
datasets/data-final/英文/train_splits/dia905_utt16.mp4,551367
datasets/data-final/英文/train_splits/dia905_utt2.mp4,550245
datasets/data-final/英文/train_splits/dia905_utt3.mp4,1147304
datasets/data-final/英文/train_splits/dia905_utt5.mp4,1351125
datasets/data-final/英文/train_splits/dia905_utt6.mp4,626668
datasets/data-final/英文/train_splits/dia905_utt7.mp4,968730
datasets/data-final/英文/train_splits/dia906_utt1.mp4,915626
datasets/data-final/英文/train_splits/dia906_utt4.mp4,560085
datasets/data-final/英文/train_splits/dia906_utt5.mp4,1104686
datasets/data-final/英文/train_splits/dia907_utt0.mp4,1946324
datasets/data-final/英文/train_splits/dia907_utt1.mp4,1322479
datasets/data-final/英文/train_splits/dia907_utt11.mp4,843268
datasets/data-final/英文/train_splits/dia907_utt13.mp4,896136
datasets/data-final/英文/train_splits/dia907_utt3.mp4,790466
datasets/data-final/英文/train_splits/dia907_utt4.mp4,835424
datasets/data-final/英文/train_splits/dia907_utt5.mp4,1012520
datasets/data-final/英文/train_splits/dia907_utt7.mp4,1515580
datasets/data-final/英文/train_splits/dia907_utt8.mp4,765964
datasets/data-final/英文/train_splits/dia907_utt9.mp4,897282
datasets/data-final/英文/train_splits/dia908_utt11.mp4,575331
datasets/data-final/英文/train_splits/dia908_utt12.mp4,1932396
datasets/data-final/英文/train_splits/dia908_utt14.mp4,1768151
datasets/data-final/英文/train_splits/dia908_utt15.mp4,1325357
datasets/data-final/英文/train_splits/dia908_utt6.mp4,844026
datasets/data-final/英文/train_splits/dia908_utt7.mp4,2230112
datasets/data-final/英文/train_splits/dia909_utt0.mp4,1832714
datasets/data-final/英文/train_splits/dia909_utt6.mp4,391721
datasets/data-final/英文/train_splits/dia910_utt12.mp4,994662
datasets/data-final/英文/train_splits/dia910_utt13.mp4,1094483
datasets/data-final/英文/train_splits/dia910_utt14.mp4,602876
datasets/data-final/英文/train_splits/dia910_utt2.mp4,1013805
datasets/data-final/英文/train_splits/dia910_utt3.mp4,813136
datasets/data-final/英文/train_splits/dia910_utt6.mp4,2510296
datasets/data-final/英文/train_splits/dia910_utt7.mp4,869535
datasets/data-final/英文/train_splits/dia910_utt8.mp4,917425
datasets/data-final/英文/train_splits/dia910_utt9.mp4,1315027
datasets/data-final/英文/train_splits/dia911_utt0.mp4,2764084
datasets/data-final/英文/train_splits/dia911_utt1.mp4,1545335
datasets/data-final/英文/train_splits/dia911_utt4.mp4,1693275
datasets/data-final/英文/train_splits/dia911_utt5.mp4,793963
datasets/data-final/英文/train_splits/dia912_utt1.mp4,563375
datasets/data-final/英文/train_splits/dia912_utt2.mp4,604305
datasets/data-final/英文/train_splits/dia912_utt4.mp4,465316
datasets/data-final/英文/train_splits/dia912_utt6.mp4,459963
datasets/data-final/英文/train_splits/dia912_utt7.mp4,1377993
datasets/data-final/英文/train_splits/dia913_utt10.mp4,964976
datasets/data-final/英文/train_splits/dia913_utt11.mp4,1056333
datasets/data-final/英文/train_splits/dia913_utt12.mp4,858038
datasets/data-final/英文/train_splits/dia913_utt13.mp4,704932
datasets/data-final/英文/train_splits/dia913_utt2.mp4,778388
datasets/data-final/英文/train_splits/dia913_utt3.mp4,563582
datasets/data-final/英文/train_splits/dia913_utt5.mp4,1017105
datasets/data-final/英文/train_splits/dia913_utt6.mp4,500201
datasets/data-final/英文/train_splits/dia913_utt7.mp4,753056
datasets/data-final/英文/train_splits/dia913_utt8.mp4,1922654
datasets/data-final/英文/train_splits/dia914_utt0.mp4,3367996
datasets/data-final/英文/train_splits/dia915_utt2.mp4,1224056
datasets/data-final/英文/train_splits/dia915_utt4.mp4,1960068
datasets/data-final/英文/train_splits/dia915_utt5.mp4,663969
datasets/data-final/英文/train_splits/dia916_utt0.mp4,2304809
datasets/data-final/英文/train_splits/dia916_utt1.mp4,508364
datasets/data-final/英文/train_splits/dia916_utt10.mp4,1039336
datasets/data-final/英文/train_splits/dia916_utt11.mp4,2175598
datasets/data-final/英文/train_splits/dia916_utt12.mp4,1049978
datasets/data-final/英文/train_splits/dia916_utt13.mp4,548275
datasets/data-final/英文/train_splits/dia916_utt2.mp4,2664929
datasets/data-final/英文/train_splits/dia916_utt3.mp4,735607
datasets/data-final/英文/train_splits/dia916_utt5.mp4,840031
datasets/data-final/英文/train_splits/dia916_utt6.mp4,762069
datasets/data-final/英文/train_splits/dia916_utt7.mp4,547273
datasets/data-final/英文/train_splits/dia916_utt9.mp4,704188
datasets/data-final/英文/train_splits/dia917_utt1.mp4,593391
datasets/data-final/英文/train_splits/dia917_utt2.mp4,968238
datasets/data-final/英文/train_splits/dia918_utt1.mp4,2749183
datasets/data-final/英文/train_splits/dia918_utt10.mp4,596350
datasets/data-final/英文/train_splits/dia918_utt11.mp4,1502633
datasets/data-final/英文/train_splits/dia918_utt12.mp4,1677287
datasets/data-final/英文/train_splits/dia918_utt2.mp4,1445416
datasets/data-final/英文/train_splits/dia918_utt3.mp4,1250992
datasets/data-final/英文/train_splits/dia918_utt5.mp4,633593
datasets/data-final/英文/train_splits/dia918_utt6.mp4,1847345
datasets/data-final/英文/train_splits/dia919_utt0.mp4,614320
datasets/data-final/英文/train_splits/dia91_utt0.mp4,1680362
datasets/data-final/英文/train_splits/dia920_utt0.mp4,1637556
datasets/data-final/英文/train_splits/dia920_utt1.mp4,911990
datasets/data-final/英文/train_splits/dia920_utt3.mp4,624098
datasets/data-final/英文/train_splits/dia921_utt0.mp4,713460
datasets/data-final/英文/train_splits/dia921_utt1.mp4,391937
datasets/data-final/英文/train_splits/dia921_utt3.mp4,645154
datasets/data-final/英文/train_splits/dia921_utt4.mp4,717585
datasets/data-final/英文/train_splits/dia921_utt6.mp4,446246
datasets/data-final/英文/train_splits/dia921_utt7.mp4,1271805
datasets/data-final/英文/train_splits/dia921_utt9.mp4,1066274
datasets/data-final/英文/train_splits/dia922_utt2.mp4,932987
datasets/data-final/英文/train_splits/dia922_utt3.mp4,743364
datasets/data-final/英文/train_splits/dia922_utt6.mp4,930851
datasets/data-final/英文/train_splits/dia923_utt1.mp4,1748011
datasets/data-final/英文/train_splits/dia923_utt12.mp4,2249595
datasets/data-final/英文/train_splits/dia923_utt13.mp4,516584
datasets/data-final/英文/train_splits/dia923_utt2.mp4,1802343
datasets/data-final/英文/train_splits/dia923_utt3.mp4,787323
datasets/data-final/英文/train_splits/dia923_utt4.mp4,1651654
datasets/data-final/英文/train_splits/dia923_utt5.mp4,2015782
datasets/data-final/英文/train_splits/dia923_utt6.mp4,2553827
datasets/data-final/英文/train_splits/dia923_utt8.mp4,1327423
datasets/data-final/英文/train_splits/dia923_utt9.mp4,1969403
datasets/data-final/英文/train_splits/dia924_utt0.mp4,1003850
datasets/data-final/英文/train_splits/dia924_utt2.mp4,421622
datasets/data-final/英文/train_splits/dia924_utt4.mp4,1009970
datasets/data-final/英文/train_splits/dia924_utt5.mp4,615034
datasets/data-final/英文/train_splits/dia924_utt6.mp4,581101
datasets/data-final/英文/train_splits/dia925_utt1.mp4,1199603
datasets/data-final/英文/train_splits/dia925_utt2.mp4,1103757
datasets/data-final/英文/train_splits/dia925_utt4.mp4,612238
datasets/data-final/英文/train_splits/dia926_utt0.mp4,688786
datasets/data-final/英文/train_splits/dia926_utt1.mp4,863610
datasets/data-final/英文/train_splits/dia926_utt10.mp4,662040
datasets/data-final/英文/train_splits/dia926_utt16.mp4,959271
datasets/data-final/英文/train_splits/dia926_utt17.mp4,781014
datasets/data-final/英文/train_splits/dia926_utt2.mp4,690564
datasets/data-final/英文/train_splits/dia926_utt4.mp4,977652
datasets/data-final/英文/train_splits/dia926_utt5.mp4,1058709
datasets/data-final/英文/train_splits/dia926_utt7.mp4,779383
datasets/data-final/英文/train_splits/dia926_utt8.mp4,702642
datasets/data-final/英文/train_splits/dia927_utt0.mp4,656390
datasets/data-final/英文/train_splits/dia927_utt1.mp4,670091
datasets/data-final/英文/train_splits/dia927_utt4.mp4,1024095
datasets/data-final/英文/train_splits/dia928_utt0.mp4,1662165
datasets/data-final/英文/train_splits/dia929_utt0.mp4,925412
datasets/data-final/英文/train_splits/dia929_utt1.mp4,856414
datasets/data-final/英文/train_splits/dia929_utt3.mp4,1058445
datasets/data-final/英文/train_splits/dia930_utt12.mp4,838176
datasets/data-final/英文/train_splits/dia930_utt13.mp4,868544
datasets/data-final/英文/train_splits/dia930_utt14.mp4,1718009
datasets/data-final/英文/train_splits/dia930_utt15.mp4,684813
datasets/data-final/英文/train_splits/dia930_utt6.mp4,920534
datasets/data-final/英文/train_splits/dia931_utt0.mp4,461042
datasets/data-final/英文/train_splits/dia931_utt1.mp4,698930
datasets/data-final/英文/train_splits/dia932_utt0.mp4,1313006
datasets/data-final/英文/train_splits/dia932_utt10.mp4,796739
datasets/data-final/英文/train_splits/dia932_utt11.mp4,761948
datasets/data-final/英文/train_splits/dia932_utt15.mp4,526596
datasets/data-final/英文/train_splits/dia932_utt4.mp4,1130640
datasets/data-final/英文/train_splits/dia932_utt5.mp4,750475
datasets/data-final/英文/train_splits/dia932_utt7.mp4,569026
datasets/data-final/英文/train_splits/dia932_utt9.mp4,1383628
datasets/data-final/英文/train_splits/dia933_utt0.mp4,1047795
datasets/data-final/英文/train_splits/dia933_utt1.mp4,743156
datasets/data-final/英文/train_splits/dia933_utt12.mp4,662638
datasets/data-final/英文/train_splits/dia933_utt14.mp4,1723667
datasets/data-final/英文/train_splits/dia933_utt15.mp4,945565
datasets/data-final/英文/train_splits/dia933_utt2.mp4,922642
datasets/data-final/英文/train_splits/dia933_utt3.mp4,598233
datasets/data-final/英文/train_splits/dia933_utt7.mp4,709086
datasets/data-final/英文/train_splits/dia934_utt0.mp4,602854
datasets/data-final/英文/train_splits/dia934_utt1.mp4,673404
datasets/data-final/英文/train_splits/dia934_utt3.mp4,2380389
datasets/data-final/英文/train_splits/dia934_utt4.mp4,1578887
datasets/data-final/英文/train_splits/dia935_utt10.mp4,703587
datasets/data-final/英文/train_splits/dia935_utt12.mp4,2157079
datasets/data-final/英文/train_splits/dia935_utt2.mp4,781697
datasets/data-final/英文/train_splits/dia935_utt3.mp4,1988953
datasets/data-final/英文/train_splits/dia935_utt4.mp4,1537519
datasets/data-final/英文/train_splits/dia935_utt9.mp4,867313
datasets/data-final/英文/train_splits/dia936_utt1.mp4,839071
datasets/data-final/英文/train_splits/dia936_utt10.mp4,778152
datasets/data-final/英文/train_splits/dia936_utt11.mp4,1720523
datasets/data-final/英文/train_splits/dia936_utt16.mp4,1044215
datasets/data-final/英文/train_splits/dia936_utt17.mp4,574112
datasets/data-final/英文/train_splits/dia936_utt19.mp4,1218341
datasets/data-final/英文/train_splits/dia936_utt20.mp4,2108769
datasets/data-final/英文/train_splits/dia936_utt21.mp4,2267534
datasets/data-final/英文/train_splits/dia936_utt3.mp4,600789
datasets/data-final/英文/train_splits/dia936_utt5.mp4,1059945
datasets/data-final/英文/train_splits/dia936_utt9.mp4,936608
datasets/data-final/英文/train_splits/dia937_utt1.mp4,409053
datasets/data-final/英文/train_splits/dia937_utt3.mp4,741540
datasets/data-final/英文/train_splits/dia937_utt6.mp4,750593
datasets/data-final/英文/train_splits/dia938_utt0.mp4,2137755
datasets/data-final/英文/train_splits/dia938_utt2.mp4,636161
datasets/data-final/英文/train_splits/dia938_utt7.mp4,690531
datasets/data-final/英文/train_splits/dia938_utt9.mp4,1419047
datasets/data-final/英文/train_splits/dia939_utt10.mp4,2042045
datasets/data-final/英文/train_splits/dia939_utt11.mp4,577800
datasets/data-final/英文/train_splits/dia939_utt12.mp4,776128
datasets/data-final/英文/train_splits/dia939_utt15.mp4,1401779
datasets/data-final/英文/train_splits/dia939_utt16.mp4,1652273
datasets/data-final/英文/train_splits/dia939_utt17.mp4,771471
datasets/data-final/英文/train_splits/dia939_utt19.mp4,472608
datasets/data-final/英文/train_splits/dia939_utt3.mp4,543490
datasets/data-final/英文/train_splits/dia939_utt7.mp4,766716
datasets/data-final/英文/train_splits/dia939_utt8.mp4,750616
datasets/data-final/英文/train_splits/dia939_utt9.mp4,866619
datasets/data-final/英文/train_splits/dia93_utt0.mp4,2004970
datasets/data-final/英文/train_splits/dia93_utt3.mp4,2076748
datasets/data-final/英文/train_splits/dia940_utt2.mp4,679811
datasets/data-final/英文/train_splits/dia940_utt3.mp4,2684412
datasets/data-final/英文/train_splits/dia940_utt5.mp4,1006180
datasets/data-final/英文/train_splits/dia940_utt6.mp4,1726036
datasets/data-final/英文/train_splits/dia940_utt7.mp4,1166830
datasets/data-final/英文/train_splits/dia940_utt8.mp4,1915039
datasets/data-final/英文/train_splits/dia941_utt10.mp4,2849610
datasets/data-final/英文/train_splits/dia941_utt11.mp4,2432559
datasets/data-final/英文/train_splits/dia941_utt13.mp4,888185
datasets/data-final/英文/train_splits/dia941_utt14.mp4,3666205
datasets/data-final/英文/train_splits/dia941_utt2.mp4,670457
datasets/data-final/英文/train_splits/dia941_utt4.mp4,849934
datasets/data-final/英文/train_splits/dia941_utt5.mp4,797204
datasets/data-final/英文/train_splits/dia941_utt6.mp4,514286
datasets/data-final/英文/train_splits/dia941_utt7.mp4,618806
datasets/data-final/英文/train_splits/dia941_utt9.mp4,726371
datasets/data-final/英文/train_splits/dia942_utt0.mp4,1364303
datasets/data-final/英文/train_splits/dia942_utt2.mp4,1675450
datasets/data-final/英文/train_splits/dia942_utt4.mp4,527900
datasets/data-final/英文/train_splits/dia942_utt6.mp4,489188
datasets/data-final/英文/train_splits/dia942_utt7.mp4,1991140
datasets/data-final/英文/train_splits/dia942_utt8.mp4,684983
datasets/data-final/英文/train_splits/dia943_utt0.mp4,863515
datasets/data-final/英文/train_splits/dia943_utt2.mp4,682246
datasets/data-final/英文/train_splits/dia944_utt1.mp4,1151120
datasets/data-final/英文/train_splits/dia945_utt0.mp4,547612
datasets/data-final/英文/train_splits/dia945_utt10.mp4,1308026
datasets/data-final/英文/train_splits/dia945_utt11.mp4,974903
datasets/data-final/英文/train_splits/dia945_utt2.mp4,2382968
datasets/data-final/英文/train_splits/dia945_utt3.mp4,1920306
datasets/data-final/英文/train_splits/dia945_utt4.mp4,1082707
datasets/data-final/英文/train_splits/dia945_utt5.mp4,2029459
datasets/data-final/英文/train_splits/dia945_utt6.mp4,890210
datasets/data-final/英文/train_splits/dia945_utt7.mp4,675485
datasets/data-final/英文/train_splits/dia945_utt9.mp4,1109614
datasets/data-final/英文/train_splits/dia946_utt16.mp4,782926
datasets/data-final/英文/train_splits/dia946_utt5.mp4,2032290
datasets/data-final/英文/train_splits/dia946_utt6.mp4,1323382
datasets/data-final/英文/train_splits/dia946_utt7.mp4,980585
datasets/data-final/英文/train_splits/dia947_utt0.mp4,877561
datasets/data-final/英文/train_splits/dia947_utt11.mp4,1632975
datasets/data-final/英文/train_splits/dia947_utt12.mp4,407757
datasets/data-final/英文/train_splits/dia947_utt2.mp4,1738472
datasets/data-final/英文/train_splits/dia947_utt3.mp4,406941
datasets/data-final/英文/train_splits/dia947_utt4.mp4,665144
datasets/data-final/英文/train_splits/dia947_utt5.mp4,481412
datasets/data-final/英文/train_splits/dia947_utt6.mp4,1202163
datasets/data-final/英文/train_splits/dia947_utt7.mp4,1261653
datasets/data-final/英文/train_splits/dia947_utt8.mp4,1118219
datasets/data-final/英文/train_splits/dia948_utt0.mp4,1424587
datasets/data-final/英文/train_splits/dia948_utt1.mp4,1552534
datasets/data-final/英文/train_splits/dia948_utt12.mp4,1725362
datasets/data-final/英文/train_splits/dia948_utt14.mp4,1076118
datasets/data-final/英文/train_splits/dia948_utt5.mp4,1023193
datasets/data-final/英文/train_splits/dia948_utt8.mp4,1667142
datasets/data-final/英文/train_splits/dia948_utt9.mp4,965834
datasets/data-final/英文/train_splits/dia949_utt0.mp4,2012258
datasets/data-final/英文/train_splits/dia949_utt1.mp4,694391
datasets/data-final/英文/train_splits/dia949_utt10.mp4,1338461
datasets/data-final/英文/train_splits/dia949_utt11.mp4,1262704
datasets/data-final/英文/train_splits/dia949_utt4.mp4,1054379
datasets/data-final/英文/train_splits/dia949_utt5.mp4,526207
datasets/data-final/英文/train_splits/dia949_utt6.mp4,1468375
datasets/data-final/英文/train_splits/dia949_utt7.mp4,1581687
datasets/data-final/英文/train_splits/dia94_utt1.mp4,567953
datasets/data-final/英文/train_splits/dia94_utt10.mp4,522387
datasets/data-final/英文/train_splits/dia94_utt11.mp4,728805
datasets/data-final/英文/train_splits/dia94_utt4.mp4,1560371
datasets/data-final/英文/train_splits/dia94_utt5.mp4,880280
datasets/data-final/英文/train_splits/dia94_utt6.mp4,870380
datasets/data-final/英文/train_splits/dia94_utt8.mp4,613748
datasets/data-final/英文/train_splits/dia94_utt9.mp4,647811
datasets/data-final/英文/train_splits/dia950_utt1.mp4,1005808
datasets/data-final/英文/train_splits/dia950_utt12.mp4,763595
datasets/data-final/英文/train_splits/dia950_utt14.mp4,556326
datasets/data-final/英文/train_splits/dia950_utt15.mp4,392562
datasets/data-final/英文/train_splits/dia950_utt16.mp4,771514
datasets/data-final/英文/train_splits/dia950_utt17.mp4,707356
datasets/data-final/英文/train_splits/dia950_utt2.mp4,593151
datasets/data-final/英文/train_splits/dia950_utt3.mp4,1350844
datasets/data-final/英文/train_splits/dia950_utt4.mp4,540417
datasets/data-final/英文/train_splits/dia950_utt6.mp4,1943208
datasets/data-final/英文/train_splits/dia950_utt7.mp4,885180
datasets/data-final/英文/train_splits/dia950_utt8.mp4,825305
datasets/data-final/英文/train_splits/dia950_utt9.mp4,581363
datasets/data-final/英文/train_splits/dia952_utt2.mp4,1230725
datasets/data-final/英文/train_splits/dia952_utt3.mp4,975839
datasets/data-final/英文/train_splits/dia952_utt4.mp4,464990
datasets/data-final/英文/train_splits/dia953_utt18.mp4,782579
datasets/data-final/英文/train_splits/dia953_utt20.mp4,934889
datasets/data-final/英文/train_splits/dia953_utt21.mp4,693618
datasets/data-final/英文/train_splits/dia953_utt5.mp4,976769
datasets/data-final/英文/train_splits/dia953_utt6.mp4,666790
datasets/data-final/英文/train_splits/dia953_utt7.mp4,2350082
datasets/data-final/英文/train_splits/dia954_utt1.mp4,765301
datasets/data-final/英文/train_splits/dia954_utt4.mp4,1911651
datasets/data-final/英文/train_splits/dia955_utt0.mp4,521470
datasets/data-final/英文/train_splits/dia955_utt1.mp4,762675
datasets/data-final/英文/train_splits/dia955_utt2.mp4,1482385
datasets/data-final/英文/train_splits/dia955_utt5.mp4,608735
datasets/data-final/英文/train_splits/dia955_utt6.mp4,641664
datasets/data-final/英文/train_splits/dia956_utt1.mp4,695101
datasets/data-final/英文/train_splits/dia956_utt12.mp4,829002
datasets/data-final/英文/train_splits/dia956_utt13.mp4,1051074
datasets/data-final/英文/train_splits/dia956_utt14.mp4,824491
datasets/data-final/英文/train_splits/dia956_utt3.mp4,745642
datasets/data-final/英文/train_splits/dia956_utt5.mp4,1345706
datasets/data-final/英文/train_splits/dia956_utt6.mp4,1419390
datasets/data-final/英文/train_splits/dia956_utt8.mp4,719941
datasets/data-final/英文/train_splits/dia959_utt0.mp4,1026959
datasets/data-final/英文/train_splits/dia959_utt2.mp4,421947
datasets/data-final/英文/train_splits/dia959_utt5.mp4,812323
datasets/data-final/英文/train_splits/dia959_utt6.mp4,2184250
datasets/data-final/英文/train_splits/dia959_utt7.mp4,2406600
datasets/data-final/英文/train_splits/dia959_utt8.mp4,871900
datasets/data-final/英文/train_splits/dia959_utt9.mp4,2060982
datasets/data-final/英文/train_splits/dia95_utt0.mp4,930911
datasets/data-final/英文/train_splits/dia95_utt10.mp4,571035
datasets/data-final/英文/train_splits/dia95_utt14.mp4,2195570
datasets/data-final/英文/train_splits/dia95_utt15.mp4,607440
datasets/data-final/英文/train_splits/dia95_utt17.mp4,1363665
datasets/data-final/英文/train_splits/dia95_utt4.mp4,872087
datasets/data-final/英文/train_splits/dia95_utt8.mp4,1150106
datasets/data-final/英文/train_splits/dia960_utt0.mp4,585422
datasets/data-final/英文/train_splits/dia960_utt1.mp4,614708
datasets/data-final/英文/train_splits/dia960_utt10.mp4,884049
datasets/data-final/英文/train_splits/dia960_utt2.mp4,477231
datasets/data-final/英文/train_splits/dia960_utt3.mp4,653176
datasets/data-final/英文/train_splits/dia960_utt5.mp4,695115
datasets/data-final/英文/train_splits/dia960_utt6.mp4,407001
datasets/data-final/英文/train_splits/dia960_utt7.mp4,1183344
datasets/data-final/英文/train_splits/dia960_utt9.mp4,1069603
datasets/data-final/英文/train_splits/dia961_utt1.mp4,1075325
datasets/data-final/英文/train_splits/dia961_utt10.mp4,1555533
datasets/data-final/英文/train_splits/dia961_utt11.mp4,1549110
datasets/data-final/英文/train_splits/dia961_utt2.mp4,661508
datasets/data-final/英文/train_splits/dia961_utt6.mp4,1543040
datasets/data-final/英文/train_splits/dia961_utt8.mp4,921516
datasets/data-final/英文/train_splits/dia962_utt2.mp4,999445
datasets/data-final/英文/train_splits/dia962_utt4.mp4,874694
datasets/data-final/英文/train_splits/dia962_utt5.mp4,438841
datasets/data-final/英文/train_splits/dia963_utt0.mp4,2311045
datasets/data-final/英文/train_splits/dia963_utt6.mp4,714878
datasets/data-final/英文/train_splits/dia963_utt9.mp4,1925523
datasets/data-final/英文/train_splits/dia964_utt0.mp4,1776449
datasets/data-final/英文/train_splits/dia964_utt13.mp4,1042714
datasets/data-final/英文/train_splits/dia964_utt17.mp4,620777
datasets/data-final/英文/train_splits/dia964_utt2.mp4,1311619
datasets/data-final/英文/train_splits/dia964_utt4.mp4,571807
datasets/data-final/英文/train_splits/dia965_utt0.mp4,559336
datasets/data-final/英文/train_splits/dia965_utt3.mp4,2595148
datasets/data-final/英文/train_splits/dia965_utt5.mp4,1373028
datasets/data-final/英文/train_splits/dia965_utt6.mp4,1364342
datasets/data-final/英文/train_splits/dia966_utt0.mp4,1338026
datasets/data-final/英文/train_splits/dia966_utt1.mp4,612244
datasets/data-final/英文/train_splits/dia966_utt5.mp4,1076627
datasets/data-final/英文/train_splits/dia966_utt6.mp4,639556
datasets/data-final/英文/train_splits/dia967_utt4.mp4,353905
datasets/data-final/英文/train_splits/dia967_utt8.mp4,123430
datasets/data-final/英文/train_splits/dia968_utt2.mp4,949300
datasets/data-final/英文/train_splits/dia968_utt5.mp4,909079
datasets/data-final/英文/train_splits/dia969_utt1.mp4,1547192
datasets/data-final/英文/train_splits/dia969_utt2.mp4,936714
datasets/data-final/英文/train_splits/dia969_utt3.mp4,1042725
datasets/data-final/英文/train_splits/dia970_utt0.mp4,890645
datasets/data-final/英文/train_splits/dia971_utt0.mp4,1055352
datasets/data-final/英文/train_splits/dia972_utt0.mp4,1635546
datasets/data-final/英文/train_splits/dia972_utt11.mp4,1991440
datasets/data-final/英文/train_splits/dia972_utt3.mp4,1072753
datasets/data-final/英文/train_splits/dia972_utt6.mp4,1960668
datasets/data-final/英文/train_splits/dia972_utt7.mp4,761304
datasets/data-final/英文/train_splits/dia972_utt8.mp4,1114669
datasets/data-final/英文/train_splits/dia972_utt9.mp4,2691364
datasets/data-final/英文/train_splits/dia973_utt0.mp4,753669
datasets/data-final/英文/train_splits/dia973_utt1.mp4,823308
datasets/data-final/英文/train_splits/dia973_utt10.mp4,1491312
datasets/data-final/英文/train_splits/dia973_utt11.mp4,3006162
datasets/data-final/英文/train_splits/dia973_utt12.mp4,3142899
datasets/data-final/英文/train_splits/dia973_utt13.mp4,666441
datasets/data-final/英文/train_splits/dia973_utt14.mp4,893135
datasets/data-final/英文/train_splits/dia973_utt16.mp4,525641
datasets/data-final/英文/train_splits/dia973_utt17.mp4,915664
datasets/data-final/英文/train_splits/dia973_utt18.mp4,834103
datasets/data-final/英文/train_splits/dia973_utt2.mp4,1400926
datasets/data-final/英文/train_splits/dia973_utt4.mp4,538992
datasets/data-final/英文/train_splits/dia973_utt5.mp4,1283599
datasets/data-final/英文/train_splits/dia973_utt6.mp4,521029
datasets/data-final/英文/train_splits/dia973_utt8.mp4,596166
datasets/data-final/英文/train_splits/dia975_utt3.mp4,673819
datasets/data-final/英文/train_splits/dia975_utt6.mp4,769002
datasets/data-final/英文/train_splits/dia976_utt0.mp4,2059530
datasets/data-final/英文/train_splits/dia976_utt10.mp4,1877198
datasets/data-final/英文/train_splits/dia976_utt12.mp4,987502
datasets/data-final/英文/train_splits/dia976_utt2.mp4,1031445
datasets/data-final/英文/train_splits/dia976_utt5.mp4,919592
datasets/data-final/英文/train_splits/dia976_utt6.mp4,605867
datasets/data-final/英文/train_splits/dia976_utt9.mp4,2995286
datasets/data-final/英文/train_splits/dia977_utt13.mp4,1015219
datasets/data-final/英文/train_splits/dia977_utt14.mp4,1029381
datasets/data-final/英文/train_splits/dia977_utt3.mp4,907140
datasets/data-final/英文/train_splits/dia977_utt4.mp4,1030737
datasets/data-final/英文/train_splits/dia977_utt7.mp4,1951940
datasets/data-final/英文/train_splits/dia977_utt8.mp4,636468
datasets/data-final/英文/train_splits/dia978_utt2.mp4,622729
datasets/data-final/英文/train_splits/dia978_utt3.mp4,923437
datasets/data-final/英文/train_splits/dia978_utt8.mp4,481593
datasets/data-final/英文/train_splits/dia979_utt0.mp4,869581
datasets/data-final/英文/train_splits/dia979_utt2.mp4,1652028
datasets/data-final/英文/train_splits/dia979_utt4.mp4,843498
datasets/data-final/英文/train_splits/dia979_utt6.mp4,377659
datasets/data-final/英文/train_splits/dia97_utt3.mp4,662571
datasets/data-final/英文/train_splits/dia980_utt10.mp4,850988
datasets/data-final/英文/train_splits/dia980_utt3.mp4,533929
datasets/data-final/英文/train_splits/dia980_utt4.mp4,1044899
datasets/data-final/英文/train_splits/dia980_utt5.mp4,1694603
datasets/data-final/英文/train_splits/dia980_utt6.mp4,1282885
datasets/data-final/英文/train_splits/dia980_utt7.mp4,1037461
datasets/data-final/英文/train_splits/dia980_utt9.mp4,1417231
datasets/data-final/英文/train_splits/dia981_utt1.mp4,591446
datasets/data-final/英文/train_splits/dia982_utt1.mp4,1788398
datasets/data-final/英文/train_splits/dia982_utt10.mp4,699559
datasets/data-final/英文/train_splits/dia982_utt6.mp4,602536
datasets/data-final/英文/train_splits/dia983_utt2.mp4,886783
datasets/data-final/英文/train_splits/dia983_utt3.mp4,1161668
datasets/data-final/英文/train_splits/dia983_utt4.mp4,1004750
datasets/data-final/英文/train_splits/dia983_utt5.mp4,1389816
datasets/data-final/英文/train_splits/dia983_utt7.mp4,717381
datasets/data-final/英文/train_splits/dia984_utt1.mp4,1175532
datasets/data-final/英文/train_splits/dia984_utt3.mp4,701338
datasets/data-final/英文/train_splits/dia984_utt4.mp4,717253
datasets/data-final/英文/train_splits/dia985_utt0.mp4,1311555
datasets/data-final/英文/train_splits/dia985_utt1.mp4,792543
datasets/data-final/英文/train_splits/dia985_utt3.mp4,2070624
datasets/data-final/英文/train_splits/dia986_utt0.mp4,3203464
datasets/data-final/英文/train_splits/dia986_utt1.mp4,1021866
datasets/data-final/英文/train_splits/dia986_utt10.mp4,516211
datasets/data-final/英文/train_splits/dia986_utt12.mp4,1014295
datasets/data-final/英文/train_splits/dia986_utt15.mp4,641124
datasets/data-final/英文/train_splits/dia986_utt16.mp4,636861
datasets/data-final/英文/train_splits/dia986_utt2.mp4,633025
datasets/data-final/英文/train_splits/dia987_utt0.mp4,1154251
datasets/data-final/英文/train_splits/dia988_utt0.mp4,1061937
datasets/data-final/英文/train_splits/dia988_utt2.mp4,916671
datasets/data-final/英文/train_splits/dia988_utt3.mp4,1911282
datasets/data-final/英文/train_splits/dia988_utt4.mp4,1294946
datasets/data-final/英文/train_splits/dia988_utt6.mp4,758905
datasets/data-final/英文/train_splits/dia989_utt1.mp4,663472
datasets/data-final/英文/train_splits/dia989_utt2.mp4,771262
datasets/data-final/英文/train_splits/dia989_utt3.mp4,1138666
datasets/data-final/英文/train_splits/dia98_utt1.mp4,741385
datasets/data-final/英文/train_splits/dia990_utt0.mp4,1721458
datasets/data-final/英文/train_splits/dia990_utt1.mp4,1453382
datasets/data-final/英文/train_splits/dia990_utt10.mp4,765164
datasets/data-final/英文/train_splits/dia990_utt13.mp4,372985
datasets/data-final/英文/train_splits/dia990_utt14.mp4,494344
datasets/data-final/英文/train_splits/dia990_utt15.mp4,1192825
datasets/data-final/英文/train_splits/dia990_utt3.mp4,1200284
datasets/data-final/英文/train_splits/dia990_utt4.mp4,754769
datasets/data-final/英文/train_splits/dia990_utt5.mp4,789131
datasets/data-final/英文/train_splits/dia990_utt6.mp4,1197357
datasets/data-final/英文/train_splits/dia990_utt7.mp4,487118
datasets/data-final/英文/train_splits/dia991_utt1.mp4,803121
datasets/data-final/英文/train_splits/dia991_utt10.mp4,1094017
datasets/data-final/英文/train_splits/dia991_utt12.mp4,1092063
datasets/data-final/英文/train_splits/dia991_utt2.mp4,1039160
datasets/data-final/英文/train_splits/dia991_utt7.mp4,2334508
datasets/data-final/英文/train_splits/dia992_utt13.mp4,1005611
datasets/data-final/英文/train_splits/dia992_utt3.mp4,852039
datasets/data-final/英文/train_splits/dia992_utt6.mp4,695589
datasets/data-final/英文/train_splits/dia993_utt3.mp4,619845
datasets/data-final/英文/train_splits/dia994_utt1.mp4,657681
datasets/data-final/英文/train_splits/dia994_utt2.mp4,571804
datasets/data-final/英文/train_splits/dia994_utt3.mp4,708896
datasets/data-final/英文/train_splits/dia994_utt4.mp4,1100567
datasets/data-final/英文/train_splits/dia994_utt5.mp4,672735
datasets/data-final/英文/train_splits/dia994_utt6.mp4,830452
datasets/data-final/英文/train_splits/dia995_utt0.mp4,1693965
datasets/data-final/英文/train_splits/dia995_utt1.mp4,1346759
datasets/data-final/英文/train_splits/dia996_utt1.mp4,1221732
datasets/data-final/英文/train_splits/dia996_utt10.mp4,1436175
datasets/data-final/英文/train_splits/dia996_utt11.mp4,598732
datasets/data-final/英文/train_splits/dia996_utt12.mp4,989781
datasets/data-final/英文/train_splits/dia996_utt16.mp4,1128181
datasets/data-final/英文/train_splits/dia996_utt17.mp4,541198
datasets/data-final/英文/train_splits/dia996_utt19.mp4,1339037
datasets/data-final/英文/train_splits/dia996_utt20.mp4,711711
datasets/data-final/英文/train_splits/dia996_utt3.mp4,860154
datasets/data-final/英文/train_splits/dia996_utt4.mp4,2338254
datasets/data-final/英文/train_splits/dia996_utt6.mp4,1351206
datasets/data-final/英文/train_splits/dia996_utt7.mp4,745855
datasets/data-final/英文/train_splits/dia997_utt2.mp4,780557
datasets/data-final/英文/train_splits/dia997_utt3.mp4,1610912
datasets/data-final/英文/train_splits/dia997_utt6.mp4,1163112
datasets/data-final/英文/train_splits/dia997_utt8.mp4,544538
datasets/data-final/英文/train_splits/dia999_utt0.mp4,824716
datasets/data-final/英文/train_splits/dia999_utt2.mp4,723829
datasets/data-final/英文/train_splits/dia999_utt4.mp4,1545056
datasets/data-final/英文/train_splits/dia99_utt11.mp4,512472
datasets/data-final/英文/train_splits/dia99_utt12.mp4,1006553
datasets/data-final/英文/train_splits/dia99_utt2.mp4,1163784
datasets/data-final/英文/train_splits/dia99_utt4.mp4,1406481
datasets/data-final/英文/train_splits/dia99_utt6.mp4,2056465
datasets/data-final/英文/train_splits/dia99_utt7.mp4,611393
datasets/data-final/英文/train_splits/dia99_utt9.mp4,1142804
datasets/data-final/英文/train_splits/dia9_utt0.mp4,808399
datasets/data-final/英文/train_splits/dia9_utt1.mp4,1971406
datasets/data-final/英文/train_splits/dia9_utt10.mp4,2125854
datasets/data-final/英文/train_splits/dia9_utt11.mp4,1596451
datasets/data-final/英文/train_splits/dia9_utt12.mp4,606463
datasets/data-final/英文/train_splits/dia9_utt13.mp4,2036049
datasets/data-final/英文/train_splits/dia9_utt2.mp4,1674848
datasets/data-final/英文/train_splits/dia9_utt3.mp4,1197880
datasets/data-final/英文/train_splits/dia9_utt6.mp4,598648
datasets/data-final/英文/train_splits/dia9_utt7.mp4,2164018
datasets/data-final/英文/train_splits/dia9_utt8.mp4,1048035
datasets/data-final/英文/train_splits/dia9_utt9.mp4,621212
datasets/streaming-finalsplit/A Few Good Men/A Few Good Men.emotion.json,9605
datasets/streaming-finalsplit/A Few Good Men/A Few Good Men.mp4,6289419
datasets/streaming-finalsplit/A Few Good Men/segment001.mp4,198681
datasets/streaming-finalsplit/A Few Good Men/segment002.mp4,356835
datasets/streaming-finalsplit/A Few Good Men/segment003.mp4,305362
datasets/streaming-finalsplit/A Few Good Men/segment004.mp4,301838
datasets/streaming-finalsplit/A Few Good Men/segment005.mp4,214687
datasets/streaming-finalsplit/A Few Good Men/segment006.mp4,332248
datasets/streaming-finalsplit/A Few Good Men/segment007.mp4,354924
datasets/streaming-finalsplit/A Few Good Men/segment008.mp4,343217
datasets/streaming-finalsplit/A Few Good Men/segment009.mp4,350647
datasets/streaming-finalsplit/A Few Good Men/segment010.mp4,373233
datasets/streaming-finalsplit/A Few Good Men/segment011.mp4,365358
datasets/streaming-finalsplit/A Few Good Men/segment012.mp4,297104
datasets/streaming-finalsplit/A Few Good Men/segment013.mp4,139109
datasets/streaming-finalsplit/A Few Good Men/segment014.mp4,518568
datasets/streaming-finalsplit/A Few Good Men/segment015.mp4,237805
datasets/streaming-finalsplit/A Few Good Men/segment016.mp4,285393
datasets/streaming-finalsplit/A Few Good Men/segment017.mp4,321686
datasets/streaming-finalsplit/A Few Good Men/segment018.mp4,345411
datasets/streaming-finalsplit/A Few Good Men/segment019.mp4,526799
datasets/streaming-finalsplit/A Few Good Men/这一段视频对应的句子时间戳标注.json,3894
datasets/streaming-finalsplit/Accepted/Accepted.emotion.json,13824
datasets/streaming-finalsplit/Accepted/Accepted.mp4,18948557
datasets/streaming-finalsplit/Accepted/segment001.mp4,213692
datasets/streaming-finalsplit/Accepted/segment002.mp4,227835
datasets/streaming-finalsplit/Accepted/segment003.mp4,304242
datasets/streaming-finalsplit/Accepted/segment004.mp4,203157
datasets/streaming-finalsplit/Accepted/segment005.mp4,159104
datasets/streaming-finalsplit/Accepted/segment006.mp4,231065
datasets/streaming-finalsplit/Accepted/segment007.mp4,149085
datasets/streaming-finalsplit/Accepted/segment008.mp4,388521
datasets/streaming-finalsplit/Accepted/segment009.mp4,423490
datasets/streaming-finalsplit/Accepted/segment010.mp4,184925
datasets/streaming-finalsplit/Accepted/segment011.mp4,550064
datasets/streaming-finalsplit/Accepted/segment012.mp4,161806
datasets/streaming-finalsplit/Accepted/segment013.mp4,374779
datasets/streaming-finalsplit/Accepted/segment014.mp4,318984
datasets/streaming-finalsplit/Accepted/segment015.mp4,209900
datasets/streaming-finalsplit/Accepted/segment016.mp4,178755
datasets/streaming-finalsplit/Accepted/segment017.mp4,190968
datasets/streaming-finalsplit/Accepted/segment018.mp4,171714
datasets/streaming-finalsplit/Accepted/segment019.mp4,224648
datasets/streaming-finalsplit/Accepted/segment020.mp4,286848
datasets/streaming-finalsplit/Accepted/segment021.mp4,219346
datasets/streaming-finalsplit/Accepted/segment022.mp4,130961
datasets/streaming-finalsplit/Accepted/segment023.mp4,300313
datasets/streaming-finalsplit/Accepted/segment024.mp4,159430
datasets/streaming-finalsplit/Accepted/segment025.mp4,307209
datasets/streaming-finalsplit/Accepted/segment026.mp4,195005
datasets/streaming-finalsplit/Accepted/segment027.mp4,155184
datasets/streaming-finalsplit/Accepted/segment028.mp4,193824
datasets/streaming-finalsplit/Accepted/segment029.mp4,180836
datasets/streaming-finalsplit/Accepted/segment030.mp4,259637
datasets/streaming-finalsplit/Accepted/segment031.mp4,217518
datasets/streaming-finalsplit/Accepted/segment032.mp4,229833
datasets/streaming-finalsplit/Accepted/segment033.mp4,174983
datasets/streaming-finalsplit/Accepted/segment034.mp4,146581
datasets/streaming-finalsplit/Accepted/segment035.mp4,279561
datasets/streaming-finalsplit/Accepted/segment036.mp4,204792
datasets/streaming-finalsplit/Accepted/segment037.mp4,59440
datasets/streaming-finalsplit/Accepted/segment038.mp4,286280
datasets/streaming-finalsplit/Accepted/segment039.mp4,177357
datasets/streaming-finalsplit/Accepted/segment040.mp4,311066
datasets/streaming-finalsplit/Accepted/segment041.mp4,243290
datasets/streaming-finalsplit/Accepted/segment042.mp4,233795
datasets/streaming-finalsplit/Accepted/segment043.mp4,179702
datasets/streaming-finalsplit/Accepted/segment044.mp4,132825
datasets/streaming-finalsplit/Accepted/segment045.mp4,173895
datasets/streaming-finalsplit/Accepted/segment046.mp4,302133
datasets/streaming-finalsplit/Accepted/segment047.mp4,240047
datasets/streaming-finalsplit/Accepted/segment048.mp4,203403
datasets/streaming-finalsplit/Accepted/segment049.mp4,162479
datasets/streaming-finalsplit/Accepted/segment050.mp4,231363
datasets/streaming-finalsplit/Accepted/segment051.mp4,227863
datasets/streaming-finalsplit/Accepted/segment052.mp4,197774
datasets/streaming-finalsplit/Accepted/segment053.mp4,375845
datasets/streaming-finalsplit/Accepted/segment054.mp4,301658
datasets/streaming-finalsplit/Accepted/segment055.mp4,360471
datasets/streaming-finalsplit/Accepted/segment056.mp4,337048
datasets/streaming-finalsplit/Accepted/segment057.mp4,342517
datasets/streaming-finalsplit/Accepted/segment058.mp4,192284
datasets/streaming-finalsplit/Accepted/segment059.mp4,319065
datasets/streaming-finalsplit/Accepted/segment060.mp4,471873
datasets/streaming-finalsplit/Accepted/segment061.mp4,364935
datasets/streaming-finalsplit/Accepted/segment062.mp4,437225
datasets/streaming-finalsplit/Accepted/segment063.mp4,116834
datasets/streaming-finalsplit/Accepted/这一段视频对应的句子时间戳标注.json,10921
datasets/streaming-finalsplit/Any Given Sunday/Any Given Sunday.emotion.json,18048
datasets/streaming-finalsplit/Any Given Sunday/Any Given Sunday.mp4,20694161
datasets/streaming-finalsplit/Any Given Sunday/Any Given Sunday.original.mp4,35761145
datasets/streaming-finalsplit/Any Given Sunday/segment001.mp4,264531
datasets/streaming-finalsplit/Any Given Sunday/segment002.mp4,624970
datasets/streaming-finalsplit/Any Given Sunday/segment003.mp4,234288
datasets/streaming-finalsplit/Any Given Sunday/segment004.mp4,859851
datasets/streaming-finalsplit/Any Given Sunday/segment005.mp4,558819
datasets/streaming-finalsplit/Any Given Sunday/segment006.mp4,250435
datasets/streaming-finalsplit/Any Given Sunday/segment007.mp4,130475
datasets/streaming-finalsplit/Any Given Sunday/segment008.mp4,542459
datasets/streaming-finalsplit/Any Given Sunday/segment009.mp4,683768
datasets/streaming-finalsplit/Any Given Sunday/segment010.mp4,656111
datasets/streaming-finalsplit/Any Given Sunday/segment011.mp4,313515
datasets/streaming-finalsplit/Any Given Sunday/segment012.mp4,203567
datasets/streaming-finalsplit/Any Given Sunday/segment013.mp4,521946
datasets/streaming-finalsplit/Any Given Sunday/segment014.mp4,850503
datasets/streaming-finalsplit/Any Given Sunday/segment015.mp4,746418
datasets/streaming-finalsplit/Any Given Sunday/segment016.mp4,562829
datasets/streaming-finalsplit/Any Given Sunday/segment017.mp4,740922
datasets/streaming-finalsplit/Any Given Sunday/segment018.mp4,776069
datasets/streaming-finalsplit/Any Given Sunday/segment019.mp4,340619
datasets/streaming-finalsplit/Any Given Sunday/segment020.mp4,611001
datasets/streaming-finalsplit/Any Given Sunday/segment021.mp4,416289
datasets/streaming-finalsplit/Any Given Sunday/segment022.mp4,114848
datasets/streaming-finalsplit/Any Given Sunday/segment023.mp4,955954
datasets/streaming-finalsplit/Any Given Sunday/segment024.mp4,702160
datasets/streaming-finalsplit/Any Given Sunday/segment025.mp4,498248
datasets/streaming-finalsplit/Any Given Sunday/segment026.mp4,529531
datasets/streaming-finalsplit/Any Given Sunday/segment027.mp4,682469
datasets/streaming-finalsplit/Any Given Sunday/segment028.mp4,495201
datasets/streaming-finalsplit/Any Given Sunday/segment029.mp4,936666
datasets/streaming-finalsplit/Any Given Sunday/segment030.mp4,617340
datasets/streaming-finalsplit/Any Given Sunday/segment031.mp4,928864
datasets/streaming-finalsplit/Any Given Sunday/segment032.mp4,816042
datasets/streaming-finalsplit/Any Given Sunday/segment033.mp4,435716
datasets/streaming-finalsplit/Any Given Sunday/segment034.mp4,1100878
datasets/streaming-finalsplit/Any Given Sunday/segment035.mp4,391349
datasets/streaming-finalsplit/Any Given Sunday/segment036.mp4,596914
datasets/streaming-finalsplit/Any Given Sunday/segment037.mp4,366806
datasets/streaming-finalsplit/Any Given Sunday/segment038.mp4,398214
datasets/streaming-finalsplit/Any Given Sunday/segment039.mp4,274113
datasets/streaming-finalsplit/Any Given Sunday/segment040.mp4,499112
datasets/streaming-finalsplit/Any Given Sunday/segment041.mp4,629342
datasets/streaming-finalsplit/Any Given Sunday/segment042.mp4,905505
datasets/streaming-finalsplit/Any Given Sunday/segment043.mp4,919226
datasets/streaming-finalsplit/Any Given Sunday/segment044.mp4,330979
datasets/streaming-finalsplit/Any Given Sunday/segment045.mp4,649374
datasets/streaming-finalsplit/Any Given Sunday/segment046.mp4,1219477
datasets/streaming-finalsplit/Any Given Sunday/segment047.mp4,184187
datasets/streaming-finalsplit/Any Given Sunday/segment048.mp4,253462
datasets/streaming-finalsplit/Any Given Sunday/这一段视频对应的句子时间戳标注.json,8671
datasets/streaming-finalsplit/Blade Runner/Blade Runner.emotion.json,6520
datasets/streaming-finalsplit/Blade Runner/Blade Runner.mp4,20629172
datasets/streaming-finalsplit/Blade Runner/Blade Runner.original.mp4,24780965
datasets/streaming-finalsplit/Blade Runner/segment001.mp4,356247
datasets/streaming-finalsplit/Blade Runner/segment002.mp4,500628
datasets/streaming-finalsplit/Blade Runner/segment003.mp4,392769
datasets/streaming-finalsplit/Blade Runner/segment004.mp4,351157
datasets/streaming-finalsplit/Blade Runner/segment005.mp4,151548
datasets/streaming-finalsplit/Blade Runner/segment006.mp4,330499
datasets/streaming-finalsplit/Blade Runner/segment007.mp4,296624
datasets/streaming-finalsplit/Blade Runner/segment008.mp4,170485
datasets/streaming-finalsplit/Blade Runner/segment009.mp4,181571
datasets/streaming-finalsplit/Blade Runner/segment010.mp4,394078
datasets/streaming-finalsplit/Blade Runner/segment011.mp4,194554
datasets/streaming-finalsplit/Blade Runner/segment012.mp4,291474
datasets/streaming-finalsplit/Blade Runner/segment013.mp4,160582
datasets/streaming-finalsplit/Blade Runner/segment014.mp4,185906
datasets/streaming-finalsplit/Blade Runner/segment015.mp4,678660
datasets/streaming-finalsplit/Blade Runner/segment016.mp4,80620
datasets/streaming-finalsplit/Blade Runner/segment017.mp4,127863
datasets/streaming-finalsplit/Blade Runner/segment018.mp4,79678
datasets/streaming-finalsplit/Blade Runner/segment019.mp4,148050
datasets/streaming-finalsplit/Blade Runner/segment020.mp4,274537
datasets/streaming-finalsplit/Blade Runner/segment021.mp4,78604
datasets/streaming-finalsplit/Blade Runner/segment022.mp4,304077
datasets/streaming-finalsplit/Blade Runner/segment023.mp4,336240
datasets/streaming-finalsplit/Blade Runner/segment024.mp4,309843
datasets/streaming-finalsplit/Blade Runner/segment025.mp4,244898
datasets/streaming-finalsplit/Blade Runner/这一段视频对应的句子时间戳标注.json,3798
datasets/streaming-finalsplit/Breaking Bad/Breaking Bad.emotion.json,8098
datasets/streaming-finalsplit/Breaking Bad/Breaking Bad.mp4,11301096
datasets/streaming-finalsplit/Breaking Bad/segment001.mp4,272296
datasets/streaming-finalsplit/Breaking Bad/segment002.mp4,133953
datasets/streaming-finalsplit/Breaking Bad/segment003.mp4,121234
datasets/streaming-finalsplit/Breaking Bad/segment004.mp4,308370
datasets/streaming-finalsplit/Breaking Bad/segment005.mp4,104257
datasets/streaming-finalsplit/Breaking Bad/segment006.mp4,585634
datasets/streaming-finalsplit/Breaking Bad/segment007.mp4,102340
datasets/streaming-finalsplit/Breaking Bad/segment008.mp4,81223
datasets/streaming-finalsplit/Breaking Bad/segment009.mp4,224370
datasets/streaming-finalsplit/Breaking Bad/segment010.mp4,76747
datasets/streaming-finalsplit/Breaking Bad/segment011.mp4,1027637
datasets/streaming-finalsplit/Breaking Bad/segment012.mp4,191012
datasets/streaming-finalsplit/Breaking Bad/segment013.mp4,433412
datasets/streaming-finalsplit/Breaking Bad/segment014.mp4,296434
datasets/streaming-finalsplit/Breaking Bad/segment015.mp4,704707
datasets/streaming-finalsplit/Breaking Bad/segment016.mp4,632795
datasets/streaming-finalsplit/Breaking Bad/segment017.mp4,127619
datasets/streaming-finalsplit/Breaking Bad/segment018.mp4,615386
datasets/streaming-finalsplit/Breaking Bad/segment019.mp4,509041
datasets/streaming-finalsplit/Breaking Bad/segment020.mp4,150952
datasets/streaming-finalsplit/Breaking Bad/segment021.mp4,277415
datasets/streaming-finalsplit/Breaking Bad/segment022.mp4,174435
datasets/streaming-finalsplit/Breaking Bad/segment023.mp4,782734
datasets/streaming-finalsplit/Breaking Bad/segment024.mp4,279111
datasets/streaming-finalsplit/Breaking Bad/segment025.mp4,151846
datasets/streaming-finalsplit/Breaking Bad/segment026.mp4,59663
datasets/streaming-finalsplit/Breaking Bad/segment027.mp4,118969
datasets/streaming-finalsplit/Breaking Bad/这一段视频对应的句子时间戳标注.json,4679
datasets/streaming-finalsplit/Collateral Beauty/Collateral Beauty.emotion.json,7941
datasets/streaming-finalsplit/Collateral Beauty/Collateral Beauty.mp4,20611489
datasets/streaming-finalsplit/Collateral Beauty/Collateral Beauty.original.mp4,21788979
datasets/streaming-finalsplit/Collateral Beauty/segment001.mp4,433736
datasets/streaming-finalsplit/Collateral Beauty/segment002.mp4,371885
datasets/streaming-finalsplit/Collateral Beauty/segment003.mp4,138558
datasets/streaming-finalsplit/Collateral Beauty/segment004.mp4,255382
datasets/streaming-finalsplit/Collateral Beauty/segment005.mp4,476253
datasets/streaming-finalsplit/Collateral Beauty/segment006.mp4,134295
datasets/streaming-finalsplit/Collateral Beauty/segment007.mp4,238730
datasets/streaming-finalsplit/Collateral Beauty/segment008.mp4,219887
datasets/streaming-finalsplit/Collateral Beauty/segment009.mp4,365619
datasets/streaming-finalsplit/Collateral Beauty/segment010.mp4,165422
datasets/streaming-finalsplit/Collateral Beauty/segment011.mp4,95082
datasets/streaming-finalsplit/Collateral Beauty/segment012.mp4,291013
datasets/streaming-finalsplit/Collateral Beauty/segment013.mp4,584957
datasets/streaming-finalsplit/Collateral Beauty/segment014.mp4,196325
datasets/streaming-finalsplit/Collateral Beauty/segment015.mp4,151768
datasets/streaming-finalsplit/Collateral Beauty/segment016.mp4,697316
datasets/streaming-finalsplit/Collateral Beauty/segment017.mp4,848498
datasets/streaming-finalsplit/Collateral Beauty/segment018.mp4,581560
datasets/streaming-finalsplit/Collateral Beauty/segment019.mp4,967960
datasets/streaming-finalsplit/Collateral Beauty/segment020.mp4,615913
datasets/streaming-finalsplit/Collateral Beauty/segment021.mp4,324110
datasets/streaming-finalsplit/Collateral Beauty/segment022.mp4,458705
datasets/streaming-finalsplit/Collateral Beauty/segment023.mp4,247589
datasets/streaming-finalsplit/Collateral Beauty/segment024.mp4,196178
datasets/streaming-finalsplit/Collateral Beauty/segment025.mp4,570626
datasets/streaming-finalsplit/Collateral Beauty/segment026.mp4,150263
datasets/streaming-finalsplit/Collateral Beauty/segment027.mp4,96671
datasets/streaming-finalsplit/Collateral Beauty/segment028.mp4,248705
datasets/streaming-finalsplit/Collateral Beauty/segment029.mp4,535569
datasets/streaming-finalsplit/Collateral Beauty/segment030.mp4,702999
datasets/streaming-finalsplit/Collateral Beauty/segment031.mp4,218583
datasets/streaming-finalsplit/Collateral Beauty/segment032.mp4,1013186
datasets/streaming-finalsplit/Collateral Beauty/segment033.mp4,396464
datasets/streaming-finalsplit/Collateral Beauty/segment034.mp4,488882
datasets/streaming-finalsplit/Collateral Beauty/segment035.mp4,893075
datasets/streaming-finalsplit/Collateral Beauty/segment036.mp4,175686
datasets/streaming-finalsplit/Collateral Beauty/segment037.mp4,238031
datasets/streaming-finalsplit/Collateral Beauty/segment038.mp4,449433
datasets/streaming-finalsplit/Collateral Beauty/segment039.mp4,53053
datasets/streaming-finalsplit/Collateral Beauty/segment040.mp4,102198
datasets/streaming-finalsplit/Collateral Beauty/segment041.mp4,183434
datasets/streaming-finalsplit/Collateral Beauty/segment042.mp4,180842
datasets/streaming-finalsplit/Collateral Beauty/segment043.mp4,691107
datasets/streaming-finalsplit/Collateral Beauty/segment044.mp4,531499
datasets/streaming-finalsplit/Collateral Beauty/这一段视频对应的句子时间戳标注.json,7090
datasets/streaming-finalsplit/Cyrano de Bergerac/Cyrano de Bergerac.emotion.json,10972
datasets/streaming-finalsplit/Cyrano de Bergerac/Cyrano de Bergerac.mp4,20558065
datasets/streaming-finalsplit/Cyrano de Bergerac/segment001.mp4,510210
datasets/streaming-finalsplit/Cyrano de Bergerac/segment002.mp4,322511
datasets/streaming-finalsplit/Cyrano de Bergerac/segment003.mp4,344060
datasets/streaming-finalsplit/Cyrano de Bergerac/segment004.mp4,261718
datasets/streaming-finalsplit/Cyrano de Bergerac/segment005.mp4,292842
datasets/streaming-finalsplit/Cyrano de Bergerac/segment006.mp4,235326
datasets/streaming-finalsplit/Cyrano de Bergerac/segment007.mp4,177300
datasets/streaming-finalsplit/Cyrano de Bergerac/segment008.mp4,440077
datasets/streaming-finalsplit/Cyrano de Bergerac/segment009.mp4,417854
datasets/streaming-finalsplit/Cyrano de Bergerac/segment010.mp4,430216
datasets/streaming-finalsplit/Cyrano de Bergerac/segment011.mp4,182151
datasets/streaming-finalsplit/Cyrano de Bergerac/segment012.mp4,394892
datasets/streaming-finalsplit/Cyrano de Bergerac/segment013.mp4,491882
datasets/streaming-finalsplit/Cyrano de Bergerac/segment014.mp4,343206
datasets/streaming-finalsplit/Cyrano de Bergerac/segment015.mp4,205420
datasets/streaming-finalsplit/Cyrano de Bergerac/segment016.mp4,500813
datasets/streaming-finalsplit/Cyrano de Bergerac/segment017.mp4,466971
datasets/streaming-finalsplit/Cyrano de Bergerac/segment018.mp4,400649
datasets/streaming-finalsplit/Cyrano de Bergerac/segment019.mp4,311166
datasets/streaming-finalsplit/Cyrano de Bergerac/segment020.mp4,404363
datasets/streaming-finalsplit/Cyrano de Bergerac/segment021.mp4,403458
datasets/streaming-finalsplit/Cyrano de Bergerac/segment022.mp4,323768
datasets/streaming-finalsplit/Cyrano de Bergerac/segment023.mp4,388773
datasets/streaming-finalsplit/Cyrano de Bergerac/segment024.mp4,433622
datasets/streaming-finalsplit/Cyrano de Bergerac/segment025.mp4,266776
datasets/streaming-finalsplit/Cyrano de Bergerac/segment026.mp4,303327
datasets/streaming-finalsplit/Cyrano de Bergerac/segment027.mp4,290899
datasets/streaming-finalsplit/Cyrano de Bergerac/segment028.mp4,423703
datasets/streaming-finalsplit/Cyrano de Bergerac/segment029.mp4,268679
datasets/streaming-finalsplit/Cyrano de Bergerac/segment030.mp4,217969
datasets/streaming-finalsplit/Cyrano de Bergerac/segment031.mp4,72112
datasets/streaming-finalsplit/Cyrano de Bergerac/segment032.mp4,156955
datasets/streaming-finalsplit/Cyrano de Bergerac/segment033.mp4,240176
datasets/streaming-finalsplit/Cyrano de Bergerac/segment034.mp4,232190
datasets/streaming-finalsplit/Cyrano de Bergerac/segment035.mp4,224256
datasets/streaming-finalsplit/Cyrano de Bergerac/segment036.mp4,168513
datasets/streaming-finalsplit/Cyrano de Bergerac/segment037.mp4,102486
datasets/streaming-finalsplit/Cyrano de Bergerac/segment038.mp4,226550
datasets/streaming-finalsplit/Cyrano de Bergerac/segment039.mp4,180700
datasets/streaming-finalsplit/Cyrano de Bergerac/segment040.mp4,97609
datasets/streaming-finalsplit/Cyrano de Bergerac/segment041.mp4,90952
datasets/streaming-finalsplit/Cyrano de Bergerac/segment042.mp4,122964
datasets/streaming-finalsplit/Cyrano de Bergerac/segment043.mp4,184229
datasets/streaming-finalsplit/Cyrano de Bergerac/segment044.mp4,110317
datasets/streaming-finalsplit/Cyrano de Bergerac/segment045.mp4,218609
datasets/streaming-finalsplit/Cyrano de Bergerac/segment046.mp4,132594
datasets/streaming-finalsplit/Cyrano de Bergerac/segment047.mp4,72178
datasets/streaming-finalsplit/Cyrano de Bergerac/segment048.mp4,207702
datasets/streaming-finalsplit/Cyrano de Bergerac/segment049.mp4,100697
datasets/streaming-finalsplit/Cyrano de Bergerac/segment050.mp4,180678
datasets/streaming-finalsplit/Cyrano de Bergerac/segment051.mp4,178203
datasets/streaming-finalsplit/Cyrano de Bergerac/segment052.mp4,101461
datasets/streaming-finalsplit/Cyrano de Bergerac/segment053.mp4,90292
datasets/streaming-finalsplit/Cyrano de Bergerac/segment054.mp4,187732
datasets/streaming-finalsplit/Cyrano de Bergerac/segment055.mp4,108755
datasets/streaming-finalsplit/Cyrano de Bergerac/segment056.mp4,213395
datasets/streaming-finalsplit/Cyrano de Bergerac/segment057.mp4,307660
datasets/streaming-finalsplit/Cyrano de Bergerac/segment058.mp4,226545
datasets/streaming-finalsplit/Cyrano de Bergerac/segment059.mp4,265629
datasets/streaming-finalsplit/Cyrano de Bergerac/segment060.mp4,304774
datasets/streaming-finalsplit/Cyrano de Bergerac/segment061.mp4,171915
datasets/streaming-finalsplit/Cyrano de Bergerac/segment062.mp4,76745
datasets/streaming-finalsplit/Cyrano de Bergerac/segment063.mp4,153183
datasets/streaming-finalsplit/Cyrano de Bergerac/segment064.mp4,165353
datasets/streaming-finalsplit/Cyrano de Bergerac/segment065.mp4,243610
datasets/streaming-finalsplit/Cyrano de Bergerac/segment066.mp4,160157
datasets/streaming-finalsplit/Cyrano de Bergerac/segment067.mp4,230221
datasets/streaming-finalsplit/Cyrano de Bergerac/segment068.mp4,206485
datasets/streaming-finalsplit/Cyrano de Bergerac/segment069.mp4,138249
datasets/streaming-finalsplit/Cyrano de Bergerac/segment070.mp4,201046
datasets/streaming-finalsplit/Cyrano de Bergerac/segment071.mp4,229622
datasets/streaming-finalsplit/Cyrano de Bergerac/segment072.mp4,94162
datasets/streaming-finalsplit/Cyrano de Bergerac/segment073.mp4,135713
datasets/streaming-finalsplit/Cyrano de Bergerac/这一段视频对应的句子时间戳标注.json,11340
datasets/streaming-finalsplit/Fences/Fences.emotion.json,10227
datasets/streaming-finalsplit/Fences/Fences.mp4,11497008
datasets/streaming-finalsplit/Fences/segment001.mp4,274649
datasets/streaming-finalsplit/Fences/segment002.mp4,173859
datasets/streaming-finalsplit/Fences/segment003.mp4,546286
datasets/streaming-finalsplit/Fences/segment004.mp4,329258
datasets/streaming-finalsplit/Fences/segment005.mp4,314221
datasets/streaming-finalsplit/Fences/segment006.mp4,147624
datasets/streaming-finalsplit/Fences/segment007.mp4,128341
datasets/streaming-finalsplit/Fences/segment008.mp4,242813
datasets/streaming-finalsplit/Fences/segment009.mp4,523086
datasets/streaming-finalsplit/Fences/segment010.mp4,377386
datasets/streaming-finalsplit/Fences/segment011.mp4,271337
datasets/streaming-finalsplit/Fences/segment012.mp4,165293
datasets/streaming-finalsplit/Fences/segment013.mp4,860132
datasets/streaming-finalsplit/Fences/segment014.mp4,264827
datasets/streaming-finalsplit/Fences/segment015.mp4,385277
datasets/streaming-finalsplit/Fences/segment016.mp4,508249
datasets/streaming-finalsplit/Fences/segment017.mp4,255399
datasets/streaming-finalsplit/Fences/segment018.mp4,178894
datasets/streaming-finalsplit/Fences/segment019.mp4,108672
datasets/streaming-finalsplit/Fences/segment020.mp4,89665
datasets/streaming-finalsplit/Fences/segment021.mp4,551274
datasets/streaming-finalsplit/Fences/segment022.mp4,417537
datasets/streaming-finalsplit/Fences/segment023.mp4,733144
datasets/streaming-finalsplit/Fences/segment024.mp4,377311
datasets/streaming-finalsplit/Fences/segment025.mp4,369177
datasets/streaming-finalsplit/Fences/segment026.mp4,490741
datasets/streaming-finalsplit/Fences/segment027.mp4,394885
datasets/streaming-finalsplit/Fences/segment028.mp4,144635
datasets/streaming-finalsplit/Fences/segment029.mp4,364611
datasets/streaming-finalsplit/Fences/segment030.mp4,188474
datasets/streaming-finalsplit/Fences/这一段视频对应的句子时间戳标注.json,5455
datasets/streaming-finalsplit/Forrest Gump/Forrest Gump.emotion.json,8821
datasets/streaming-finalsplit/Forrest Gump/Forrest Gump.mp4,17042480
datasets/streaming-finalsplit/Forrest Gump/segment001.mp4,261744
datasets/streaming-finalsplit/Forrest Gump/segment002.mp4,370400
datasets/streaming-finalsplit/Forrest Gump/segment003.mp4,928379
datasets/streaming-finalsplit/Forrest Gump/segment004.mp4,1469118
datasets/streaming-finalsplit/Forrest Gump/segment005.mp4,174513
datasets/streaming-finalsplit/Forrest Gump/segment006.mp4,706282
datasets/streaming-finalsplit/Forrest Gump/segment007.mp4,451966
datasets/streaming-finalsplit/Forrest Gump/segment008.mp4,616708
datasets/streaming-finalsplit/Forrest Gump/segment009.mp4,1030824
datasets/streaming-finalsplit/Forrest Gump/segment010.mp4,324745
datasets/streaming-finalsplit/Forrest Gump/segment011.mp4,358966
datasets/streaming-finalsplit/Forrest Gump/segment012.mp4,153467
datasets/streaming-finalsplit/Forrest Gump/segment013.mp4,711957
datasets/streaming-finalsplit/Forrest Gump/segment014.mp4,237155
datasets/streaming-finalsplit/Forrest Gump/segment015.mp4,284101
datasets/streaming-finalsplit/Forrest Gump/segment016.mp4,375391
datasets/streaming-finalsplit/Forrest Gump/segment017.mp4,902748
datasets/streaming-finalsplit/Forrest Gump/segment018.mp4,403641
datasets/streaming-finalsplit/Forrest Gump/segment019.mp4,263683
datasets/streaming-finalsplit/Forrest Gump/segment020.mp4,381478
datasets/streaming-finalsplit/Forrest Gump/这一段视频对应的句子时间戳标注.json,3467
"datasets/streaming-finalsplit/Good Morning, Vietnam/Good Morning, Vietnam.emotion.json",7017
"datasets/streaming-finalsplit/Good Morning, Vietnam/Good Morning, Vietnam.mp4",7812859
"datasets/streaming-finalsplit/Good Morning, Vietnam/segment001.mp4",210195
"datasets/streaming-finalsplit/Good Morning, Vietnam/segment002.mp4",239511
"datasets/streaming-finalsplit/Good Morning, Vietnam/segment003.mp4",258157
"datasets/streaming-finalsplit/Good Morning, Vietnam/segment004.mp4",263492
"datasets/streaming-finalsplit/Good Morning, Vietnam/segment005.mp4",265416
"datasets/streaming-finalsplit/Good Morning, Vietnam/segment006.mp4",129424
"datasets/streaming-finalsplit/Good Morning, Vietnam/segment007.mp4",298216
"datasets/streaming-finalsplit/Good Morning, Vietnam/segment008.mp4",76662
"datasets/streaming-finalsplit/Good Morning, Vietnam/segment009.mp4",98320
"datasets/streaming-finalsplit/Good Morning, Vietnam/segment010.mp4",207206
"datasets/streaming-finalsplit/Good Morning, Vietnam/segment011.mp4",313970
"datasets/streaming-finalsplit/Good Morning, Vietnam/segment012.mp4",133314
"datasets/streaming-finalsplit/Good Morning, Vietnam/segment013.mp4",133049
"datasets/streaming-finalsplit/Good Morning, Vietnam/segment014.mp4",129470
"datasets/streaming-finalsplit/Good Morning, Vietnam/segment015.mp4",199345
"datasets/streaming-finalsplit/Good Morning, Vietnam/segment016.mp4",98558
"datasets/streaming-finalsplit/Good Morning, Vietnam/segment017.mp4",208006
"datasets/streaming-finalsplit/Good Morning, Vietnam/segment018.mp4",207889
"datasets/streaming-finalsplit/Good Morning, Vietnam/segment019.mp4",165661
"datasets/streaming-finalsplit/Good Morning, Vietnam/segment020.mp4",235904
"datasets/streaming-finalsplit/Good Morning, Vietnam/segment021.mp4",173641
"datasets/streaming-finalsplit/Good Morning, Vietnam/segment022.mp4",205546
"datasets/streaming-finalsplit/Good Morning, Vietnam/segment023.mp4",308892
"datasets/streaming-finalsplit/Good Morning, Vietnam/segment024.mp4",215598
"datasets/streaming-finalsplit/Good Morning, Vietnam/segment025.mp4",140912
"datasets/streaming-finalsplit/Good Morning, Vietnam/segment026.mp4",121562
"datasets/streaming-finalsplit/Good Morning, Vietnam/segment027.mp4",100009
"datasets/streaming-finalsplit/Good Morning, Vietnam/segment028.mp4",141378
"datasets/streaming-finalsplit/Good Morning, Vietnam/segment029.mp4",161736
"datasets/streaming-finalsplit/Good Morning, Vietnam/segment030.mp4",156489
"datasets/streaming-finalsplit/Good Morning, Vietnam/segment031.mp4",251983
"datasets/streaming-finalsplit/Good Morning, Vietnam/segment032.mp4",104166
"datasets/streaming-finalsplit/Good Morning, Vietnam/segment033.mp4",132544
"datasets/streaming-finalsplit/Good Morning, Vietnam/segment034.mp4",301387
"datasets/streaming-finalsplit/Good Morning, Vietnam/segment035.mp4",116416
"datasets/streaming-finalsplit/Good Morning, Vietnam/segment036.mp4",214895
"datasets/streaming-finalsplit/Good Morning, Vietnam/这一段视频对应的句子时间戳标注.json",5838
datasets/streaming-finalsplit/Good Will Hunting/Good Will Hunting.emotion.json,11223
datasets/streaming-finalsplit/Good Will Hunting/Good Will Hunting.mp4,20671261
datasets/streaming-finalsplit/Good Will Hunting/Good Will Hunting.original.mp4,46042014
datasets/streaming-finalsplit/Good Will Hunting/segment001.mp4,690743
datasets/streaming-finalsplit/Good Will Hunting/segment002.mp4,126469
datasets/streaming-finalsplit/Good Will Hunting/segment003.mp4,400257
datasets/streaming-finalsplit/Good Will Hunting/segment004.mp4,292287
datasets/streaming-finalsplit/Good Will Hunting/segment005.mp4,769947
datasets/streaming-finalsplit/Good Will Hunting/segment006.mp4,267510
datasets/streaming-finalsplit/Good Will Hunting/segment007.mp4,261962
datasets/streaming-finalsplit/Good Will Hunting/segment008.mp4,543764
datasets/streaming-finalsplit/Good Will Hunting/segment009.mp4,168612
datasets/streaming-finalsplit/Good Will Hunting/segment010.mp4,162169
datasets/streaming-finalsplit/Good Will Hunting/segment011.mp4,263586
datasets/streaming-finalsplit/Good Will Hunting/segment012.mp4,116108
datasets/streaming-finalsplit/Good Will Hunting/segment013.mp4,276718
datasets/streaming-finalsplit/Good Will Hunting/segment014.mp4,524670
datasets/streaming-finalsplit/Good Will Hunting/segment015.mp4,134751
datasets/streaming-finalsplit/Good Will Hunting/segment016.mp4,250426
datasets/streaming-finalsplit/Good Will Hunting/segment017.mp4,227454
datasets/streaming-finalsplit/Good Will Hunting/segment018.mp4,230690
datasets/streaming-finalsplit/Good Will Hunting/segment019.mp4,171538
datasets/streaming-finalsplit/Good Will Hunting/segment020.mp4,238772
datasets/streaming-finalsplit/Good Will Hunting/segment021.mp4,184686
datasets/streaming-finalsplit/Good Will Hunting/segment022.mp4,565080
datasets/streaming-finalsplit/Good Will Hunting/segment023.mp4,703005
datasets/streaming-finalsplit/Good Will Hunting/segment024.mp4,145369
datasets/streaming-finalsplit/Good Will Hunting/segment025.mp4,272521
datasets/streaming-finalsplit/Good Will Hunting/segment026.mp4,558442
datasets/streaming-finalsplit/Good Will Hunting/segment027.mp4,460912
datasets/streaming-finalsplit/Good Will Hunting/segment028.mp4,704106
datasets/streaming-finalsplit/Good Will Hunting/segment029.mp4,355462
datasets/streaming-finalsplit/Good Will Hunting/segment030.mp4,204200
datasets/streaming-finalsplit/Good Will Hunting/segment031.mp4,766185
datasets/streaming-finalsplit/Good Will Hunting/segment032.mp4,531417
datasets/streaming-finalsplit/Good Will Hunting/segment033.mp4,260673
datasets/streaming-finalsplit/Good Will Hunting/segment034.mp4,421511
datasets/streaming-finalsplit/Good Will Hunting/segment035.mp4,664989
datasets/streaming-finalsplit/Good Will Hunting/segment036.mp4,306414
datasets/streaming-finalsplit/Good Will Hunting/segment037.mp4,231954
datasets/streaming-finalsplit/Good Will Hunting/segment038.mp4,616886
datasets/streaming-finalsplit/Good Will Hunting/segment039.mp4,443143
datasets/streaming-finalsplit/Good Will Hunting/segment040.mp4,621026
datasets/streaming-finalsplit/Good Will Hunting/segment041.mp4,422985
datasets/streaming-finalsplit/Good Will Hunting/segment042.mp4,414187
datasets/streaming-finalsplit/Good Will Hunting/segment043.mp4,454414
datasets/streaming-finalsplit/Good Will Hunting/segment044.mp4,162631
datasets/streaming-finalsplit/Good Will Hunting/segment045.mp4,169124
datasets/streaming-finalsplit/Good Will Hunting/segment046.mp4,606701
datasets/streaming-finalsplit/Good Will Hunting/segment047.mp4,197852
datasets/streaming-finalsplit/Good Will Hunting/segment048.mp4,279782
datasets/streaming-finalsplit/Good Will Hunting/segment049.mp4,397713
datasets/streaming-finalsplit/Good Will Hunting/segment050.mp4,274261
datasets/streaming-finalsplit/Good Will Hunting/segment051.mp4,614204
datasets/streaming-finalsplit/Good Will Hunting/segment052.mp4,380355
datasets/streaming-finalsplit/Good Will Hunting/segment053.mp4,131981
datasets/streaming-finalsplit/Good Will Hunting/segment054.mp4,357799
datasets/streaming-finalsplit/Good Will Hunting/segment055.mp4,389061
datasets/streaming-finalsplit/Good Will Hunting/segment056.mp4,176996
datasets/streaming-finalsplit/Good Will Hunting/segment057.mp4,184173
datasets/streaming-finalsplit/Good Will Hunting/segment058.mp4,385621
datasets/streaming-finalsplit/Good Will Hunting/segment059.mp4,301821
datasets/streaming-finalsplit/Good Will Hunting/segment060.mp4,244648
datasets/streaming-finalsplit/Good Will Hunting/segment061.mp4,229771
datasets/streaming-finalsplit/Good Will Hunting/segment062.mp4,145842
datasets/streaming-finalsplit/Good Will Hunting/segment063.mp4,780674
datasets/streaming-finalsplit/Good Will Hunting/segment064.mp4,290153
datasets/streaming-finalsplit/Good Will Hunting/segment065.mp4,206721
datasets/streaming-finalsplit/Good Will Hunting/segment066.mp4,471770
datasets/streaming-finalsplit/Good Will Hunting/segment067.mp4,434045
datasets/streaming-finalsplit/Good Will Hunting/segment068.mp4,305244
datasets/streaming-finalsplit/Good Will Hunting/segment069.mp4,117305
datasets/streaming-finalsplit/Good Will Hunting/segment070.mp4,273238
datasets/streaming-finalsplit/Good Will Hunting/segment071.mp4,318061
datasets/streaming-finalsplit/Good Will Hunting/segment072.mp4,281589
datasets/streaming-finalsplit/Good Will Hunting/segment073.mp4,185653
datasets/streaming-finalsplit/Good Will Hunting/segment074.mp4,192322
datasets/streaming-finalsplit/Good Will Hunting/segment075.mp4,156907
datasets/streaming-finalsplit/Good Will Hunting/segment076.mp4,365798
datasets/streaming-finalsplit/Good Will Hunting/segment077.mp4,351692
datasets/streaming-finalsplit/Good Will Hunting/segment078.mp4,203755
datasets/streaming-finalsplit/Good Will Hunting/这一段视频对应的句子时间戳标注.json,13132
datasets/streaming-finalsplit/Hacksaw Ridge/Hacksaw Ridge.emotion.json,6290
datasets/streaming-finalsplit/Hacksaw Ridge/Hacksaw Ridge.mp4,4547535
datasets/streaming-finalsplit/Hacksaw Ridge/segment001.mp4,223198
datasets/streaming-finalsplit/Hacksaw Ridge/segment002.mp4,254026
datasets/streaming-finalsplit/Hacksaw Ridge/segment003.mp4,371346
datasets/streaming-finalsplit/Hacksaw Ridge/segment004.mp4,175720
datasets/streaming-finalsplit/Hacksaw Ridge/segment005.mp4,140042
datasets/streaming-finalsplit/Hacksaw Ridge/segment006.mp4,177712
datasets/streaming-finalsplit/Hacksaw Ridge/segment007.mp4,282588
datasets/streaming-finalsplit/Hacksaw Ridge/segment008.mp4,295230
datasets/streaming-finalsplit/Hacksaw Ridge/segment009.mp4,98668
datasets/streaming-finalsplit/Hacksaw Ridge/segment010.mp4,198180
datasets/streaming-finalsplit/Hacksaw Ridge/segment011.mp4,148286
datasets/streaming-finalsplit/Hacksaw Ridge/segment012.mp4,398060
datasets/streaming-finalsplit/Hacksaw Ridge/segment013.mp4,87726
datasets/streaming-finalsplit/Hacksaw Ridge/segment014.mp4,161804
datasets/streaming-finalsplit/Hacksaw Ridge/segment015.mp4,151137
datasets/streaming-finalsplit/Hacksaw Ridge/segment016.mp4,157769
datasets/streaming-finalsplit/Hacksaw Ridge/这一段视频对应的句子时间戳标注.json,3034
datasets/streaming-finalsplit/Hamlet/Hamlet.emotion.json,11992
datasets/streaming-finalsplit/Hamlet/Hamlet.mp4,20593157
datasets/streaming-finalsplit/Hamlet/Hamlet.original.mp4,21086166
datasets/streaming-finalsplit/Hamlet/segment001.mp4,171482
datasets/streaming-finalsplit/Hamlet/segment002.mp4,134511
datasets/streaming-finalsplit/Hamlet/segment003.mp4,764172
datasets/streaming-finalsplit/Hamlet/segment004.mp4,634133
datasets/streaming-finalsplit/Hamlet/segment005.mp4,399644
datasets/streaming-finalsplit/Hamlet/segment006.mp4,75990
datasets/streaming-finalsplit/Hamlet/segment007.mp4,79540
datasets/streaming-finalsplit/Hamlet/segment008.mp4,187928
datasets/streaming-finalsplit/Hamlet/segment009.mp4,286276
datasets/streaming-finalsplit/Hamlet/segment010.mp4,154286
datasets/streaming-finalsplit/Hamlet/segment011.mp4,118504
datasets/streaming-finalsplit/Hamlet/segment012.mp4,71626
datasets/streaming-finalsplit/Hamlet/segment013.mp4,67777
datasets/streaming-finalsplit/Hamlet/segment014.mp4,77899
datasets/streaming-finalsplit/Hamlet/segment015.mp4,97306
datasets/streaming-finalsplit/Hamlet/segment016.mp4,151978
datasets/streaming-finalsplit/Hamlet/segment017.mp4,283880
datasets/streaming-finalsplit/Hamlet/segment018.mp4,241004
datasets/streaming-finalsplit/Hamlet/segment019.mp4,142251
datasets/streaming-finalsplit/Hamlet/segment020.mp4,136800
datasets/streaming-finalsplit/Hamlet/segment021.mp4,245350
datasets/streaming-finalsplit/Hamlet/segment022.mp4,319444
datasets/streaming-finalsplit/Hamlet/segment023.mp4,151445
datasets/streaming-finalsplit/Hamlet/segment024.mp4,188388
datasets/streaming-finalsplit/Hamlet/segment025.mp4,266499
datasets/streaming-finalsplit/Hamlet/segment026.mp4,363473
datasets/streaming-finalsplit/Hamlet/segment027.mp4,111514
datasets/streaming-finalsplit/Hamlet/segment028.mp4,188166
datasets/streaming-finalsplit/Hamlet/segment029.mp4,175892
datasets/streaming-finalsplit/Hamlet/segment030.mp4,455212
datasets/streaming-finalsplit/Hamlet/segment031.mp4,442658
datasets/streaming-finalsplit/Hamlet/segment032.mp4,91635
datasets/streaming-finalsplit/Hamlet/segment033.mp4,1117318
datasets/streaming-finalsplit/Hamlet/segment034.mp4,508110
datasets/streaming-finalsplit/Hamlet/segment035.mp4,381781
datasets/streaming-finalsplit/Hamlet/segment036.mp4,295331
datasets/streaming-finalsplit/Hamlet/segment037.mp4,742125
datasets/streaming-finalsplit/Hamlet/segment038.mp4,590115
datasets/streaming-finalsplit/Hamlet/segment039.mp4,399321
datasets/streaming-finalsplit/Hamlet/segment040.mp4,793897
datasets/streaming-finalsplit/Hamlet/segment041.mp4,436789
datasets/streaming-finalsplit/Hamlet/segment042.mp4,570903
datasets/streaming-finalsplit/Hamlet/segment043.mp4,436672
datasets/streaming-finalsplit/Hamlet/这一段视频对应的句子时间戳标注.json,7109
datasets/streaming-finalsplit/Head of State/Head of State.emotion.json,8425
datasets/streaming-finalsplit/Head of State/Head of State.mp4,15629719
datasets/streaming-finalsplit/Head of State/segment001.mp4,684473
datasets/streaming-finalsplit/Head of State/segment002.mp4,223787
datasets/streaming-finalsplit/Head of State/segment003.mp4,229985
datasets/streaming-finalsplit/Head of State/segment004.mp4,220662
datasets/streaming-finalsplit/Head of State/segment005.mp4,166573
datasets/streaming-finalsplit/Head of State/segment006.mp4,219483
datasets/streaming-finalsplit/Head of State/segment007.mp4,153715
datasets/streaming-finalsplit/Head of State/segment008.mp4,323430
datasets/streaming-finalsplit/Head of State/segment009.mp4,181827
datasets/streaming-finalsplit/Head of State/segment010.mp4,247245
datasets/streaming-finalsplit/Head of State/segment011.mp4,192284
datasets/streaming-finalsplit/Head of State/segment012.mp4,114378
datasets/streaming-finalsplit/Head of State/segment013.mp4,142684
datasets/streaming-finalsplit/Head of State/segment014.mp4,167294
datasets/streaming-finalsplit/Head of State/segment015.mp4,202883
datasets/streaming-finalsplit/Head of State/segment016.mp4,290935
datasets/streaming-finalsplit/Head of State/segment017.mp4,392366
datasets/streaming-finalsplit/Head of State/segment018.mp4,100070
datasets/streaming-finalsplit/Head of State/segment019.mp4,167951
datasets/streaming-finalsplit/Head of State/segment020.mp4,220788
datasets/streaming-finalsplit/Head of State/segment021.mp4,226530
datasets/streaming-finalsplit/Head of State/segment022.mp4,228814
datasets/streaming-finalsplit/Head of State/segment023.mp4,350335
datasets/streaming-finalsplit/Head of State/segment024.mp4,158817
datasets/streaming-finalsplit/Head of State/segment025.mp4,659218
datasets/streaming-finalsplit/Head of State/segment026.mp4,356158
datasets/streaming-finalsplit/Head of State/segment027.mp4,456173
datasets/streaming-finalsplit/Head of State/segment028.mp4,315597
datasets/streaming-finalsplit/Head of State/segment029.mp4,377564
datasets/streaming-finalsplit/Head of State/segment030.mp4,139120
datasets/streaming-finalsplit/Head of State/segment031.mp4,347115
datasets/streaming-finalsplit/Head of State/segment032.mp4,321055
datasets/streaming-finalsplit/Head of State/segment033.mp4,271981
datasets/streaming-finalsplit/Head of State/segment034.mp4,226564
datasets/streaming-finalsplit/Head of State/segment035.mp4,127988
datasets/streaming-finalsplit/Head of State/segment036.mp4,489741
datasets/streaming-finalsplit/Head of State/segment037.mp4,443734
datasets/streaming-finalsplit/Head of State/segment038.mp4,316666
datasets/streaming-finalsplit/Head of State/segment039.mp4,135211
datasets/streaming-finalsplit/Head of State/segment040.mp4,204424
datasets/streaming-finalsplit/Head of State/segment041.mp4,280199
datasets/streaming-finalsplit/Head of State/segment042.mp4,602391
datasets/streaming-finalsplit/Head of State/segment043.mp4,454641
datasets/streaming-finalsplit/Head of State/segment044.mp4,210351
datasets/streaming-finalsplit/Head of State/这一段视频对应的句子时间戳标注.json,6998
datasets/streaming-finalsplit/Heat/Heat.emotion.json,3550
datasets/streaming-finalsplit/Heat/Heat.mp4,2708278
datasets/streaming-finalsplit/Heat/segment001.mp4,126467
datasets/streaming-finalsplit/Heat/segment002.mp4,157467
datasets/streaming-finalsplit/Heat/segment003.mp4,167024
datasets/streaming-finalsplit/Heat/segment004.mp4,133616
datasets/streaming-finalsplit/Heat/segment005.mp4,202876
datasets/streaming-finalsplit/Heat/segment006.mp4,196702
datasets/streaming-finalsplit/Heat/segment007.mp4,142662
datasets/streaming-finalsplit/Heat/segment008.mp4,98535
datasets/streaming-finalsplit/Heat/segment009.mp4,305644
datasets/streaming-finalsplit/Heat/segment010.mp4,169217
datasets/streaming-finalsplit/Heat/segment011.mp4,146963
datasets/streaming-finalsplit/Heat/这一段视频对应的句子时间戳标注.json,2068
datasets/streaming-finalsplit/Hidden Figures/Hidden Figures.emotion.json,6104
datasets/streaming-finalsplit/Hidden Figures/Hidden Figures.mp4,9311023
datasets/streaming-finalsplit/Hidden Figures/segment001.mp4,229141
datasets/streaming-finalsplit/Hidden Figures/segment002.mp4,155999
datasets/streaming-finalsplit/Hidden Figures/segment003.mp4,105352
datasets/streaming-finalsplit/Hidden Figures/segment004.mp4,213754
datasets/streaming-finalsplit/Hidden Figures/segment005.mp4,141967
datasets/streaming-finalsplit/Hidden Figures/segment006.mp4,163095
datasets/streaming-finalsplit/Hidden Figures/segment007.mp4,205080
datasets/streaming-finalsplit/Hidden Figures/segment008.mp4,164907
datasets/streaming-finalsplit/Hidden Figures/segment009.mp4,138971
datasets/streaming-finalsplit/Hidden Figures/segment010.mp4,351755
datasets/streaming-finalsplit/Hidden Figures/segment011.mp4,220603
datasets/streaming-finalsplit/Hidden Figures/segment012.mp4,391303
datasets/streaming-finalsplit/Hidden Figures/segment013.mp4,320789
datasets/streaming-finalsplit/Hidden Figures/segment014.mp4,214510
datasets/streaming-finalsplit/Hidden Figures/segment015.mp4,117963
datasets/streaming-finalsplit/Hidden Figures/segment016.mp4,302614
datasets/streaming-finalsplit/Hidden Figures/segment017.mp4,237741
datasets/streaming-finalsplit/Hidden Figures/segment018.mp4,150705
datasets/streaming-finalsplit/Hidden Figures/segment019.mp4,79048
datasets/streaming-finalsplit/Hidden Figures/segment020.mp4,129720
datasets/streaming-finalsplit/Hidden Figures/segment021.mp4,106526
datasets/streaming-finalsplit/Hidden Figures/segment022.mp4,226945
datasets/streaming-finalsplit/Hidden Figures/segment023.mp4,194821
datasets/streaming-finalsplit/Hidden Figures/segment024.mp4,386944
datasets/streaming-finalsplit/Hidden Figures/segment025.mp4,362346
datasets/streaming-finalsplit/Hidden Figures/segment026.mp4,185818
datasets/streaming-finalsplit/Hidden Figures/segment027.mp4,590710
datasets/streaming-finalsplit/Hidden Figures/segment028.mp4,269664
datasets/streaming-finalsplit/Hidden Figures/segment029.mp4,351554
datasets/streaming-finalsplit/Hidden Figures/这一段视频对应的句子时间戳标注.json,4798
datasets/streaming-finalsplit/House of Cards/House of Cards.emotion.json,8268
datasets/streaming-finalsplit/House of Cards/House of Cards.mp4,19718160
datasets/streaming-finalsplit/House of Cards/segment001.mp4,563379
datasets/streaming-finalsplit/House of Cards/segment002.mp4,310847
datasets/streaming-finalsplit/House of Cards/segment003.mp4,517380
datasets/streaming-finalsplit/House of Cards/segment004.mp4,743375
datasets/streaming-finalsplit/House of Cards/segment005.mp4,509144
datasets/streaming-finalsplit/House of Cards/segment006.mp4,915590
datasets/streaming-finalsplit/House of Cards/segment007.mp4,544140
datasets/streaming-finalsplit/House of Cards/segment008.mp4,826318
datasets/streaming-finalsplit/House of Cards/segment009.mp4,997611
datasets/streaming-finalsplit/House of Cards/segment010.mp4,611736
datasets/streaming-finalsplit/House of Cards/segment011.mp4,677596
datasets/streaming-finalsplit/House of Cards/segment012.mp4,334284
datasets/streaming-finalsplit/House of Cards/segment013.mp4,312982
datasets/streaming-finalsplit/House of Cards/segment014.mp4,443391
datasets/streaming-finalsplit/House of Cards/segment015.mp4,280912
datasets/streaming-finalsplit/House of Cards/segment016.mp4,384631
datasets/streaming-finalsplit/House of Cards/segment017.mp4,217268
datasets/streaming-finalsplit/House of Cards/segment018.mp4,307231
datasets/streaming-finalsplit/House of Cards/segment019.mp4,335085
datasets/streaming-finalsplit/House of Cards/segment020.mp4,234898
datasets/streaming-finalsplit/House of Cards/segment021.mp4,245018
datasets/streaming-finalsplit/House of Cards/segment022.mp4,339111
datasets/streaming-finalsplit/House of Cards/segment023.mp4,227617
datasets/streaming-finalsplit/House of Cards/segment024.mp4,219614
datasets/streaming-finalsplit/House of Cards/segment025.mp4,209650
datasets/streaming-finalsplit/House of Cards/segment026.mp4,279252
datasets/streaming-finalsplit/House of Cards/segment027.mp4,241165
datasets/streaming-finalsplit/House of Cards/segment028.mp4,343684
datasets/streaming-finalsplit/House of Cards/segment029.mp4,182672
datasets/streaming-finalsplit/House of Cards/segment030.mp4,194227
datasets/streaming-finalsplit/House of Cards/segment031.mp4,328159
datasets/streaming-finalsplit/House of Cards/segment032.mp4,185131
datasets/streaming-finalsplit/House of Cards/segment033.mp4,230002
datasets/streaming-finalsplit/House of Cards/segment034.mp4,363434
datasets/streaming-finalsplit/House of Cards/segment035.mp4,279441
datasets/streaming-finalsplit/House of Cards/segment036.mp4,377644
datasets/streaming-finalsplit/House of Cards/segment037.mp4,200563
datasets/streaming-finalsplit/House of Cards/segment038.mp4,282842
datasets/streaming-finalsplit/House of Cards/segment039.mp4,258063
datasets/streaming-finalsplit/House of Cards/segment040.mp4,318456
datasets/streaming-finalsplit/House of Cards/segment041.mp4,315433
datasets/streaming-finalsplit/House of Cards/segment042.mp4,226365
datasets/streaming-finalsplit/House of Cards/segment043.mp4,290109
datasets/streaming-finalsplit/House of Cards/segment044.mp4,196730
datasets/streaming-finalsplit/House of Cards/segment045.mp4,369334
datasets/streaming-finalsplit/House of Cards/segment046.mp4,105767
datasets/streaming-finalsplit/House of Cards/segment047.mp4,98082
datasets/streaming-finalsplit/House of Cards/segment048.mp4,109345
datasets/streaming-finalsplit/House of Cards/segment049.mp4,94466
datasets/streaming-finalsplit/House of Cards/segment050.mp4,121084
datasets/streaming-finalsplit/House of Cards/segment051.mp4,142402
datasets/streaming-finalsplit/House of Cards/segment052.mp4,133689
datasets/streaming-finalsplit/House of Cards/segment053.mp4,134124
datasets/streaming-finalsplit/House of Cards/segment054.mp4,247540
datasets/streaming-finalsplit/House of Cards/segment055.mp4,119370
datasets/streaming-finalsplit/House of Cards/segment056.mp4,195776
datasets/streaming-finalsplit/House of Cards/segment057.mp4,159099
datasets/streaming-finalsplit/House of Cards/segment058.mp4,192922
datasets/streaming-finalsplit/House of Cards/这一段视频对应的句子时间戳标注.json,9259
datasets/streaming-finalsplit/I Am Sam/I Am Sam.emotion.json,7600
datasets/streaming-finalsplit/I Am Sam/I Am Sam.mp4,12691074
datasets/streaming-finalsplit/I Am Sam/segment001.mp4,1597065
datasets/streaming-finalsplit/I Am Sam/segment002.mp4,540996
datasets/streaming-finalsplit/I Am Sam/segment003.mp4,594084
datasets/streaming-finalsplit/I Am Sam/segment004.mp4,420535
datasets/streaming-finalsplit/I Am Sam/segment005.mp4,328560
datasets/streaming-finalsplit/I Am Sam/segment006.mp4,651839
datasets/streaming-finalsplit/I Am Sam/segment007.mp4,308668
datasets/streaming-finalsplit/I Am Sam/segment008.mp4,330600
datasets/streaming-finalsplit/I Am Sam/segment009.mp4,509397
datasets/streaming-finalsplit/I Am Sam/segment010.mp4,337551
datasets/streaming-finalsplit/I Am Sam/segment011.mp4,209325
datasets/streaming-finalsplit/I Am Sam/segment012.mp4,486811
datasets/streaming-finalsplit/I Am Sam/segment013.mp4,583554
datasets/streaming-finalsplit/I Am Sam/segment014.mp4,484411
datasets/streaming-finalsplit/I Am Sam/segment015.mp4,511946
datasets/streaming-finalsplit/I Am Sam/segment016.mp4,227080
datasets/streaming-finalsplit/I Am Sam/segment017.mp4,512414
datasets/streaming-finalsplit/I Am Sam/segment018.mp4,332615
datasets/streaming-finalsplit/I Am Sam/segment019.mp4,725050
datasets/streaming-finalsplit/I Am Sam/segment020.mp4,193723
datasets/streaming-finalsplit/I Am Sam/这一段视频对应的句子时间戳标注.json,3387
datasets/streaming-finalsplit/Independence Day/Independence Day.emotion.json,7341
datasets/streaming-finalsplit/Independence Day/Independence Day.mp4,8543312
datasets/streaming-finalsplit/Independence Day/segment001.mp4,580838
datasets/streaming-finalsplit/Independence Day/segment002.mp4,435442
datasets/streaming-finalsplit/Independence Day/segment003.mp4,522663
datasets/streaming-finalsplit/Independence Day/segment004.mp4,512647
datasets/streaming-finalsplit/Independence Day/segment005.mp4,406624
datasets/streaming-finalsplit/Independence Day/segment006.mp4,385613
datasets/streaming-finalsplit/Independence Day/segment007.mp4,208986
datasets/streaming-finalsplit/Independence Day/segment008.mp4,332686
datasets/streaming-finalsplit/Independence Day/segment009.mp4,156910
datasets/streaming-finalsplit/Independence Day/segment010.mp4,224397
datasets/streaming-finalsplit/Independence Day/segment011.mp4,502437
datasets/streaming-finalsplit/Independence Day/segment012.mp4,387447
datasets/streaming-finalsplit/Independence Day/segment013.mp4,293900
datasets/streaming-finalsplit/Independence Day/segment014.mp4,453228
datasets/streaming-finalsplit/Independence Day/segment015.mp4,257930
datasets/streaming-finalsplit/Independence Day/segment016.mp4,179259
datasets/streaming-finalsplit/Independence Day/segment017.mp4,472930
datasets/streaming-finalsplit/Independence Day/这一段视频对应的句子时间戳标注.json,3102
datasets/streaming-finalsplit/Lincoln/Lincoln.emotion.json,7018
datasets/streaming-finalsplit/Lincoln/Lincoln.mp4,6583075
datasets/streaming-finalsplit/Lincoln/segment001.mp4,648196
datasets/streaming-finalsplit/Lincoln/segment002.mp4,286759
datasets/streaming-finalsplit/Lincoln/segment003.mp4,414283
datasets/streaming-finalsplit/Lincoln/segment004.mp4,262197
datasets/streaming-finalsplit/Lincoln/segment005.mp4,308453
datasets/streaming-finalsplit/Lincoln/segment006.mp4,417367
datasets/streaming-finalsplit/Lincoln/segment007.mp4,305531
datasets/streaming-finalsplit/Lincoln/segment008.mp4,203690
datasets/streaming-finalsplit/Lincoln/segment009.mp4,507499
datasets/streaming-finalsplit/Lincoln/segment010.mp4,153102
datasets/streaming-finalsplit/Lincoln/segment011.mp4,150181
datasets/streaming-finalsplit/Lincoln/segment012.mp4,142514
datasets/streaming-finalsplit/Lincoln/segment013.mp4,129620
datasets/streaming-finalsplit/Lincoln/segment014.mp4,667659
datasets/streaming-finalsplit/Lincoln/segment015.mp4,660262
datasets/streaming-finalsplit/Lincoln/segment016.mp4,266713
datasets/streaming-finalsplit/Lincoln/segment017.mp4,155354
datasets/streaming-finalsplit/Lincoln/这一段视频对应的句子时间戳标注.json,3182
datasets/streaming-finalsplit/Macbeth/Macbeth.emotion.json,5740
datasets/streaming-finalsplit/Macbeth/Macbeth.mp4,5228196
datasets/streaming-finalsplit/Macbeth/segment001.mp4,1624264
datasets/streaming-finalsplit/Macbeth/segment002.mp4,195980
datasets/streaming-finalsplit/Macbeth/segment003.mp4,412384
datasets/streaming-finalsplit/Macbeth/segment004.mp4,195847
datasets/streaming-finalsplit/Macbeth/segment005.mp4,315203
datasets/streaming-finalsplit/Macbeth/segment006.mp4,348230
datasets/streaming-finalsplit/Macbeth/segment007.mp4,145598
datasets/streaming-finalsplit/Macbeth/segment008.mp4,637671
datasets/streaming-finalsplit/Macbeth/segment009.mp4,79586
datasets/streaming-finalsplit/Macbeth/这一段视频对应的句子时间戳标注.json,1802
datasets/streaming-finalsplit/Malcolm X/Malcolm X.emotion.json,9992
datasets/streaming-finalsplit/Malcolm X/Malcolm X.mp4,20531483
datasets/streaming-finalsplit/Malcolm X/Malcolm X.original.mp4,30946326
datasets/streaming-finalsplit/Malcolm X/segment001.mp4,576617
datasets/streaming-finalsplit/Malcolm X/segment002.mp4,828654
datasets/streaming-finalsplit/Malcolm X/segment003.mp4,881641
datasets/streaming-finalsplit/Malcolm X/segment004.mp4,329035
datasets/streaming-finalsplit/Malcolm X/segment005.mp4,830028
datasets/streaming-finalsplit/Malcolm X/segment006.mp4,722426
datasets/streaming-finalsplit/Malcolm X/segment007.mp4,754050
datasets/streaming-finalsplit/Malcolm X/segment008.mp4,681964
datasets/streaming-finalsplit/Malcolm X/segment009.mp4,641015
datasets/streaming-finalsplit/Malcolm X/segment010.mp4,412961
datasets/streaming-finalsplit/Malcolm X/segment011.mp4,615141
datasets/streaming-finalsplit/Malcolm X/segment012.mp4,275519
datasets/streaming-finalsplit/Malcolm X/segment013.mp4,539463
datasets/streaming-finalsplit/Malcolm X/segment014.mp4,663310
datasets/streaming-finalsplit/Malcolm X/segment015.mp4,440269
datasets/streaming-finalsplit/Malcolm X/segment016.mp4,104582
datasets/streaming-finalsplit/Malcolm X/segment017.mp4,358229
datasets/streaming-finalsplit/Malcolm X/segment018.mp4,141279
datasets/streaming-finalsplit/Malcolm X/segment019.mp4,831158
datasets/streaming-finalsplit/Malcolm X/segment020.mp4,298029
datasets/streaming-finalsplit/Malcolm X/segment021.mp4,863239
datasets/streaming-finalsplit/Malcolm X/segment022.mp4,352163
datasets/streaming-finalsplit/Malcolm X/segment023.mp4,991180
datasets/streaming-finalsplit/Malcolm X/segment024.mp4,463370
datasets/streaming-finalsplit/Malcolm X/segment025.mp4,1303698
datasets/streaming-finalsplit/Malcolm X/segment026.mp4,430739
datasets/streaming-finalsplit/Malcolm X/segment027.mp4,201737
datasets/streaming-finalsplit/Malcolm X/segment028.mp4,466701
datasets/streaming-finalsplit/Malcolm X/segment029.mp4,447605
datasets/streaming-finalsplit/Malcolm X/segment030.mp4,598580
datasets/streaming-finalsplit/Malcolm X/segment031.mp4,868965
datasets/streaming-finalsplit/Malcolm X/segment032.mp4,1000807
datasets/streaming-finalsplit/Malcolm X/segment033.mp4,961680
datasets/streaming-finalsplit/Malcolm X/segment034.mp4,989737
datasets/streaming-finalsplit/Malcolm X/segment035.mp4,706518
datasets/streaming-finalsplit/Malcolm X/segment036.mp4,279011
datasets/streaming-finalsplit/Malcolm X/segment037.mp4,466381
datasets/streaming-finalsplit/Malcolm X/segment038.mp4,140488
datasets/streaming-finalsplit/Malcolm X/segment039.mp4,237819
datasets/streaming-finalsplit/Malcolm X/segment040.mp4,207380
datasets/streaming-finalsplit/Malcolm X/这一段视频对应的句子时间戳标注.json,6898
datasets/streaming-finalsplit/Mona Lisa Smile/Mona Lisa Smile.emotion.json,8339
datasets/streaming-finalsplit/Mona Lisa Smile/Mona Lisa Smile.mp4,8730284
datasets/streaming-finalsplit/Mona Lisa Smile/segment001.mp4,146296
datasets/streaming-finalsplit/Mona Lisa Smile/segment002.mp4,171629
datasets/streaming-finalsplit/Mona Lisa Smile/segment003.mp4,375756
datasets/streaming-finalsplit/Mona Lisa Smile/segment004.mp4,100208
datasets/streaming-finalsplit/Mona Lisa Smile/segment005.mp4,109205
datasets/streaming-finalsplit/Mona Lisa Smile/segment006.mp4,111360
datasets/streaming-finalsplit/Mona Lisa Smile/segment007.mp4,127956
datasets/streaming-finalsplit/Mona Lisa Smile/segment008.mp4,69894
datasets/streaming-finalsplit/Mona Lisa Smile/segment009.mp4,163492
datasets/streaming-finalsplit/Mona Lisa Smile/segment010.mp4,154844
datasets/streaming-finalsplit/Mona Lisa Smile/segment011.mp4,181336
datasets/streaming-finalsplit/Mona Lisa Smile/segment012.mp4,119124
datasets/streaming-finalsplit/Mona Lisa Smile/segment013.mp4,65756
datasets/streaming-finalsplit/Mona Lisa Smile/segment014.mp4,121800
datasets/streaming-finalsplit/Mona Lisa Smile/segment015.mp4,82264
datasets/streaming-finalsplit/Mona Lisa Smile/segment016.mp4,238267
datasets/streaming-finalsplit/Mona Lisa Smile/segment017.mp4,213252
datasets/streaming-finalsplit/Mona Lisa Smile/segment018.mp4,146569
datasets/streaming-finalsplit/Mona Lisa Smile/segment019.mp4,133591
datasets/streaming-finalsplit/Mona Lisa Smile/segment020.mp4,178695
datasets/streaming-finalsplit/Mona Lisa Smile/segment021.mp4,141367
datasets/streaming-finalsplit/Mona Lisa Smile/segment022.mp4,266634
datasets/streaming-finalsplit/Mona Lisa Smile/segment023.mp4,56835
datasets/streaming-finalsplit/Mona Lisa Smile/segment024.mp4,283091
datasets/streaming-finalsplit/Mona Lisa Smile/segment025.mp4,212136
datasets/streaming-finalsplit/Mona Lisa Smile/segment026.mp4,106018
datasets/streaming-finalsplit/Mona Lisa Smile/segment027.mp4,78174
datasets/streaming-finalsplit/Mona Lisa Smile/segment028.mp4,244675
datasets/streaming-finalsplit/Mona Lisa Smile/segment029.mp4,117457
datasets/streaming-finalsplit/Mona Lisa Smile/segment030.mp4,99214
datasets/streaming-finalsplit/Mona Lisa Smile/segment031.mp4,241547
datasets/streaming-finalsplit/Mona Lisa Smile/segment032.mp4,156191
datasets/streaming-finalsplit/Mona Lisa Smile/segment033.mp4,201744
datasets/streaming-finalsplit/Mona Lisa Smile/segment034.mp4,111081
datasets/streaming-finalsplit/Mona Lisa Smile/segment035.mp4,129392
datasets/streaming-finalsplit/Mona Lisa Smile/segment036.mp4,97426
datasets/streaming-finalsplit/Mona Lisa Smile/这一段视频对应的句子时间戳标注.json,5447
datasets/streaming-finalsplit/Patch Adams/Patch Adams.emotion.json,11043
datasets/streaming-finalsplit/Patch Adams/Patch Adams.mp4,20672166
datasets/streaming-finalsplit/Patch Adams/Patch Adams.original.mp4,22302715
datasets/streaming-finalsplit/Patch Adams/segment001.mp4,191831
datasets/streaming-finalsplit/Patch Adams/segment002.mp4,378813
datasets/streaming-finalsplit/Patch Adams/segment003.mp4,118194
datasets/streaming-finalsplit/Patch Adams/segment004.mp4,488023
datasets/streaming-finalsplit/Patch Adams/segment005.mp4,118768
datasets/streaming-finalsplit/Patch Adams/segment006.mp4,457095
datasets/streaming-finalsplit/Patch Adams/segment007.mp4,378791
datasets/streaming-finalsplit/Patch Adams/segment008.mp4,153990
datasets/streaming-finalsplit/Patch Adams/segment009.mp4,450359
datasets/streaming-finalsplit/Patch Adams/segment010.mp4,281636
datasets/streaming-finalsplit/Patch Adams/segment011.mp4,568499
datasets/streaming-finalsplit/Patch Adams/segment012.mp4,469903
datasets/streaming-finalsplit/Patch Adams/segment013.mp4,698805
datasets/streaming-finalsplit/Patch Adams/segment014.mp4,285599
datasets/streaming-finalsplit/Patch Adams/segment015.mp4,425680
datasets/streaming-finalsplit/Patch Adams/segment016.mp4,359581
datasets/streaming-finalsplit/Patch Adams/segment017.mp4,367652
datasets/streaming-finalsplit/Patch Adams/segment018.mp4,230483
datasets/streaming-finalsplit/Patch Adams/segment019.mp4,170831
datasets/streaming-finalsplit/Patch Adams/segment020.mp4,174059
datasets/streaming-finalsplit/Patch Adams/segment021.mp4,269742
datasets/streaming-finalsplit/Patch Adams/segment022.mp4,350980
datasets/streaming-finalsplit/Patch Adams/segment023.mp4,175489
datasets/streaming-finalsplit/Patch Adams/segment024.mp4,352069
datasets/streaming-finalsplit/Patch Adams/segment025.mp4,357432
datasets/streaming-finalsplit/Patch Adams/segment026.mp4,152934
datasets/streaming-finalsplit/Patch Adams/segment027.mp4,243932
datasets/streaming-finalsplit/Patch Adams/segment028.mp4,306330
datasets/streaming-finalsplit/Patch Adams/segment029.mp4,234805
datasets/streaming-finalsplit/Patch Adams/segment030.mp4,553244
datasets/streaming-finalsplit/Patch Adams/segment031.mp4,291180
datasets/streaming-finalsplit/Patch Adams/segment032.mp4,515879
datasets/streaming-finalsplit/Patch Adams/segment033.mp4,395187
datasets/streaming-finalsplit/Patch Adams/segment034.mp4,632149
datasets/streaming-finalsplit/Patch Adams/segment035.mp4,298536
datasets/streaming-finalsplit/Patch Adams/segment036.mp4,537698
datasets/streaming-finalsplit/Patch Adams/segment037.mp4,261261
datasets/streaming-finalsplit/Patch Adams/segment038.mp4,289606
datasets/streaming-finalsplit/Patch Adams/segment039.mp4,310693
datasets/streaming-finalsplit/Patch Adams/segment040.mp4,222837
datasets/streaming-finalsplit/Patch Adams/segment041.mp4,95424
datasets/streaming-finalsplit/Patch Adams/segment042.mp4,384302
datasets/streaming-finalsplit/Patch Adams/segment043.mp4,474132
datasets/streaming-finalsplit/Patch Adams/segment044.mp4,379212
datasets/streaming-finalsplit/Patch Adams/segment045.mp4,322089
datasets/streaming-finalsplit/Patch Adams/segment046.mp4,211372
datasets/streaming-finalsplit/Patch Adams/segment047.mp4,439805
datasets/streaming-finalsplit/Patch Adams/segment048.mp4,370854
datasets/streaming-finalsplit/Patch Adams/segment049.mp4,189869
datasets/streaming-finalsplit/Patch Adams/segment050.mp4,148091
datasets/streaming-finalsplit/Patch Adams/segment051.mp4,169168
datasets/streaming-finalsplit/Patch Adams/segment052.mp4,294180
datasets/streaming-finalsplit/Patch Adams/segment053.mp4,179196
datasets/streaming-finalsplit/Patch Adams/segment054.mp4,162063
datasets/streaming-finalsplit/Patch Adams/segment055.mp4,126220
datasets/streaming-finalsplit/Patch Adams/segment056.mp4,312405
datasets/streaming-finalsplit/Patch Adams/segment057.mp4,216539
datasets/streaming-finalsplit/Patch Adams/这一段视频对应的句子时间戳标注.json,11068
datasets/streaming-finalsplit/Richard III/Richard III.emotion.json,6390
datasets/streaming-finalsplit/Richard III/Richard III.mp4,4402323
datasets/streaming-finalsplit/Richard III/segment001.mp4,305128
datasets/streaming-finalsplit/Richard III/segment002.mp4,276786
datasets/streaming-finalsplit/Richard III/segment003.mp4,164622
datasets/streaming-finalsplit/Richard III/segment004.mp4,186172
datasets/streaming-finalsplit/Richard III/segment005.mp4,226746
datasets/streaming-finalsplit/Richard III/segment006.mp4,205236
datasets/streaming-finalsplit/Richard III/segment007.mp4,199751
datasets/streaming-finalsplit/Richard III/segment008.mp4,140993
datasets/streaming-finalsplit/Richard III/segment009.mp4,187152
datasets/streaming-finalsplit/Richard III/segment010.mp4,192364
datasets/streaming-finalsplit/Richard III/segment011.mp4,216821
datasets/streaming-finalsplit/Richard III/segment012.mp4,225674
datasets/streaming-finalsplit/Richard III/segment013.mp4,229080
datasets/streaming-finalsplit/Richard III/segment014.mp4,147192
datasets/streaming-finalsplit/Richard III/segment015.mp4,149869
datasets/streaming-finalsplit/Richard III/segment016.mp4,172306
datasets/streaming-finalsplit/Richard III/segment017.mp4,156558
datasets/streaming-finalsplit/Richard III/segment018.mp4,233905
datasets/streaming-finalsplit/Richard III/这一段视频对应的句子时间戳标注.json,3279
datasets/streaming-finalsplit/Rocky Balboa/Rocky Balboa.emotion.json,9003
datasets/streaming-finalsplit/Rocky Balboa/Rocky Balboa.mp4,17540903
datasets/streaming-finalsplit/Rocky Balboa/segment001.mp4,140679
datasets/streaming-finalsplit/Rocky Balboa/segment002.mp4,318033
datasets/streaming-finalsplit/Rocky Balboa/segment003.mp4,367454
datasets/streaming-finalsplit/Rocky Balboa/segment004.mp4,302041
datasets/streaming-finalsplit/Rocky Balboa/segment005.mp4,477204
datasets/streaming-finalsplit/Rocky Balboa/segment006.mp4,490121
datasets/streaming-finalsplit/Rocky Balboa/segment007.mp4,219873
datasets/streaming-finalsplit/Rocky Balboa/segment008.mp4,281414
datasets/streaming-finalsplit/Rocky Balboa/segment009.mp4,636460
datasets/streaming-finalsplit/Rocky Balboa/segment010.mp4,148418
datasets/streaming-finalsplit/Rocky Balboa/segment011.mp4,403036
datasets/streaming-finalsplit/Rocky Balboa/segment012.mp4,259873
datasets/streaming-finalsplit/Rocky Balboa/segment013.mp4,539410
datasets/streaming-finalsplit/Rocky Balboa/segment014.mp4,608404
datasets/streaming-finalsplit/Rocky Balboa/segment015.mp4,250611
datasets/streaming-finalsplit/Rocky Balboa/segment016.mp4,220649
datasets/streaming-finalsplit/Rocky Balboa/segment017.mp4,441173
datasets/streaming-finalsplit/Rocky Balboa/segment018.mp4,356562
datasets/streaming-finalsplit/Rocky Balboa/segment019.mp4,292858
datasets/streaming-finalsplit/Rocky Balboa/segment020.mp4,596610
datasets/streaming-finalsplit/Rocky Balboa/segment021.mp4,374052
datasets/streaming-finalsplit/Rocky Balboa/segment022.mp4,304846
datasets/streaming-finalsplit/Rocky Balboa/segment023.mp4,584807
datasets/streaming-finalsplit/Rocky Balboa/segment024.mp4,467361
datasets/streaming-finalsplit/Rocky Balboa/segment025.mp4,259664
datasets/streaming-finalsplit/Rocky Balboa/segment026.mp4,575462
datasets/streaming-finalsplit/Rocky Balboa/segment027.mp4,332098
datasets/streaming-finalsplit/Rocky Balboa/segment028.mp4,1081681
datasets/streaming-finalsplit/Rocky Balboa/segment029.mp4,365269
datasets/streaming-finalsplit/Rocky Balboa/segment030.mp4,217829
datasets/streaming-finalsplit/Rocky Balboa/segment031.mp4,343818
datasets/streaming-finalsplit/Rocky Balboa/segment032.mp4,188031
datasets/streaming-finalsplit/Rocky Balboa/segment033.mp4,257053
datasets/streaming-finalsplit/Rocky Balboa/segment034.mp4,252192
datasets/streaming-finalsplit/Rocky Balboa/segment035.mp4,674605
datasets/streaming-finalsplit/Rocky Balboa/segment036.mp4,308888
datasets/streaming-finalsplit/Rocky Balboa/这一段视频对应的句子时间戳标注.json,6467
datasets/streaming-finalsplit/Rudy/Rudy.emotion.json,8132
datasets/streaming-finalsplit/Rudy/Rudy.mp4,9016296
datasets/streaming-finalsplit/Rudy/segment001.mp4,843306
datasets/streaming-finalsplit/Rudy/segment002.mp4,204319
datasets/streaming-finalsplit/Rudy/segment003.mp4,282999
datasets/streaming-finalsplit/Rudy/segment004.mp4,220237
datasets/streaming-finalsplit/Rudy/segment005.mp4,405074
datasets/streaming-finalsplit/Rudy/segment006.mp4,412815
datasets/streaming-finalsplit/Rudy/segment007.mp4,411862
datasets/streaming-finalsplit/Rudy/segment008.mp4,376095
datasets/streaming-finalsplit/Rudy/segment009.mp4,209979
datasets/streaming-finalsplit/Rudy/segment010.mp4,175441
datasets/streaming-finalsplit/Rudy/segment011.mp4,215295
datasets/streaming-finalsplit/Rudy/segment012.mp4,317967
datasets/streaming-finalsplit/Rudy/segment013.mp4,197308
datasets/streaming-finalsplit/Rudy/segment014.mp4,230563
datasets/streaming-finalsplit/Rudy/segment015.mp4,134155
datasets/streaming-finalsplit/Rudy/segment016.mp4,309169
datasets/streaming-finalsplit/Rudy/segment017.mp4,322377
datasets/streaming-finalsplit/Rudy/segment018.mp4,375527
datasets/streaming-finalsplit/Rudy/segment019.mp4,413204
datasets/streaming-finalsplit/Rudy/segment020.mp4,465034
datasets/streaming-finalsplit/Rudy/segment021.mp4,391540
datasets/streaming-finalsplit/Rudy/这一段视频对应的句子时间戳标注.json,3924
datasets/streaming-finalsplit/Spider-Man 2/Spider-Man 2.emotion.json,9353
datasets/streaming-finalsplit/Spider-Man 2/Spider-Man 2.mp4,11140198
datasets/streaming-finalsplit/Spider-Man 2/segment001.mp4,209441
datasets/streaming-finalsplit/Spider-Man 2/segment002.mp4,138897
datasets/streaming-finalsplit/Spider-Man 2/segment003.mp4,557267
datasets/streaming-finalsplit/Spider-Man 2/segment004.mp4,788186
datasets/streaming-finalsplit/Spider-Man 2/segment005.mp4,378543
datasets/streaming-finalsplit/Spider-Man 2/segment006.mp4,829555
datasets/streaming-finalsplit/Spider-Man 2/segment007.mp4,469043
datasets/streaming-finalsplit/Spider-Man 2/segment008.mp4,404459
datasets/streaming-finalsplit/Spider-Man 2/segment009.mp4,503151
datasets/streaming-finalsplit/Spider-Man 2/segment010.mp4,572007
datasets/streaming-finalsplit/Spider-Man 2/segment011.mp4,457164
datasets/streaming-finalsplit/Spider-Man 2/segment012.mp4,329274
datasets/streaming-finalsplit/Spider-Man 2/segment013.mp4,593814
datasets/streaming-finalsplit/Spider-Man 2/segment014.mp4,316363
datasets/streaming-finalsplit/Spider-Man 2/segment015.mp4,281295
datasets/streaming-finalsplit/Spider-Man 2/segment016.mp4,130002
datasets/streaming-finalsplit/Spider-Man 2/segment017.mp4,333668
datasets/streaming-finalsplit/Spider-Man 2/segment018.mp4,372082
datasets/streaming-finalsplit/Spider-Man 2/segment019.mp4,305218
datasets/streaming-finalsplit/Spider-Man 2/segment020.mp4,151835
datasets/streaming-finalsplit/Spider-Man 2/segment021.mp4,720261
datasets/streaming-finalsplit/Spider-Man 2/这一段视频对应的句子时间戳标注.json,3669
datasets/streaming-finalsplit/Steve Jobs/Steve Jobs.emotion.json,6560
datasets/streaming-finalsplit/Steve Jobs/Steve Jobs.mp4,5946858
datasets/streaming-finalsplit/Steve Jobs/segment001.mp4,259836
datasets/streaming-finalsplit/Steve Jobs/segment002.mp4,381829
datasets/streaming-finalsplit/Steve Jobs/segment003.mp4,135967
datasets/streaming-finalsplit/Steve Jobs/segment004.mp4,175342
datasets/streaming-finalsplit/Steve Jobs/segment005.mp4,398451
datasets/streaming-finalsplit/Steve Jobs/segment006.mp4,197049
datasets/streaming-finalsplit/Steve Jobs/segment007.mp4,398181
datasets/streaming-finalsplit/Steve Jobs/segment008.mp4,528358
datasets/streaming-finalsplit/Steve Jobs/segment009.mp4,665790
datasets/streaming-finalsplit/Steve Jobs/segment010.mp4,154653
datasets/streaming-finalsplit/Steve Jobs/segment011.mp4,206269
datasets/streaming-finalsplit/Steve Jobs/segment012.mp4,109893
datasets/streaming-finalsplit/Steve Jobs/segment013.mp4,150401
datasets/streaming-finalsplit/Steve Jobs/segment014.mp4,863215
datasets/streaming-finalsplit/Steve Jobs/这一段视频对应的句子时间戳标注.json,2680
datasets/streaming-finalsplit/The American President/The American President.emotion.json,9352
datasets/streaming-finalsplit/The American President/The American President.mp4,18802469
datasets/streaming-finalsplit/The American President/segment001.mp4,716394
datasets/streaming-finalsplit/The American President/segment002.mp4,286606
datasets/streaming-finalsplit/The American President/segment003.mp4,893673
datasets/streaming-finalsplit/The American President/segment004.mp4,579897
datasets/streaming-finalsplit/The American President/segment005.mp4,222508
datasets/streaming-finalsplit/The American President/segment006.mp4,244875
datasets/streaming-finalsplit/The American President/segment007.mp4,268443
datasets/streaming-finalsplit/The American President/segment008.mp4,122415
datasets/streaming-finalsplit/The American President/segment009.mp4,433368
datasets/streaming-finalsplit/The American President/segment010.mp4,528941
datasets/streaming-finalsplit/The American President/segment011.mp4,221653
datasets/streaming-finalsplit/The American President/segment012.mp4,567691
datasets/streaming-finalsplit/The American President/segment013.mp4,310774
datasets/streaming-finalsplit/The American President/segment014.mp4,706787
datasets/streaming-finalsplit/The American President/segment015.mp4,409116
datasets/streaming-finalsplit/The American President/segment016.mp4,366124
datasets/streaming-finalsplit/The American President/segment017.mp4,283156
datasets/streaming-finalsplit/The American President/segment018.mp4,218441
datasets/streaming-finalsplit/The American President/segment019.mp4,655737
datasets/streaming-finalsplit/The American President/segment020.mp4,185823
datasets/streaming-finalsplit/The American President/segment021.mp4,271255
datasets/streaming-finalsplit/The American President/segment022.mp4,235578
datasets/streaming-finalsplit/The American President/segment023.mp4,304640
datasets/streaming-finalsplit/The American President/segment024.mp4,367735
datasets/streaming-finalsplit/The American President/segment025.mp4,586429
datasets/streaming-finalsplit/The American President/segment026.mp4,313133
datasets/streaming-finalsplit/The American President/segment027.mp4,424987
datasets/streaming-finalsplit/The American President/segment028.mp4,490789
datasets/streaming-finalsplit/The American President/segment029.mp4,223471
datasets/streaming-finalsplit/The American President/segment030.mp4,202102
datasets/streaming-finalsplit/The American President/segment031.mp4,374588
datasets/streaming-finalsplit/The American President/segment032.mp4,403398
datasets/streaming-finalsplit/The American President/segment033.mp4,530251
datasets/streaming-finalsplit/The American President/segment034.mp4,137757
datasets/streaming-finalsplit/The American President/segment035.mp4,108321
datasets/streaming-finalsplit/The American President/segment036.mp4,209790
datasets/streaming-finalsplit/The American President/segment037.mp4,403952
datasets/streaming-finalsplit/The American President/segment038.mp4,213909
datasets/streaming-finalsplit/The American President/segment039.mp4,188377
datasets/streaming-finalsplit/The American President/segment040.mp4,437049
datasets/streaming-finalsplit/The American President/segment041.mp4,435043
datasets/streaming-finalsplit/The American President/segment042.mp4,155594
datasets/streaming-finalsplit/The American President/segment043.mp4,346227
datasets/streaming-finalsplit/The American President/segment044.mp4,337323
datasets/streaming-finalsplit/The American President/segment045.mp4,400811
datasets/streaming-finalsplit/The American President/segment046.mp4,490982
datasets/streaming-finalsplit/The American President/segment047.mp4,650846
datasets/streaming-finalsplit/The American President/这一段视频对应的句子时间戳标注.json,8165
datasets/streaming-finalsplit/The Devil's Advocate/The Devil's Advocate.emotion.json,7975
datasets/streaming-finalsplit/The Devil's Advocate/The Devil's Advocate.mp4,9346332
datasets/streaming-finalsplit/The Devil's Advocate/segment001.mp4,318812
datasets/streaming-finalsplit/The Devil's Advocate/segment002.mp4,138149
datasets/streaming-finalsplit/The Devil's Advocate/segment003.mp4,100168
datasets/streaming-finalsplit/The Devil's Advocate/segment004.mp4,81463
datasets/streaming-finalsplit/The Devil's Advocate/segment005.mp4,214139
datasets/streaming-finalsplit/The Devil's Advocate/segment006.mp4,163099
datasets/streaming-finalsplit/The Devil's Advocate/segment007.mp4,74250
datasets/streaming-finalsplit/The Devil's Advocate/segment008.mp4,493762
datasets/streaming-finalsplit/The Devil's Advocate/segment009.mp4,267841
datasets/streaming-finalsplit/The Devil's Advocate/segment010.mp4,140943
datasets/streaming-finalsplit/The Devil's Advocate/segment011.mp4,202443
datasets/streaming-finalsplit/The Devil's Advocate/segment012.mp4,276688
datasets/streaming-finalsplit/The Devil's Advocate/segment013.mp4,167910
datasets/streaming-finalsplit/The Devil's Advocate/segment014.mp4,314889
datasets/streaming-finalsplit/The Devil's Advocate/segment015.mp4,401940
datasets/streaming-finalsplit/The Devil's Advocate/segment016.mp4,222584
datasets/streaming-finalsplit/The Devil's Advocate/segment017.mp4,198295
datasets/streaming-finalsplit/The Devil's Advocate/segment018.mp4,257487
datasets/streaming-finalsplit/The Devil's Advocate/segment019.mp4,203079
datasets/streaming-finalsplit/The Devil's Advocate/segment020.mp4,253407
datasets/streaming-finalsplit/The Devil's Advocate/segment021.mp4,67497
datasets/streaming-finalsplit/The Devil's Advocate/segment022.mp4,410906
datasets/streaming-finalsplit/The Devil's Advocate/segment023.mp4,358783
datasets/streaming-finalsplit/The Devil's Advocate/segment024.mp4,276480
datasets/streaming-finalsplit/The Devil's Advocate/segment025.mp4,39683
datasets/streaming-finalsplit/The Devil's Advocate/segment026.mp4,213711
datasets/streaming-finalsplit/The Devil's Advocate/segment027.mp4,440867
datasets/streaming-finalsplit/The Devil's Advocate/segment028.mp4,126235
datasets/streaming-finalsplit/The Devil's Advocate/segment029.mp4,200160
datasets/streaming-finalsplit/The Devil's Advocate/segment030.mp4,891873
datasets/streaming-finalsplit/The Devil's Advocate/segment031.mp4,132329
datasets/streaming-finalsplit/The Devil's Advocate/segment032.mp4,135439
datasets/streaming-finalsplit/The Devil's Advocate/segment033.mp4,49863
datasets/streaming-finalsplit/The Devil's Advocate/这一段视频对应的句子时间戳标注.json,5526
datasets/streaming-finalsplit/The Fresh Prince of Bel-Air/The Fresh Prince of Bel-Air.emotion.json,9066
datasets/streaming-finalsplit/The Fresh Prince of Bel-Air/The Fresh Prince of Bel-Air.mp4,16365777
datasets/streaming-finalsplit/The Fresh Prince of Bel-Air/segment001.mp4,135968
datasets/streaming-finalsplit/The Fresh Prince of Bel-Air/segment002.mp4,135743
datasets/streaming-finalsplit/The Fresh Prince of Bel-Air/segment003.mp4,297617
datasets/streaming-finalsplit/The Fresh Prince of Bel-Air/segment004.mp4,526192
datasets/streaming-finalsplit/The Fresh Prince of Bel-Air/segment005.mp4,69636
datasets/streaming-finalsplit/The Fresh Prince of Bel-Air/segment006.mp4,356957
datasets/streaming-finalsplit/The Fresh Prince of Bel-Air/segment007.mp4,314554
datasets/streaming-finalsplit/The Fresh Prince of Bel-Air/segment008.mp4,416850
datasets/streaming-finalsplit/The Fresh Prince of Bel-Air/segment009.mp4,661845
datasets/streaming-finalsplit/The Fresh Prince of Bel-Air/segment010.mp4,157536
datasets/streaming-finalsplit/The Fresh Prince of Bel-Air/segment011.mp4,361439
datasets/streaming-finalsplit/The Fresh Prince of Bel-Air/segment012.mp4,154017
datasets/streaming-finalsplit/The Fresh Prince of Bel-Air/segment013.mp4,365285
datasets/streaming-finalsplit/The Fresh Prince of Bel-Air/segment014.mp4,539207
datasets/streaming-finalsplit/The Fresh Prince of Bel-Air/segment015.mp4,526461
datasets/streaming-finalsplit/The Fresh Prince of Bel-Air/segment016.mp4,272705
datasets/streaming-finalsplit/The Fresh Prince of Bel-Air/segment017.mp4,154039
datasets/streaming-finalsplit/The Fresh Prince of Bel-Air/segment018.mp4,514121
datasets/streaming-finalsplit/The Fresh Prince of Bel-Air/segment019.mp4,409119
datasets/streaming-finalsplit/The Fresh Prince of Bel-Air/segment020.mp4,404580
datasets/streaming-finalsplit/The Fresh Prince of Bel-Air/segment021.mp4,283549
datasets/streaming-finalsplit/The Fresh Prince of Bel-Air/segment022.mp4,196427
datasets/streaming-finalsplit/The Fresh Prince of Bel-Air/segment023.mp4,263702
datasets/streaming-finalsplit/The Fresh Prince of Bel-Air/segment024.mp4,603089
datasets/streaming-finalsplit/The Fresh Prince of Bel-Air/segment025.mp4,307516
datasets/streaming-finalsplit/The Fresh Prince of Bel-Air/segment026.mp4,1740574
datasets/streaming-finalsplit/The Fresh Prince of Bel-Air/segment027.mp4,99109
datasets/streaming-finalsplit/The Fresh Prince of Bel-Air/segment028.mp4,292992
datasets/streaming-finalsplit/The Fresh Prince of Bel-Air/segment029.mp4,412879
datasets/streaming-finalsplit/The Fresh Prince of Bel-Air/segment030.mp4,291191
datasets/streaming-finalsplit/The Fresh Prince of Bel-Air/segment031.mp4,606753
datasets/streaming-finalsplit/The Fresh Prince of Bel-Air/segment032.mp4,412226
datasets/streaming-finalsplit/The Fresh Prince of Bel-Air/segment033.mp4,297844
datasets/streaming-finalsplit/The Fresh Prince of Bel-Air/segment034.mp4,756119
datasets/streaming-finalsplit/The Fresh Prince of Bel-Air/segment035.mp4,320804
datasets/streaming-finalsplit/The Fresh Prince of Bel-Air/这一段视频对应的句子时间戳标注.json,6209
datasets/streaming-finalsplit/The Great Dictator/The Great Dictator.emotion.json,10010
datasets/streaming-finalsplit/The Great Dictator/The Great Dictator.mp4,15141149
datasets/streaming-finalsplit/The Great Dictator/segment001.mp4,303874
datasets/streaming-finalsplit/The Great Dictator/segment002.mp4,109835
datasets/streaming-finalsplit/The Great Dictator/segment003.mp4,170930
datasets/streaming-finalsplit/The Great Dictator/segment004.mp4,198321
datasets/streaming-finalsplit/The Great Dictator/segment005.mp4,201347
datasets/streaming-finalsplit/The Great Dictator/segment006.mp4,107264
datasets/streaming-finalsplit/The Great Dictator/segment007.mp4,104800
datasets/streaming-finalsplit/The Great Dictator/segment008.mp4,246455
datasets/streaming-finalsplit/The Great Dictator/segment009.mp4,174603
datasets/streaming-finalsplit/The Great Dictator/segment010.mp4,240595
datasets/streaming-finalsplit/The Great Dictator/segment011.mp4,215572
datasets/streaming-finalsplit/The Great Dictator/segment012.mp4,188217
datasets/streaming-finalsplit/The Great Dictator/segment013.mp4,135185
datasets/streaming-finalsplit/The Great Dictator/segment014.mp4,173625
datasets/streaming-finalsplit/The Great Dictator/segment015.mp4,169686
datasets/streaming-finalsplit/The Great Dictator/segment016.mp4,188965
datasets/streaming-finalsplit/The Great Dictator/segment017.mp4,251937
datasets/streaming-finalsplit/The Great Dictator/segment018.mp4,194611
datasets/streaming-finalsplit/The Great Dictator/segment019.mp4,285358
datasets/streaming-finalsplit/The Great Dictator/segment020.mp4,194191
datasets/streaming-finalsplit/The Great Dictator/segment021.mp4,211015
datasets/streaming-finalsplit/The Great Dictator/segment022.mp4,279614
datasets/streaming-finalsplit/The Great Dictator/segment023.mp4,278632
datasets/streaming-finalsplit/The Great Dictator/segment024.mp4,188313
datasets/streaming-finalsplit/The Great Dictator/segment025.mp4,215600
datasets/streaming-finalsplit/The Great Dictator/segment026.mp4,217093
datasets/streaming-finalsplit/The Great Dictator/segment027.mp4,313126
datasets/streaming-finalsplit/The Great Dictator/segment028.mp4,353320
datasets/streaming-finalsplit/The Great Dictator/segment029.mp4,532380
datasets/streaming-finalsplit/The Great Dictator/segment030.mp4,402381
datasets/streaming-finalsplit/The Great Dictator/segment031.mp4,242135
datasets/streaming-finalsplit/The Great Dictator/segment032.mp4,250521
datasets/streaming-finalsplit/The Great Dictator/segment033.mp4,262265
datasets/streaming-finalsplit/The Great Dictator/segment034.mp4,263815
datasets/streaming-finalsplit/The Great Dictator/segment035.mp4,275877
datasets/streaming-finalsplit/The Great Dictator/segment036.mp4,240798
datasets/streaming-finalsplit/The Great Dictator/segment037.mp4,319191
datasets/streaming-finalsplit/The Great Dictator/segment038.mp4,209299
datasets/streaming-finalsplit/The Great Dictator/segment039.mp4,435713
datasets/streaming-finalsplit/The Great Dictator/segment040.mp4,237581
datasets/streaming-finalsplit/The Great Dictator/segment041.mp4,335734
datasets/streaming-finalsplit/The Great Dictator/segment042.mp4,348546
datasets/streaming-finalsplit/The Great Dictator/segment043.mp4,198454
datasets/streaming-finalsplit/The Great Dictator/segment044.mp4,232040
datasets/streaming-finalsplit/The Great Dictator/segment045.mp4,131084
datasets/streaming-finalsplit/The Great Dictator/segment046.mp4,292056
datasets/streaming-finalsplit/The Great Dictator/segment047.mp4,305342
datasets/streaming-finalsplit/The Great Dictator/segment048.mp4,447349
datasets/streaming-finalsplit/The Great Dictator/segment049.mp4,390052
datasets/streaming-finalsplit/The Great Dictator/segment050.mp4,285340
datasets/streaming-finalsplit/The Great Dictator/segment051.mp4,340573
datasets/streaming-finalsplit/The Great Dictator/segment052.mp4,229842
datasets/streaming-finalsplit/The Great Dictator/segment053.mp4,337870
datasets/streaming-finalsplit/The Great Dictator/segment054.mp4,398523
datasets/streaming-finalsplit/The Great Dictator/这一段视频对应的句子时间戳标注.json,9952
datasets/streaming-finalsplit/The Imitation Game/The Imitation Game.emotion.json,3870
datasets/streaming-finalsplit/The Imitation Game/The Imitation Game.mp4,1492013
datasets/streaming-finalsplit/The Imitation Game/segment001.mp4,294403
datasets/streaming-finalsplit/The Imitation Game/segment002.mp4,317000
datasets/streaming-finalsplit/The Imitation Game/segment003.mp4,290931
datasets/streaming-finalsplit/The Imitation Game/segment004.mp4,111237
datasets/streaming-finalsplit/The Imitation Game/segment005.mp4,337830
datasets/streaming-finalsplit/The Imitation Game/这一段视频对应的句子时间戳标注.json,1227
datasets/streaming-finalsplit/The Legend of 1900/The Legend of 1900.emotion.json,8789
datasets/streaming-finalsplit/The Legend of 1900/The Legend of 1900.mp4,10973743
datasets/streaming-finalsplit/The Legend of 1900/segment001.mp4,161576
datasets/streaming-finalsplit/The Legend of 1900/segment002.mp4,131491
datasets/streaming-finalsplit/The Legend of 1900/segment003.mp4,121107
datasets/streaming-finalsplit/The Legend of 1900/segment004.mp4,196534
datasets/streaming-finalsplit/The Legend of 1900/segment005.mp4,164150
datasets/streaming-finalsplit/The Legend of 1900/segment006.mp4,121658
datasets/streaming-finalsplit/The Legend of 1900/segment007.mp4,129250
datasets/streaming-finalsplit/The Legend of 1900/segment008.mp4,174132
datasets/streaming-finalsplit/The Legend of 1900/segment009.mp4,133141
datasets/streaming-finalsplit/The Legend of 1900/segment010.mp4,140685
datasets/streaming-finalsplit/The Legend of 1900/segment011.mp4,111042
datasets/streaming-finalsplit/The Legend of 1900/segment012.mp4,101925
datasets/streaming-finalsplit/The Legend of 1900/segment013.mp4,103314
datasets/streaming-finalsplit/The Legend of 1900/segment014.mp4,203447
datasets/streaming-finalsplit/The Legend of 1900/segment015.mp4,161858
datasets/streaming-finalsplit/The Legend of 1900/segment016.mp4,132410
datasets/streaming-finalsplit/The Legend of 1900/segment017.mp4,122618
datasets/streaming-finalsplit/The Legend of 1900/segment018.mp4,124497
datasets/streaming-finalsplit/The Legend of 1900/segment019.mp4,136539
datasets/streaming-finalsplit/The Legend of 1900/segment020.mp4,104804
datasets/streaming-finalsplit/The Legend of 1900/segment021.mp4,95212
datasets/streaming-finalsplit/The Legend of 1900/segment022.mp4,111399
datasets/streaming-finalsplit/The Legend of 1900/segment023.mp4,142088
datasets/streaming-finalsplit/The Legend of 1900/segment024.mp4,156197
datasets/streaming-finalsplit/The Legend of 1900/segment025.mp4,187673
datasets/streaming-finalsplit/The Legend of 1900/segment026.mp4,220314
datasets/streaming-finalsplit/The Legend of 1900/segment027.mp4,166509
datasets/streaming-finalsplit/The Legend of 1900/segment028.mp4,163649
datasets/streaming-finalsplit/The Legend of 1900/segment029.mp4,127763
datasets/streaming-finalsplit/The Legend of 1900/segment030.mp4,188734
datasets/streaming-finalsplit/The Legend of 1900/segment031.mp4,124471
datasets/streaming-finalsplit/The Legend of 1900/segment032.mp4,170847
datasets/streaming-finalsplit/The Legend of 1900/segment033.mp4,93594
datasets/streaming-finalsplit/The Legend of 1900/segment034.mp4,99926
datasets/streaming-finalsplit/The Legend of 1900/segment035.mp4,124863
datasets/streaming-finalsplit/The Legend of 1900/segment036.mp4,82680
datasets/streaming-finalsplit/The Legend of 1900/segment037.mp4,157808
datasets/streaming-finalsplit/The Legend of 1900/segment038.mp4,267864
datasets/streaming-finalsplit/The Legend of 1900/segment039.mp4,94962
datasets/streaming-finalsplit/The Legend of 1900/segment040.mp4,255369
datasets/streaming-finalsplit/The Legend of 1900/segment041.mp4,84810
datasets/streaming-finalsplit/The Legend of 1900/segment042.mp4,90509
datasets/streaming-finalsplit/The Legend of 1900/segment043.mp4,175506
datasets/streaming-finalsplit/The Legend of 1900/segment044.mp4,167374
datasets/streaming-finalsplit/The Legend of 1900/segment045.mp4,131528
datasets/streaming-finalsplit/The Legend of 1900/segment046.mp4,142698
datasets/streaming-finalsplit/The Legend of 1900/segment047.mp4,154740
datasets/streaming-finalsplit/The Legend of 1900/segment048.mp4,216923
datasets/streaming-finalsplit/The Legend of 1900/segment049.mp4,334174
datasets/streaming-finalsplit/The Legend of 1900/segment050.mp4,106559
datasets/streaming-finalsplit/The Legend of 1900/segment051.mp4,175639
datasets/streaming-finalsplit/The Legend of 1900/segment052.mp4,196559
datasets/streaming-finalsplit/The Legend of 1900/segment053.mp4,151530
datasets/streaming-finalsplit/The Legend of 1900/这一段视频对应的句子时间戳标注.json,8238
datasets/streaming-finalsplit/The Merchant of Venice/The Merchant of Venice.emotion.json,7687
datasets/streaming-finalsplit/The Merchant of Venice/The Merchant of Venice.mp4,18331072
datasets/streaming-finalsplit/The Merchant of Venice/segment001.mp4,282836
datasets/streaming-finalsplit/The Merchant of Venice/segment002.mp4,307559
datasets/streaming-finalsplit/The Merchant of Venice/segment003.mp4,172084
datasets/streaming-finalsplit/The Merchant of Venice/segment004.mp4,226549
datasets/streaming-finalsplit/The Merchant of Venice/segment005.mp4,109975
datasets/streaming-finalsplit/The Merchant of Venice/segment006.mp4,227159
datasets/streaming-finalsplit/The Merchant of Venice/segment007.mp4,288517
datasets/streaming-finalsplit/The Merchant of Venice/segment008.mp4,218568
datasets/streaming-finalsplit/The Merchant of Venice/segment009.mp4,339730
datasets/streaming-finalsplit/The Merchant of Venice/segment010.mp4,345043
datasets/streaming-finalsplit/The Merchant of Venice/segment011.mp4,258402
datasets/streaming-finalsplit/The Merchant of Venice/segment012.mp4,233084
datasets/streaming-finalsplit/The Merchant of Venice/segment013.mp4,186701
datasets/streaming-finalsplit/The Merchant of Venice/segment014.mp4,402177
datasets/streaming-finalsplit/The Merchant of Venice/segment015.mp4,203988
datasets/streaming-finalsplit/The Merchant of Venice/segment016.mp4,186293
datasets/streaming-finalsplit/The Merchant of Venice/segment017.mp4,303024
datasets/streaming-finalsplit/The Merchant of Venice/segment018.mp4,133124
datasets/streaming-finalsplit/The Merchant of Venice/segment019.mp4,144260
datasets/streaming-finalsplit/The Merchant of Venice/segment020.mp4,314221
datasets/streaming-finalsplit/The Merchant of Venice/segment021.mp4,135129
datasets/streaming-finalsplit/The Merchant of Venice/segment022.mp4,348083
datasets/streaming-finalsplit/The Merchant of Venice/segment023.mp4,177757
datasets/streaming-finalsplit/The Merchant of Venice/segment024.mp4,158432
datasets/streaming-finalsplit/The Merchant of Venice/segment025.mp4,348322
datasets/streaming-finalsplit/The Merchant of Venice/segment026.mp4,260521
datasets/streaming-finalsplit/The Merchant of Venice/segment027.mp4,293210
datasets/streaming-finalsplit/The Merchant of Venice/segment028.mp4,420255
datasets/streaming-finalsplit/The Merchant of Venice/segment029.mp4,314282
datasets/streaming-finalsplit/The Merchant of Venice/segment030.mp4,373342
datasets/streaming-finalsplit/The Merchant of Venice/segment031.mp4,162116
datasets/streaming-finalsplit/The Merchant of Venice/segment032.mp4,383474
datasets/streaming-finalsplit/The Merchant of Venice/segment033.mp4,226974
datasets/streaming-finalsplit/The Merchant of Venice/segment034.mp4,151993
datasets/streaming-finalsplit/The Merchant of Venice/segment035.mp4,240205
datasets/streaming-finalsplit/The Merchant of Venice/segment036.mp4,247590
datasets/streaming-finalsplit/The Merchant of Venice/segment037.mp4,319133
datasets/streaming-finalsplit/The Merchant of Venice/segment038.mp4,365700
datasets/streaming-finalsplit/The Merchant of Venice/segment039.mp4,404868
datasets/streaming-finalsplit/The Merchant of Venice/segment040.mp4,154978
datasets/streaming-finalsplit/The Merchant of Venice/segment041.mp4,116748
datasets/streaming-finalsplit/The Merchant of Venice/segment042.mp4,422334
datasets/streaming-finalsplit/The Merchant of Venice/segment043.mp4,265483
datasets/streaming-finalsplit/The Merchant of Venice/segment044.mp4,286056
datasets/streaming-finalsplit/The Merchant of Venice/segment045.mp4,130184
datasets/streaming-finalsplit/The Merchant of Venice/segment046.mp4,221409
datasets/streaming-finalsplit/The Merchant of Venice/segment047.mp4,147468
datasets/streaming-finalsplit/The Merchant of Venice/segment048.mp4,207965
datasets/streaming-finalsplit/The Merchant of Venice/segment049.mp4,242494
datasets/streaming-finalsplit/The Merchant of Venice/segment050.mp4,478464
datasets/streaming-finalsplit/The Merchant of Venice/这一段视频对应的句子时间戳标注.json,7571
datasets/streaming-finalsplit/The Newsroom/The Newsroom.emotion.json,8181
datasets/streaming-finalsplit/The Newsroom/The Newsroom.mp4,20646950
datasets/streaming-finalsplit/The Newsroom/The Newsroom.original.mp4,23846938
datasets/streaming-finalsplit/The Newsroom/segment001.mp4,227472
datasets/streaming-finalsplit/The Newsroom/segment002.mp4,138649
datasets/streaming-finalsplit/The Newsroom/segment003.mp4,129725
datasets/streaming-finalsplit/The Newsroom/segment004.mp4,51346
datasets/streaming-finalsplit/The Newsroom/segment005.mp4,189502
datasets/streaming-finalsplit/The Newsroom/segment006.mp4,411628
datasets/streaming-finalsplit/The Newsroom/segment007.mp4,285511
datasets/streaming-finalsplit/The Newsroom/segment008.mp4,238493
datasets/streaming-finalsplit/The Newsroom/segment009.mp4,123459
datasets/streaming-finalsplit/The Newsroom/segment010.mp4,95368
datasets/streaming-finalsplit/The Newsroom/segment011.mp4,220729
datasets/streaming-finalsplit/The Newsroom/segment012.mp4,186884
datasets/streaming-finalsplit/The Newsroom/segment013.mp4,79376
datasets/streaming-finalsplit/The Newsroom/segment014.mp4,419575
datasets/streaming-finalsplit/The Newsroom/segment015.mp4,73738
datasets/streaming-finalsplit/The Newsroom/segment016.mp4,680960
datasets/streaming-finalsplit/The Newsroom/segment017.mp4,276373
datasets/streaming-finalsplit/The Newsroom/segment018.mp4,198719
datasets/streaming-finalsplit/The Newsroom/segment019.mp4,251963
datasets/streaming-finalsplit/The Newsroom/segment020.mp4,909729
datasets/streaming-finalsplit/The Newsroom/segment021.mp4,513985
datasets/streaming-finalsplit/The Newsroom/segment022.mp4,50409
datasets/streaming-finalsplit/The Newsroom/segment023.mp4,215483
datasets/streaming-finalsplit/The Newsroom/segment024.mp4,534315
datasets/streaming-finalsplit/The Newsroom/segment025.mp4,63869
datasets/streaming-finalsplit/The Newsroom/segment026.mp4,439176
datasets/streaming-finalsplit/The Newsroom/segment027.mp4,180367
datasets/streaming-finalsplit/The Newsroom/segment028.mp4,1101716
datasets/streaming-finalsplit/The Newsroom/segment029.mp4,562090
datasets/streaming-finalsplit/The Newsroom/segment030.mp4,225181
datasets/streaming-finalsplit/The Newsroom/segment031.mp4,568107
datasets/streaming-finalsplit/The Newsroom/segment032.mp4,343102
datasets/streaming-finalsplit/The Newsroom/segment033.mp4,416467
datasets/streaming-finalsplit/The Newsroom/segment034.mp4,602679
datasets/streaming-finalsplit/The Newsroom/segment035.mp4,568466
datasets/streaming-finalsplit/The Newsroom/segment036.mp4,613851
datasets/streaming-finalsplit/The Newsroom/segment037.mp4,235998
datasets/streaming-finalsplit/The Newsroom/segment038.mp4,98618
datasets/streaming-finalsplit/The Newsroom/segment039.mp4,107677
datasets/streaming-finalsplit/The Newsroom/segment040.mp4,170061
datasets/streaming-finalsplit/The Newsroom/segment041.mp4,205634
datasets/streaming-finalsplit/The Newsroom/segment042.mp4,377581
datasets/streaming-finalsplit/The Newsroom/segment043.mp4,281823
datasets/streaming-finalsplit/The Newsroom/segment044.mp4,167338
datasets/streaming-finalsplit/The Newsroom/segment045.mp4,230400
datasets/streaming-finalsplit/The Newsroom/segment046.mp4,430965
datasets/streaming-finalsplit/The Newsroom/segment047.mp4,943216
datasets/streaming-finalsplit/The Newsroom/segment048.mp4,776637
datasets/streaming-finalsplit/The Newsroom/segment049.mp4,107138
datasets/streaming-finalsplit/The Newsroom/segment050.mp4,761564
datasets/streaming-finalsplit/The Newsroom/segment051.mp4,238457
datasets/streaming-finalsplit/The Newsroom/segment052.mp4,121077
datasets/streaming-finalsplit/The Newsroom/segment053.mp4,215639
datasets/streaming-finalsplit/The Newsroom/segment054.mp4,483410
datasets/streaming-finalsplit/The Newsroom/segment055.mp4,162500
datasets/streaming-finalsplit/The Newsroom/segment056.mp4,519506
datasets/streaming-finalsplit/The Newsroom/segment057.mp4,223697
datasets/streaming-finalsplit/The Newsroom/segment058.mp4,315144
datasets/streaming-finalsplit/The Newsroom/这一段视频对应的句子时间戳标注.json,10333
datasets/streaming-finalsplit/The Normal Heart/The Normal Heart.emotion.json,7391
datasets/streaming-finalsplit/The Normal Heart/The Normal Heart.mp4,9110459
datasets/streaming-finalsplit/The Normal Heart/segment001.mp4,618085
datasets/streaming-finalsplit/The Normal Heart/segment002.mp4,337226
datasets/streaming-finalsplit/The Normal Heart/segment003.mp4,328764
datasets/streaming-finalsplit/The Normal Heart/segment004.mp4,631366
datasets/streaming-finalsplit/The Normal Heart/segment005.mp4,384028
datasets/streaming-finalsplit/The Normal Heart/segment006.mp4,523559
datasets/streaming-finalsplit/The Normal Heart/segment007.mp4,446274
datasets/streaming-finalsplit/The Normal Heart/segment008.mp4,557398
datasets/streaming-finalsplit/The Normal Heart/segment009.mp4,495602
datasets/streaming-finalsplit/The Normal Heart/segment010.mp4,211153
datasets/streaming-finalsplit/The Normal Heart/segment011.mp4,353659
datasets/streaming-finalsplit/The Normal Heart/segment012.mp4,228578
datasets/streaming-finalsplit/The Normal Heart/segment013.mp4,422177
datasets/streaming-finalsplit/The Normal Heart/segment014.mp4,485484
datasets/streaming-finalsplit/The Normal Heart/segment015.mp4,312938
datasets/streaming-finalsplit/The Normal Heart/segment016.mp4,251782
datasets/streaming-finalsplit/The Normal Heart/segment017.mp4,379003
datasets/streaming-finalsplit/The Normal Heart/segment018.mp4,274328
datasets/streaming-finalsplit/The Normal Heart/segment019.mp4,358802
datasets/streaming-finalsplit/The Normal Heart/segment020.mp4,168189
datasets/streaming-finalsplit/The Normal Heart/segment021.mp4,261569
datasets/streaming-finalsplit/The Normal Heart/segment022.mp4,147860
datasets/streaming-finalsplit/The Normal Heart/segment023.mp4,94708
datasets/streaming-finalsplit/The Normal Heart/segment024.mp4,333506
datasets/streaming-finalsplit/The Normal Heart/这一段视频对应的句子时间戳标注.json,4410
datasets/streaming-finalsplit/The Shawshank Redemption/The Shawshank Redemption.emotion.json,7265
datasets/streaming-finalsplit/The Shawshank Redemption/The Shawshank Redemption.mp4,6337053
datasets/streaming-finalsplit/The Shawshank Redemption/segment001.mp4,72796
datasets/streaming-finalsplit/The Shawshank Redemption/segment002.mp4,92871
datasets/streaming-finalsplit/The Shawshank Redemption/segment003.mp4,172820
datasets/streaming-finalsplit/The Shawshank Redemption/segment004.mp4,231796
datasets/streaming-finalsplit/The Shawshank Redemption/segment005.mp4,122230
datasets/streaming-finalsplit/The Shawshank Redemption/segment006.mp4,111181
datasets/streaming-finalsplit/The Shawshank Redemption/segment007.mp4,88300
datasets/streaming-finalsplit/The Shawshank Redemption/segment008.mp4,347483
datasets/streaming-finalsplit/The Shawshank Redemption/segment009.mp4,105098
datasets/streaming-finalsplit/The Shawshank Redemption/segment010.mp4,120179
datasets/streaming-finalsplit/The Shawshank Redemption/segment011.mp4,52239
datasets/streaming-finalsplit/The Shawshank Redemption/segment012.mp4,161734
datasets/streaming-finalsplit/The Shawshank Redemption/segment013.mp4,208928
datasets/streaming-finalsplit/The Shawshank Redemption/segment014.mp4,157246
datasets/streaming-finalsplit/The Shawshank Redemption/segment015.mp4,338916
datasets/streaming-finalsplit/The Shawshank Redemption/segment016.mp4,92389
datasets/streaming-finalsplit/The Shawshank Redemption/segment017.mp4,148545
datasets/streaming-finalsplit/The Shawshank Redemption/segment018.mp4,98870
datasets/streaming-finalsplit/The Shawshank Redemption/segment019.mp4,79268
datasets/streaming-finalsplit/The Shawshank Redemption/segment020.mp4,152492
datasets/streaming-finalsplit/The Shawshank Redemption/segment021.mp4,178680
datasets/streaming-finalsplit/The Shawshank Redemption/segment022.mp4,97549
datasets/streaming-finalsplit/The Shawshank Redemption/segment023.mp4,64848
datasets/streaming-finalsplit/The Shawshank Redemption/segment024.mp4,106443
datasets/streaming-finalsplit/The Shawshank Redemption/segment025.mp4,310859
datasets/streaming-finalsplit/The Shawshank Redemption/segment026.mp4,260345
datasets/streaming-finalsplit/The Shawshank Redemption/这一段视频对应的句子时间戳标注.json,4562
datasets/streaming-finalsplit/中文_带句子.json,59144
datasets/streaming-finalsplit/堂吉诃德/segment001.mp4,469919
datasets/streaming-finalsplit/堂吉诃德/segment002.mp4,656446
datasets/streaming-finalsplit/堂吉诃德/segment003.mp4,750507
datasets/streaming-finalsplit/堂吉诃德/segment004.mp4,451872
datasets/streaming-finalsplit/堂吉诃德/segment005.mp4,798169
datasets/streaming-finalsplit/堂吉诃德/segment006.mp4,1143114
datasets/streaming-finalsplit/堂吉诃德/segment007.mp4,646230
datasets/streaming-finalsplit/堂吉诃德/segment008.mp4,612588
datasets/streaming-finalsplit/堂吉诃德/segment009.mp4,381421
datasets/streaming-finalsplit/堂吉诃德/堂吉诃德.emotion.json,10350
datasets/streaming-finalsplit/堂吉诃德/堂吉诃德.mp4,6364823
datasets/streaming-finalsplit/堂吉诃德/这一段视频对应的句子时间戳标注.json,1898
datasets/streaming-finalsplit/悲伤逆流成河/segment001.mp4,148600
datasets/streaming-finalsplit/悲伤逆流成河/segment002.mp4,456710
datasets/streaming-finalsplit/悲伤逆流成河/segment003.mp4,119217
datasets/streaming-finalsplit/悲伤逆流成河/segment004.mp4,64412
datasets/streaming-finalsplit/悲伤逆流成河/segment005.mp4,196499
datasets/streaming-finalsplit/悲伤逆流成河/segment006.mp4,135354
datasets/streaming-finalsplit/悲伤逆流成河/segment007.mp4,135333
datasets/streaming-finalsplit/悲伤逆流成河/segment008.mp4,100613
datasets/streaming-finalsplit/悲伤逆流成河/segment009.mp4,53506
datasets/streaming-finalsplit/悲伤逆流成河/segment010.mp4,81399
datasets/streaming-finalsplit/悲伤逆流成河/segment011.mp4,128734
datasets/streaming-finalsplit/悲伤逆流成河/segment012.mp4,102347
datasets/streaming-finalsplit/悲伤逆流成河/segment013.mp4,117785
datasets/streaming-finalsplit/悲伤逆流成河/segment014.mp4,185427
datasets/streaming-finalsplit/悲伤逆流成河/segment015.mp4,89185
datasets/streaming-finalsplit/悲伤逆流成河/segment016.mp4,125240
datasets/streaming-finalsplit/悲伤逆流成河/segment017.mp4,105430
datasets/streaming-finalsplit/悲伤逆流成河/segment018.mp4,93014
datasets/streaming-finalsplit/悲伤逆流成河/segment019.mp4,86498
datasets/streaming-finalsplit/悲伤逆流成河/segment020.mp4,98788
datasets/streaming-finalsplit/悲伤逆流成河/segment021.mp4,103474
datasets/streaming-finalsplit/悲伤逆流成河/segment022.mp4,106344
datasets/streaming-finalsplit/悲伤逆流成河/segment023.mp4,184164
datasets/streaming-finalsplit/悲伤逆流成河/segment024.mp4,258246
datasets/streaming-finalsplit/悲伤逆流成河/segment025.mp4,137182
datasets/streaming-finalsplit/悲伤逆流成河/segment026.mp4,136342
datasets/streaming-finalsplit/悲伤逆流成河/segment027.mp4,135746
datasets/streaming-finalsplit/悲伤逆流成河/segment028.mp4,131516
datasets/streaming-finalsplit/悲伤逆流成河/segment029.mp4,201562
datasets/streaming-finalsplit/悲伤逆流成河/segment030.mp4,124448
datasets/streaming-finalsplit/悲伤逆流成河/segment031.mp4,110057
datasets/streaming-finalsplit/悲伤逆流成河/segment032.mp4,95855
datasets/streaming-finalsplit/悲伤逆流成河/segment033.mp4,125340
datasets/streaming-finalsplit/悲伤逆流成河/segment034.mp4,151439
datasets/streaming-finalsplit/悲伤逆流成河/segment035.mp4,149113
datasets/streaming-finalsplit/悲伤逆流成河/segment036.mp4,217914
datasets/streaming-finalsplit/悲伤逆流成河/segment037.mp4,102745
datasets/streaming-finalsplit/悲伤逆流成河/segment038.mp4,75677
datasets/streaming-finalsplit/悲伤逆流成河/segment039.mp4,108646
datasets/streaming-finalsplit/悲伤逆流成河/segment040.mp4,129350
datasets/streaming-finalsplit/悲伤逆流成河/segment041.mp4,118426
datasets/streaming-finalsplit/悲伤逆流成河/segment042.mp4,99157
datasets/streaming-finalsplit/悲伤逆流成河/悲伤逆流成河.emotion.json,9308
datasets/streaming-finalsplit/悲伤逆流成河/悲伤逆流成河.mp4,7667219
datasets/streaming-finalsplit/悲伤逆流成河/这一段视频对应的句子时间戳标注.json,6750
datasets/streaming-finalsplit/李米的猜想/segment001.mp4,1419758
datasets/streaming-finalsplit/李米的猜想/segment002.mp4,387773
datasets/streaming-finalsplit/李米的猜想/segment003.mp4,462497
datasets/streaming-finalsplit/李米的猜想/segment004.mp4,347585
datasets/streaming-finalsplit/李米的猜想/segment005.mp4,506654
datasets/streaming-finalsplit/李米的猜想/segment006.mp4,623345
datasets/streaming-finalsplit/李米的猜想/segment007.mp4,432110
datasets/streaming-finalsplit/李米的猜想/segment008.mp4,394705
datasets/streaming-finalsplit/李米的猜想/segment009.mp4,306437
datasets/streaming-finalsplit/李米的猜想/segment010.mp4,269929
datasets/streaming-finalsplit/李米的猜想/segment011.mp4,1160856
datasets/streaming-finalsplit/李米的猜想/segment012.mp4,435316
datasets/streaming-finalsplit/李米的猜想/segment013.mp4,843895
datasets/streaming-finalsplit/李米的猜想/segment014.mp4,550229
datasets/streaming-finalsplit/李米的猜想/segment015.mp4,481428
datasets/streaming-finalsplit/李米的猜想/segment016.mp4,257885
datasets/streaming-finalsplit/李米的猜想/segment017.mp4,614134
datasets/streaming-finalsplit/李米的猜想/segment018.mp4,608650
datasets/streaming-finalsplit/李米的猜想/segment019.mp4,245732
datasets/streaming-finalsplit/李米的猜想/segment020.mp4,381183
datasets/streaming-finalsplit/李米的猜想/segment021.mp4,282186
datasets/streaming-finalsplit/李米的猜想/segment022.mp4,1013411
datasets/streaming-finalsplit/李米的猜想/李米的猜想.emotion.json,7362
datasets/streaming-finalsplit/李米的猜想/李米的猜想.mp4,20517569
datasets/streaming-finalsplit/李米的猜想/李米的猜想.original.mp4,23475680
datasets/streaming-finalsplit/李米的猜想/这一段视频对应的句子时间戳标注.json,3564
datasets/streaming-finalsplit/楚门的世界/segment001.mp4,342144
datasets/streaming-finalsplit/楚门的世界/segment002.mp4,369058
datasets/streaming-finalsplit/楚门的世界/segment003.mp4,343651
datasets/streaming-finalsplit/楚门的世界/segment004.mp4,361154
datasets/streaming-finalsplit/楚门的世界/segment005.mp4,220223
datasets/streaming-finalsplit/楚门的世界/segment006.mp4,324224
datasets/streaming-finalsplit/楚门的世界/segment007.mp4,120699
datasets/streaming-finalsplit/楚门的世界/segment008.mp4,197660
datasets/streaming-finalsplit/楚门的世界/segment009.mp4,311576
datasets/streaming-finalsplit/楚门的世界/segment010.mp4,31786
datasets/streaming-finalsplit/楚门的世界/segment011.mp4,318424
datasets/streaming-finalsplit/楚门的世界/segment012.mp4,193348
datasets/streaming-finalsplit/楚门的世界/segment013.mp4,138951
datasets/streaming-finalsplit/楚门的世界/segment014.mp4,132901
datasets/streaming-finalsplit/楚门的世界/segment015.mp4,167990
datasets/streaming-finalsplit/楚门的世界/segment016.mp4,177462
datasets/streaming-finalsplit/楚门的世界/segment017.mp4,231054
datasets/streaming-finalsplit/楚门的世界/segment018.mp4,228583
datasets/streaming-finalsplit/楚门的世界/segment019.mp4,125419
datasets/streaming-finalsplit/楚门的世界/segment020.mp4,243098
datasets/streaming-finalsplit/楚门的世界/segment021.mp4,163960
datasets/streaming-finalsplit/楚门的世界/segment022.mp4,262859
datasets/streaming-finalsplit/楚门的世界/segment023.mp4,75472
datasets/streaming-finalsplit/楚门的世界/楚门的世界.emotion.json,7144
datasets/streaming-finalsplit/楚门的世界/楚门的世界.mp4,5807546
datasets/streaming-finalsplit/楚门的世界/这一段视频对应的句子时间戳标注.json,4376
datasets/streaming-finalsplit/狗13/segment001.mp4,202623
datasets/streaming-finalsplit/狗13/segment002.mp4,243320
datasets/streaming-finalsplit/狗13/segment003.mp4,255193
datasets/streaming-finalsplit/狗13/segment004.mp4,172576
datasets/streaming-finalsplit/狗13/segment005.mp4,480493
datasets/streaming-finalsplit/狗13/segment006.mp4,427880
datasets/streaming-finalsplit/狗13/segment007.mp4,446182
datasets/streaming-finalsplit/狗13/segment008.mp4,536452
datasets/streaming-finalsplit/狗13/segment009.mp4,493229
datasets/streaming-finalsplit/狗13/segment010.mp4,264374
datasets/streaming-finalsplit/狗13/segment011.mp4,365454
datasets/streaming-finalsplit/狗13/segment012.mp4,307955
datasets/streaming-finalsplit/狗13/狗13.emotion.json,7163
datasets/streaming-finalsplit/狗13/狗13.mp4,6427763
datasets/streaming-finalsplit/狗13/这一段视频对应的句子时间戳标注.json,2410
datasets/streaming-finalsplit/英文_带句子.json,254442
datasets/streaming-finalsplit/走着瞧/segment001.mp4,80932
datasets/streaming-finalsplit/走着瞧/segment002.mp4,108691
datasets/streaming-finalsplit/走着瞧/segment003.mp4,198285
datasets/streaming-finalsplit/走着瞧/segment004.mp4,113302
datasets/streaming-finalsplit/走着瞧/segment005.mp4,179651
datasets/streaming-finalsplit/走着瞧/segment006.mp4,200036
datasets/streaming-finalsplit/走着瞧/segment007.mp4,173668
datasets/streaming-finalsplit/走着瞧/segment008.mp4,81556
datasets/streaming-finalsplit/走着瞧/segment009.mp4,161871
datasets/streaming-finalsplit/走着瞧/segment010.mp4,81918
datasets/streaming-finalsplit/走着瞧/segment011.mp4,66678
datasets/streaming-finalsplit/走着瞧/segment012.mp4,217887
datasets/streaming-finalsplit/走着瞧/segment013.mp4,114097
datasets/streaming-finalsplit/走着瞧/segment014.mp4,172812
datasets/streaming-finalsplit/走着瞧/segment015.mp4,85751
datasets/streaming-finalsplit/走着瞧/segment016.mp4,114995
datasets/streaming-finalsplit/走着瞧/segment017.mp4,111270
datasets/streaming-finalsplit/走着瞧/segment018.mp4,135893
datasets/streaming-finalsplit/走着瞧/segment019.mp4,111739
datasets/streaming-finalsplit/走着瞧/segment020.mp4,178902
datasets/streaming-finalsplit/走着瞧/segment021.mp4,95540
datasets/streaming-finalsplit/走着瞧/segment022.mp4,201327
datasets/streaming-finalsplit/走着瞧/segment023.mp4,108236
datasets/streaming-finalsplit/走着瞧/segment024.mp4,241326
datasets/streaming-finalsplit/走着瞧/segment025.mp4,92838
datasets/streaming-finalsplit/走着瞧/segment026.mp4,144013
datasets/streaming-finalsplit/走着瞧/segment027.mp4,169805
datasets/streaming-finalsplit/走着瞧/segment028.mp4,94188
datasets/streaming-finalsplit/走着瞧/segment029.mp4,192326
datasets/streaming-finalsplit/走着瞧/segment030.mp4,350802
datasets/streaming-finalsplit/走着瞧/segment031.mp4,227646
datasets/streaming-finalsplit/走着瞧/segment032.mp4,323341
datasets/streaming-finalsplit/走着瞧/segment033.mp4,364935
datasets/streaming-finalsplit/走着瞧/segment034.mp4,195541
datasets/streaming-finalsplit/走着瞧/segment035.mp4,83126
datasets/streaming-finalsplit/走着瞧/segment036.mp4,278590
datasets/streaming-finalsplit/走着瞧/segment037.mp4,99043
datasets/streaming-finalsplit/走着瞧/segment038.mp4,107414
datasets/streaming-finalsplit/走着瞧/segment039.mp4,62298
datasets/streaming-finalsplit/走着瞧/segment040.mp4,227364
datasets/streaming-finalsplit/走着瞧/segment041.mp4,131964
datasets/streaming-finalsplit/走着瞧/segment042.mp4,162590
datasets/streaming-finalsplit/走着瞧/segment043.mp4,74919
datasets/streaming-finalsplit/走着瞧/segment044.mp4,233503
datasets/streaming-finalsplit/走着瞧/segment045.mp4,50226
datasets/streaming-finalsplit/走着瞧/segment046.mp4,210716
datasets/streaming-finalsplit/走着瞧/segment047.mp4,151512
datasets/streaming-finalsplit/走着瞧/segment048.mp4,233287
datasets/streaming-finalsplit/走着瞧/segment049.mp4,199602
datasets/streaming-finalsplit/走着瞧/segment050.mp4,187799
datasets/streaming-finalsplit/走着瞧/segment051.mp4,226234
datasets/streaming-finalsplit/走着瞧/segment052.mp4,152535
datasets/streaming-finalsplit/走着瞧/segment053.mp4,105398
datasets/streaming-finalsplit/走着瞧/segment054.mp4,253646
datasets/streaming-finalsplit/走着瞧/segment055.mp4,284240
datasets/streaming-finalsplit/走着瞧/segment056.mp4,210792
datasets/streaming-finalsplit/走着瞧/segment057.mp4,158595
datasets/streaming-finalsplit/走着瞧/segment058.mp4,87453
datasets/streaming-finalsplit/走着瞧/segment059.mp4,88482
datasets/streaming-finalsplit/走着瞧/segment060.mp4,198798
datasets/streaming-finalsplit/走着瞧/segment061.mp4,124883
datasets/streaming-finalsplit/走着瞧/segment062.mp4,230943
datasets/streaming-finalsplit/走着瞧/segment063.mp4,210246
datasets/streaming-finalsplit/走着瞧/segment064.mp4,223512
datasets/streaming-finalsplit/走着瞧/segment065.mp4,164850
datasets/streaming-finalsplit/走着瞧/segment066.mp4,247823
datasets/streaming-finalsplit/走着瞧/segment067.mp4,182021
datasets/streaming-finalsplit/走着瞧/segment068.mp4,187711
datasets/streaming-finalsplit/走着瞧/segment069.mp4,139461
datasets/streaming-finalsplit/走着瞧/segment070.mp4,163470
datasets/streaming-finalsplit/走着瞧/segment071.mp4,298098
datasets/streaming-finalsplit/走着瞧/segment072.mp4,376901
datasets/streaming-finalsplit/走着瞧/segment073.mp4,427265
datasets/streaming-finalsplit/走着瞧/segment074.mp4,557750
datasets/streaming-finalsplit/走着瞧/segment075.mp4,222206
datasets/streaming-finalsplit/走着瞧/segment076.mp4,413866
datasets/streaming-finalsplit/走着瞧/segment077.mp4,245055
datasets/streaming-finalsplit/走着瞧/segment078.mp4,196944
datasets/streaming-finalsplit/走着瞧/segment079.mp4,144388
datasets/streaming-finalsplit/走着瞧/segment080.mp4,192329
datasets/streaming-finalsplit/走着瞧/segment081.mp4,299995
datasets/streaming-finalsplit/走着瞧/segment082.mp4,99012
datasets/streaming-finalsplit/走着瞧/segment083.mp4,343158
datasets/streaming-finalsplit/走着瞧/segment084.mp4,84233
datasets/streaming-finalsplit/走着瞧/segment085.mp4,108133
datasets/streaming-finalsplit/走着瞧/segment086.mp4,65046
datasets/streaming-finalsplit/走着瞧/segment087.mp4,171936
datasets/streaming-finalsplit/走着瞧/segment088.mp4,151489
datasets/streaming-finalsplit/走着瞧/segment089.mp4,212157
datasets/streaming-finalsplit/走着瞧/走着瞧.emotion.json,14463
datasets/streaming-finalsplit/走着瞧/走着瞧.mp4,20791194
datasets/streaming-finalsplit/走着瞧/走着瞧.original.mp4,26554464
datasets/streaming-finalsplit/走着瞧/这一段视频对应的句子时间戳标注.json,13671
datasets/streaming-finalsplit/黑冰/segment001.mp4,447928
datasets/streaming-finalsplit/黑冰/segment002.mp4,192725
datasets/streaming-finalsplit/黑冰/segment003.mp4,325978
datasets/streaming-finalsplit/黑冰/segment004.mp4,108304
datasets/streaming-finalsplit/黑冰/segment005.mp4,257774
datasets/streaming-finalsplit/黑冰/segment006.mp4,108994
datasets/streaming-finalsplit/黑冰/segment007.mp4,170072
datasets/streaming-finalsplit/黑冰/segment008.mp4,168874
datasets/streaming-finalsplit/黑冰/segment009.mp4,108173
datasets/streaming-finalsplit/黑冰/segment010.mp4,256743
datasets/streaming-finalsplit/黑冰/segment011.mp4,230381
datasets/streaming-finalsplit/黑冰/segment012.mp4,332685
datasets/streaming-finalsplit/黑冰/segment013.mp4,88604
datasets/streaming-finalsplit/黑冰/segment014.mp4,156253
datasets/streaming-finalsplit/黑冰/segment015.mp4,461403
datasets/streaming-finalsplit/黑冰/segment016.mp4,266022
datasets/streaming-finalsplit/黑冰/segment017.mp4,202245
datasets/streaming-finalsplit/黑冰/segment018.mp4,249254
datasets/streaming-finalsplit/黑冰/segment019.mp4,471021
datasets/streaming-finalsplit/黑冰/segment020.mp4,189171
datasets/streaming-finalsplit/黑冰/segment021.mp4,388490
datasets/streaming-finalsplit/黑冰/segment022.mp4,432429
datasets/streaming-finalsplit/黑冰/segment023.mp4,343971
datasets/streaming-finalsplit/黑冰/segment024.mp4,164908
datasets/streaming-finalsplit/黑冰/segment025.mp4,124494
datasets/streaming-finalsplit/黑冰/segment026.mp4,109917
datasets/streaming-finalsplit/黑冰/segment027.mp4,295454
datasets/streaming-finalsplit/黑冰/segment028.mp4,322566
datasets/streaming-finalsplit/黑冰/segment029.mp4,68077
datasets/streaming-finalsplit/黑冰/segment030.mp4,313915
datasets/streaming-finalsplit/黑冰/segment031.mp4,172786
datasets/streaming-finalsplit/黑冰/segment032.mp4,210576
datasets/streaming-finalsplit/黑冰/segment033.mp4,109091
datasets/streaming-finalsplit/黑冰/segment034.mp4,165347
datasets/streaming-finalsplit/黑冰/segment035.mp4,197059
datasets/streaming-finalsplit/黑冰/segment036.mp4,136901
datasets/streaming-finalsplit/黑冰/segment037.mp4,251776
datasets/streaming-finalsplit/黑冰/segment038.mp4,121232
datasets/streaming-finalsplit/黑冰/segment039.mp4,240325
datasets/streaming-finalsplit/黑冰/segment040.mp4,276338
datasets/streaming-finalsplit/黑冰/segment041.mp4,121936
datasets/streaming-finalsplit/黑冰/segment042.mp4,153863
datasets/streaming-finalsplit/黑冰/segment043.mp4,194720
datasets/streaming-finalsplit/黑冰/segment044.mp4,197578
datasets/streaming-finalsplit/黑冰/segment045.mp4,116245
datasets/streaming-finalsplit/黑冰/segment046.mp4,265443
datasets/streaming-finalsplit/黑冰/segment047.mp4,113293
datasets/streaming-finalsplit/黑冰/segment048.mp4,200105
datasets/streaming-finalsplit/黑冰/segment049.mp4,367330
datasets/streaming-finalsplit/黑冰/segment050.mp4,192711
datasets/streaming-finalsplit/黑冰/segment051.mp4,287753
datasets/streaming-finalsplit/黑冰/segment052.mp4,215498
datasets/streaming-finalsplit/黑冰/segment053.mp4,478191
datasets/streaming-finalsplit/黑冰/segment054.mp4,501386
datasets/streaming-finalsplit/黑冰/segment055.mp4,200486
datasets/streaming-finalsplit/黑冰/segment056.mp4,553253
datasets/streaming-finalsplit/黑冰/segment057.mp4,625791
datasets/streaming-finalsplit/黑冰/segment058.mp4,424146
datasets/streaming-finalsplit/黑冰/segment059.mp4,754585
datasets/streaming-finalsplit/黑冰/segment060.mp4,750078
datasets/streaming-finalsplit/黑冰/segment061.mp4,369229
datasets/streaming-finalsplit/黑冰/segment062.mp4,441826
datasets/streaming-finalsplit/黑冰/segment063.mp4,291667
datasets/streaming-finalsplit/黑冰/segment064.mp4,94817
datasets/streaming-finalsplit/黑冰/segment065.mp4,337636
datasets/streaming-finalsplit/黑冰/segment066.mp4,537142
datasets/streaming-finalsplit/黑冰/segment067.mp4,324178
datasets/streaming-finalsplit/黑冰/segment068.mp4,353850
datasets/streaming-finalsplit/黑冰/segment069.mp4,564575
datasets/streaming-finalsplit/黑冰/segment070.mp4,232855
datasets/streaming-finalsplit/黑冰/segment071.mp4,487385
datasets/streaming-finalsplit/黑冰/segment072.mp4,210681
datasets/streaming-finalsplit/黑冰/segment073.mp4,356118
datasets/streaming-finalsplit/黑冰/segment074.mp4,475146
datasets/streaming-finalsplit/黑冰/segment075.mp4,134462
datasets/streaming-finalsplit/黑冰/segment076.mp4,137792
datasets/streaming-finalsplit/黑冰/segment077.mp4,796143
datasets/streaming-finalsplit/黑冰/segment078.mp4,301872
datasets/streaming-finalsplit/黑冰/segment079.mp4,613982
datasets/streaming-finalsplit/黑冰/segment080.mp4,189577
datasets/streaming-finalsplit/黑冰/segment081.mp4,207377
datasets/streaming-finalsplit/黑冰/segment082.mp4,336418
datasets/streaming-finalsplit/黑冰/segment083.mp4,241442
datasets/streaming-finalsplit/黑冰/segment084.mp4,288157
datasets/streaming-finalsplit/黑冰/segment085.mp4,530729
datasets/streaming-finalsplit/黑冰/segment086.mp4,275433
datasets/streaming-finalsplit/黑冰/segment087.mp4,127780
datasets/streaming-finalsplit/黑冰/segment088.mp4,432194
datasets/streaming-finalsplit/黑冰/segment089.mp4,251581
datasets/streaming-finalsplit/黑冰/segment090.mp4,209274
datasets/streaming-finalsplit/黑冰/segment091.mp4,106547
datasets/streaming-finalsplit/黑冰/segment092.mp4,98279
datasets/streaming-finalsplit/黑冰/segment093.mp4,400761
datasets/streaming-finalsplit/黑冰/segment094.mp4,438367
datasets/streaming-finalsplit/黑冰/segment095.mp4,384483
datasets/streaming-finalsplit/黑冰/segment096.mp4,184740
datasets/streaming-finalsplit/黑冰/segment097.mp4,226764
datasets/streaming-finalsplit/黑冰/segment098.mp4,142912
datasets/streaming-finalsplit/黑冰/segment099.mp4,136334
datasets/streaming-finalsplit/黑冰/segment100.mp4,760918
datasets/streaming-finalsplit/黑冰/segment101.mp4,621398
datasets/streaming-finalsplit/黑冰/segment102.mp4,689184
datasets/streaming-finalsplit/黑冰/segment103.mp4,367019
datasets/streaming-finalsplit/黑冰/segment104.mp4,1057497
datasets/streaming-finalsplit/黑冰/segment105.mp4,206209
datasets/streaming-finalsplit/黑冰/segment106.mp4,197064
datasets/streaming-finalsplit/黑冰/segment107.mp4,954123
datasets/streaming-finalsplit/黑冰/segment108.mp4,904500
datasets/streaming-finalsplit/黑冰/segment109.mp4,170926
datasets/streaming-finalsplit/黑冰/segment110.mp4,338596
datasets/streaming-finalsplit/黑冰/segment111.mp4,607008
datasets/streaming-finalsplit/黑冰/segment112.mp4,342545
datasets/streaming-finalsplit/黑冰/segment113.mp4,334251
datasets/streaming-finalsplit/黑冰/segment114.mp4,509497
datasets/streaming-finalsplit/黑冰/segment115.mp4,205954
datasets/streaming-finalsplit/黑冰/segment116.mp4,247609
datasets/streaming-finalsplit/黑冰/segment117.mp4,124943
datasets/streaming-finalsplit/黑冰/segment118.mp4,231743
datasets/streaming-finalsplit/黑冰/segment119.mp4,297011
datasets/streaming-finalsplit/黑冰/segment120.mp4,634623
datasets/streaming-finalsplit/黑冰/segment121.mp4,245263
datasets/streaming-finalsplit/黑冰/segment122.mp4,286336
datasets/streaming-finalsplit/黑冰/segment123.mp4,439138
datasets/streaming-finalsplit/黑冰/segment124.mp4,142884
datasets/streaming-finalsplit/黑冰/segment125.mp4,225010
datasets/streaming-finalsplit/黑冰/segment126.mp4,129153
datasets/streaming-finalsplit/黑冰/segment127.mp4,92217
datasets/streaming-finalsplit/黑冰/segment128.mp4,52212
datasets/streaming-finalsplit/黑冰/segment129.mp4,194154
datasets/streaming-finalsplit/黑冰/segment130.mp4,118035
datasets/streaming-finalsplit/黑冰/segment131.mp4,140742
datasets/streaming-finalsplit/黑冰/segment132.mp4,307465
datasets/streaming-finalsplit/黑冰/segment133.mp4,45407
datasets/streaming-finalsplit/黑冰/segment134.mp4,176798
datasets/streaming-finalsplit/黑冰/segment135.mp4,42685
datasets/streaming-finalsplit/黑冰/segment136.mp4,145384
datasets/streaming-finalsplit/黑冰/segment137.mp4,283372
datasets/streaming-finalsplit/黑冰/segment138.mp4,227200
datasets/streaming-finalsplit/黑冰/segment139.mp4,375174
datasets/streaming-finalsplit/黑冰/segment140.mp4,100406
datasets/streaming-finalsplit/黑冰/segment141.mp4,174858
datasets/streaming-finalsplit/黑冰/segment142.mp4,317288
datasets/streaming-finalsplit/黑冰/这一段视频对应的句子时间戳标注.json,23255
datasets/streaming-finalsplit/黑冰/黑冰.emotion.json,14774
datasets/streaming-finalsplit/黑冰/黑冰.mp4,19490315
datasets/streaming-finalsplit/黑冰/黑冰.original.mp4,68800555
paper/Association_for_Computational_Linguistics__ACL__conference-3.pdf,3542923
